Save Time:,7/14/2026 12:59,,,
,,CH1,CH2,
Frequency:,,?,0.693 Hz,
Period:,,?,1.444 S,
SP:,,1000.000 uS,1000.000 uS,
PK-PK:,,6.400 V,3.920 V,
,,,,
Units:(mV),tiempo,buspos,busneg,out
36,36000.000us,5840,2720,3120
37,37000.000us,5840,2720,3120
38,38000.000us,5920,2800,3120
39,39000.000us,5840,2720,3120
40,40000.000us,5840,2800,3040
41,41000.000us,5840,2720,3120
42,42000.000us,5920,2800,3120
43,43000.000us,5840,2720,3120
44,44000.000us,5840,2800,3040
45,45000.000us,5840,2800,3040
46,46000.000us,5920,2800,3120
47,47000.000us,5760,2720,3040
48,48000.000us,5840,2800,3040
49,49000.000us,5920,2720,3200
50,50000.000us,5920,2800,3120
51,51000.000us,5760,2720,3040
52,52000.000us,5760,2800,2960
53,53000.000us,5840,2800,3040
54,54000.000us,5920,2800,3120
55,55000.000us,5840,2720,3120
56,56000.000us,5840,2800,3040
57,57000.000us,5920,2800,3120
58,58000.000us,6000,2800,3200
59,59000.000us,5840,2720,3120
60,60000.000us,6000,2800,3200
61,61000.000us,5840,2800,3040
62,62000.000us,5920,2800,3120
63,63000.000us,5840,2720,3120
64,64000.000us,5840,2800,3040
65,65000.000us,5840,2800,3040
66,66000.000us,5920,2880,3040
67,67000.000us,5760,2720,3040
68,68000.000us,5840,2720,3120
69,69000.000us,5920,2800,3120
70,70000.000us,5920,2880,3040
71,71000.000us,5760,2720,3040
72,72000.000us,5920,2720,3200
73,73000.000us,5840,2720,3120
74,74000.000us,5920,2800,3120
75,75000.000us,5840,2720,3120
76,76000.000us,5920,2800,3120
77,77000.000us,5840,2800,3040
78,78000.000us,5920,2800,3120
79,79000.000us,5840,2720,3120
80,80000.000us,5920,2800,3120
81,81000.000us,5840,2800,3040
82,82000.000us,5920,2800,3120
83,83000.000us,5840,2720,3120
84,84000.000us,5840,2800,3040
85,85000.000us,5840,2800,3040
86,86000.000us,5920,2800,3120
87,87000.000us,5840,2720,3120
88,88000.000us,5840,2800,3040
89,89000.000us,5920,2800,3120
90,90000.000us,5920,2800,3120
91,91000.000us,5760,2720,3040
92,92000.000us,5840,2800,3040
93,93000.000us,5840,2800,3040
94,94000.000us,5920,2880,3040
95,95000.000us,5840,2720,3120
96,96000.000us,5840,2720,3120
97,97000.000us,5840,2720,3120
98,98000.000us,5920,2800,3120
99,99000.000us,5760,2720,3040
100,100000.000us,5920,2800,3120
101,101000.000us,5920,2720,3200
102,102000.000us,5920,2800,3120
103,103000.000us,5840,2720,3120
104,104000.000us,5840,2800,3040
105,105000.000us,5840,2800,3040
106,106000.000us,5920,2800,3120
107,107000.000us,5760,2720,3040
108,108000.000us,5760,2720,3040
109,109000.000us,5840,2800,3040
110,110000.000us,5920,2800,3120
111,111000.000us,5760,2720,3040
112,112000.000us,5840,2720,3120
113,113000.000us,5760,2720,3040
114,114000.000us,5920,2800,3120
115,115000.000us,5760,2720,3040
116,116000.000us,5840,2720,3120
117,117000.000us,5920,2800,3120
118,118000.000us,5920,2800,3120
119,119000.000us,5760,2720,3040
120,120000.000us,5760,2720,3040
121,121000.000us,5840,2800,3040
122,122000.000us,5920,2800,3120
123,123000.000us,5840,2720,3120
124,124000.000us,5840,2800,3040
125,125000.000us,5840,2800,3040
126,126000.000us,5920,2880,3040
127,127000.000us,5760,2720,3040
128,128000.000us,5840,2800,3040
129,129000.000us,5840,2800,3040
130,130000.000us,5920,2800,3120
131,131000.000us,5760,2720,3040
132,132000.000us,5840,2800,3040
133,133000.000us,5840,2800,3040
134,134000.000us,5920,2800,3120
135,135000.000us,5760,2720,3040
136,136000.000us,5760,2800,2960
137,137000.000us,5920,2800,3120
138,138000.000us,5920,2800,3120
139,139000.000us,5840,2720,3120
140,140000.000us,5840,2800,3040
141,141000.000us,5920,2800,3120
142,142000.000us,5920,2880,3040
143,143000.000us,5840,2720,3120
144,144000.000us,5840,2800,3040
145,145000.000us,5840,2800,3040
146,146000.000us,5920,2880,3040
147,147000.000us,5840,2720,3120
148,148000.000us,5840,2800,3040
149,149000.000us,5920,2800,3120
150,150000.000us,5920,2800,3120
151,151000.000us,5840,2720,3120
152,152000.000us,5840,2800,3040
153,153000.000us,5840,2800,3040
154,154000.000us,5920,2800,3120
155,155000.000us,5840,2720,3120
156,156000.000us,5840,2800,3040
157,157000.000us,5840,2800,3040
158,158000.000us,5920,2800,3120
159,159000.000us,5760,2720,3040
160,160000.000us,5840,2720,3120
161,161000.000us,5920,2800,3120
162,162000.000us,5920,2800,3120
163,163000.000us,5760,2720,3040
164,164000.000us,5920,2800,3120
165,165000.000us,5840,2800,3040
166,166000.000us,5920,2800,3120
167,167000.000us,5760,2720,3040
168,168000.000us,5840,2720,3120
169,169000.000us,5840,2720,3120
170,170000.000us,5920,2800,3120
171,171000.000us,5760,2720,3040
172,172000.000us,5920,2800,3120
173,173000.000us,5840,2800,3040
174,174000.000us,5920,2800,3120
175,175000.000us,5840,2720,3120
176,176000.000us,5920,2720,3200
177,177000.000us,5840,2720,3120
178,178000.000us,5920,2800,3120
179,179000.000us,5760,2720,3040
180,180000.000us,5840,2720,3120
181,181000.000us,5920,2800,3120
182,182000.000us,5920,2800,3120
183,183000.000us,5840,2720,3120
184,184000.000us,5840,2720,3120
185,185000.000us,5840,2800,3040
186,186000.000us,5920,2800,3120
187,187000.000us,5840,2720,3120
188,188000.000us,5840,2800,3040
189,189000.000us,5840,2720,3120
190,190000.000us,5920,2880,3040
191,191000.000us,5760,2720,3040
192,192000.000us,5840,2800,3040
193,193000.000us,5840,2800,3040
194,194000.000us,5920,2800,3120
195,195000.000us,5840,2720,3120
196,196000.000us,5840,2720,3120
197,197000.000us,5920,2720,3200
198,198000.000us,5920,2880,3040
199,199000.000us,5760,2720,3040
200,200000.000us,5920,2720,3200
201,201000.000us,5920,2800,3120
202,202000.000us,5920,2800,3120
203,203000.000us,5840,2720,3120
204,204000.000us,5920,2720,3200
205,205000.000us,5920,2800,3120
206,206000.000us,5920,2800,3120
207,207000.000us,5840,2720,3120
208,208000.000us,5840,2800,3040
209,209000.000us,5760,2720,3040
210,210000.000us,5920,2800,3120
211,211000.000us,5760,2720,3040
212,212000.000us,5920,2800,3120
213,213000.000us,5760,2800,2960
214,214000.000us,5920,2800,3120
215,215000.000us,5760,2720,3040
216,216000.000us,5840,2720,3120
217,217000.000us,5840,2800,3040
218,218000.000us,5920,2800,3120
219,219000.000us,5760,2720,3040
220,220000.000us,5920,2800,3120
221,221000.000us,5840,2720,3120
222,222000.000us,5920,2800,3120
223,223000.000us,5840,2720,3120
224,224000.000us,5840,2720,3120
225,225000.000us,5920,2800,3120
226,226000.000us,5920,2800,3120
227,227000.000us,5760,2720,3040
228,228000.000us,5920,2800,3120
229,229000.000us,5840,2800,3040
230,230000.000us,5920,2800,3120
231,231000.000us,5840,2720,3120
232,232000.000us,5840,2800,3040
233,233000.000us,5920,2720,3200
234,234000.000us,5920,2800,3120
235,235000.000us,5760,2720,3040
236,236000.000us,5840,2720,3120
237,237000.000us,5840,2800,3040
238,238000.000us,5920,2800,3120
239,239000.000us,5840,2720,3120
240,240000.000us,5840,2720,3120
241,241000.000us,5920,2800,3120
242,242000.000us,5920,2800,3120
243,243000.000us,5760,2720,3040
244,244000.000us,5840,2720,3120
245,245000.000us,5840,2800,3040
246,246000.000us,5920,2800,3120
247,247000.000us,5760,2720,3040
248,248000.000us,5840,2720,3120
249,249000.000us,5920,2800,3120
250,250000.000us,5920,2800,3120
251,251000.000us,5760,2720,3040
252,252000.000us,5840,2720,3120
253,253000.000us,5920,2800,3120
254,254000.000us,5920,2800,3120
255,255000.000us,5840,2800,3040
256,256000.000us,5920,2800,3120
257,257000.000us,5760,2800,2960
258,258000.000us,5920,2800,3120
259,259000.000us,5760,2720,3040
260,260000.000us,5840,2720,3120
261,261000.000us,5840,2800,3040
262,262000.000us,5920,2800,3120
263,263000.000us,5840,2720,3120
264,264000.000us,5840,2720,3120
265,265000.000us,5840,2800,3040
266,266000.000us,5920,2800,3120
267,267000.000us,5760,2720,3040
268,268000.000us,5840,2800,3040
269,269000.000us,5840,2800,3040
270,270000.000us,5920,2800,3120
271,271000.000us,5840,2720,3120
272,272000.000us,5840,2800,3040
273,273000.000us,5840,2800,3040
274,274000.000us,5920,2800,3120
275,275000.000us,5840,2720,3120
276,276000.000us,5840,2800,3040
277,277000.000us,5840,2800,3040
278,278000.000us,5920,2800,3120
279,279000.000us,5840,2720,3120
280,280000.000us,5920,2800,3120
281,281000.000us,5840,2800,3040
282,282000.000us,5920,2800,3120
283,283000.000us,5760,2720,3040
284,284000.000us,5920,2720,3200
285,285000.000us,5840,2800,3040
286,286000.000us,5920,2800,3120
287,287000.000us,5760,2720,3040
288,288000.000us,5840,2800,3040
289,289000.000us,5920,2800,3120
290,290000.000us,5920,2800,3120
291,291000.000us,5840,2720,3120
292,292000.000us,5840,2720,3120
293,293000.000us,5840,2800,3040
294,294000.000us,5920,2880,3040
295,295000.000us,5840,2720,3120
296,296000.000us,5840,2880,2960
297,297000.000us,5920,2800,3120
298,298000.000us,5920,2800,3120
299,299000.000us,5840,2720,3120
300,300000.000us,5840,2720,3120
301,301000.000us,5920,2800,3120
302,302000.000us,5920,2800,3120
303,303000.000us,5760,2720,3040
304,304000.000us,5840,2800,3040
305,305000.000us,5840,2800,3040
306,306000.000us,5920,2800,3120
307,307000.000us,5760,2720,3040
308,308000.000us,5840,2720,3120
309,309000.000us,5840,2800,3040
310,310000.000us,5920,2800,3120
311,311000.000us,5840,2720,3120
312,312000.000us,5920,2800,3120
313,313000.000us,5840,2720,3120
314,314000.000us,5920,2800,3120
315,315000.000us,5840,2720,3120
316,316000.000us,5920,2720,3200
317,317000.000us,5760,2720,3040
318,318000.000us,5920,2800,3120
319,319000.000us,5760,2720,3040
320,320000.000us,5840,2800,3040
321,321000.000us,5840,2800,3040
322,322000.000us,5920,2800,3120
323,323000.000us,5840,2720,3120
324,324000.000us,5840,2720,3120
325,325000.000us,5840,2720,3120
326,326000.000us,5920,2800,3120
327,327000.000us,5760,2720,3040
328,328000.000us,5920,2800,3120
329,329000.000us,5840,2800,3040
330,330000.000us,5920,2800,3120
331,331000.000us,5760,2720,3040
332,332000.000us,5840,2800,3040
333,333000.000us,5920,2800,3120
334,334000.000us,5920,2800,3120
335,335000.000us,5840,2720,3120
336,336000.000us,5920,2800,3120
337,337000.000us,5840,2720,3120
338,338000.000us,5920,2800,3120
339,339000.000us,5760,2720,3040
340,340000.000us,5840,2800,3040
341,341000.000us,5760,2720,3040
342,342000.000us,5920,2880,3040
343,343000.000us,5760,2720,3040
344,344000.000us,5920,2800,3120
345,345000.000us,5840,2800,3040
346,346000.000us,5920,2800,3120
347,347000.000us,5760,2720,3040
348,348000.000us,5920,2720,3200
349,349000.000us,5840,2800,3040
350,350000.000us,5920,2880,3040
351,351000.000us,5840,2720,3120
352,352000.000us,5840,2720,3120
353,353000.000us,5840,2720,3120
354,354000.000us,5840,2800,3040
355,355000.000us,5760,2720,3040
356,356000.000us,5840,2800,3040
357,357000.000us,5920,2800,3120
358,358000.000us,5920,2800,3120
359,359000.000us,5760,2720,3040
360,360000.000us,5840,2800,3040
361,361000.000us,5840,2800,3040
362,362000.000us,5920,2800,3120
363,363000.000us,5840,2720,3120
364,364000.000us,5920,2800,3120
365,365000.000us,5920,2800,3120
366,366000.000us,5920,2800,3120
367,367000.000us,5760,2720,3040
368,368000.000us,5920,2720,3200
369,369000.000us,5920,2800,3120
370,370000.000us,5920,2800,3120
371,371000.000us,5840,2720,3120
372,372000.000us,5840,2800,3040
373,373000.000us,5840,2800,3040
374,374000.000us,5920,2880,3040
375,375000.000us,5760,2720,3040
376,376000.000us,5920,2800,3120
377,377000.000us,5840,2800,3040
378,378000.000us,5920,2800,3120
379,379000.000us,5840,2720,3120
380,380000.000us,5920,2800,3120
381,381000.000us,5760,2720,3040
382,382000.000us,5920,2800,3120
383,383000.000us,5760,2640,3120
384,384000.000us,5840,2720,3120
385,385000.000us,5840,2800,3040
386,386000.000us,5920,2800,3120
387,387000.000us,5760,2720,3040
388,388000.000us,5840,2800,3040
389,389000.000us,5840,2800,3040
390,390000.000us,5920,2800,3120
391,391000.000us,5840,2640,3200
392,392000.000us,5840,2800,3040
393,393000.000us,5920,2800,3120
394,394000.000us,5920,2800,3120
395,395000.000us,5760,2720,3040
396,396000.000us,5760,2800,2960
397,397000.000us,5840,2800,3040
398,398000.000us,5920,2800,3120
399,399000.000us,5760,2640,3120
400,400000.000us,5760,2720,3040
401,401000.000us,5840,2800,3040
402,402000.000us,5920,2800,3120
403,403000.000us,5840,2720,3120
404,404000.000us,5920,2800,3120
405,405000.000us,5840,2800,3040
406,406000.000us,5920,2800,3120
407,407000.000us,5840,2720,3120
408,408000.000us,5920,2800,3120
409,409000.000us,5920,2800,3120
410,410000.000us,5920,2880,3040
411,411000.000us,5840,2720,3120
412,412000.000us,5840,2720,3120
413,413000.000us,5840,2800,3040
414,414000.000us,5840,2800,3040
415,415000.000us,5840,2720,3120
416,416000.000us,5840,2800,3040
417,417000.000us,5840,2800,3040
418,418000.000us,5920,2800,3120
419,419000.000us,5840,2720,3120
420,420000.000us,5920,2720,3200
421,421000.000us,5840,2800,3040
422,422000.000us,5920,2800,3120
423,423000.000us,5840,2720,3120
424,424000.000us,5840,2720,3120
425,425000.000us,5920,2800,3120
426,426000.000us,5920,2800,3120
427,427000.000us,5760,2720,3040
428,428000.000us,5840,2720,3120
429,429000.000us,5840,2800,3040
430,430000.000us,5920,2880,3040
431,431000.000us,5840,2720,3120
432,432000.000us,5840,2800,3040
433,433000.000us,5920,2800,3120
434,434000.000us,5920,2800,3120
435,435000.000us,5840,2720,3120
436,436000.000us,5920,2800,3120
437,437000.000us,5920,2720,3200
438,438000.000us,5920,2800,3120
439,439000.000us,5760,2720,3040
440,440000.000us,5920,2800,3120
441,441000.000us,5920,2800,3120
442,442000.000us,5920,2800,3120
443,443000.000us,5840,2720,3120
444,444000.000us,5840,2800,3040
445,445000.000us,5840,2720,3120
446,446000.000us,5920,2800,3120
447,447000.000us,5760,2720,3040
448,448000.000us,5920,2720,3200
449,449000.000us,5840,2720,3120
450,450000.000us,5920,2800,3120
451,451000.000us,5760,2720,3040
452,452000.000us,5840,2720,3120
453,453000.000us,5920,2800,3120
454,454000.000us,5920,2800,3120
455,455000.000us,5840,2720,3120
456,456000.000us,5840,2720,3120
457,457000.000us,5840,2800,3040
458,458000.000us,5840,2800,3040
459,459000.000us,5760,2720,3040
460,460000.000us,5840,2720,3120
461,461000.000us,5840,2800,3040
462,462000.000us,5920,2800,3120
463,463000.000us,5760,2720,3040
464,464000.000us,5920,2720,3200
465,465000.000us,5920,2720,3200
466,466000.000us,5920,2800,3120
467,467000.000us,5760,2720,3040
468,468000.000us,5920,2720,3200
469,469000.000us,5920,2800,3120
470,470000.000us,5920,2800,3120
471,471000.000us,5840,2720,3120
472,472000.000us,5840,2800,3040
473,473000.000us,5840,2720,3120
474,474000.000us,5920,2800,3120
475,475000.000us,5840,2720,3120
476,476000.000us,5840,2720,3120
477,477000.000us,5840,2720,3120
478,478000.000us,5920,2800,3120
479,479000.000us,5760,2720,3040
480,480000.000us,5840,2720,3120
481,481000.000us,5840,2800,3040
482,482000.000us,5920,2800,3120
483,483000.000us,5840,2720,3120
484,484000.000us,5920,2800,3120
485,485000.000us,5840,2800,3040
486,486000.000us,5920,2800,3120
487,487000.000us,5840,2720,3120
488,488000.000us,5920,2800,3120
489,489000.000us,5920,2720,3200
490,490000.000us,5920,2880,3040
491,491000.000us,5840,2720,3120
492,492000.000us,5920,2880,3040
493,493000.000us,5920,2800,3120
494,494000.000us,5920,2800,3120
495,495000.000us,5840,2720,3120
496,496000.000us,5840,2800,3040
497,497000.000us,5840,2720,3120
498,498000.000us,6000,2880,3120
499,499000.000us,5840,2640,3200
500,500000.000us,5840,2800,3040
501,501000.000us,5840,2800,3040
502,502000.000us,5920,2800,3120
503,503000.000us,5840,2720,3120
504,504000.000us,5840,2800,3040
505,505000.000us,5840,2800,3040
506,506000.000us,5920,2800,3120
507,507000.000us,5840,2720,3120
508,508000.000us,5920,2800,3120
509,509000.000us,5840,2720,3120
510,510000.000us,5920,2800,3120
511,511000.000us,5760,2720,3040
512,512000.000us,5760,2800,2960
513,513000.000us,5840,2800,3040
514,514000.000us,5920,2800,3120
515,515000.000us,5760,2720,3040
516,516000.000us,5840,2800,3040
517,517000.000us,5920,2800,3120
518,518000.000us,5920,2800,3120
519,519000.000us,5840,2720,3120
520,520000.000us,5840,2800,3040
521,521000.000us,5920,2800,3120
522,522000.000us,5920,2800,3120
523,523000.000us,5760,2720,3040
524,524000.000us,5840,2720,3120
525,525000.000us,5840,2800,3040
526,526000.000us,5920,2800,3120
527,527000.000us,5760,2720,3040
528,528000.000us,5840,2800,3040
529,529000.000us,5840,2720,3120
530,530000.000us,5920,2800,3120
531,531000.000us,5760,2720,3040
532,532000.000us,5840,2800,3040
533,533000.000us,5920,2800,3120
534,534000.000us,5920,2800,3120
535,535000.000us,5760,2720,3040
536,536000.000us,5760,2800,2960
537,537000.000us,5840,2720,3120
538,538000.000us,5920,2800,3120
539,539000.000us,5840,2720,3120
540,540000.000us,5920,2720,3200
541,541000.000us,5840,2800,3040
542,542000.000us,5920,2800,3120
543,543000.000us,5760,2720,3040
544,544000.000us,5760,2720,3040
545,545000.000us,5760,2720,3040
546,546000.000us,5920,2800,3120
547,547000.000us,5760,2720,3040
548,548000.000us,5920,2800,3120
549,549000.000us,5840,2800,3040
550,550000.000us,5920,2880,3040
551,551000.000us,5760,2720,3040
552,552000.000us,5840,2800,3040
553,553000.000us,5920,2800,3120
554,554000.000us,5920,2880,3040
555,555000.000us,5840,2720,3120
556,556000.000us,5920,2800,3120
557,557000.000us,5840,2800,3040
558,558000.000us,5920,2800,3120
559,559000.000us,5760,2720,3040
560,560000.000us,5920,2800,3120
561,561000.000us,5840,2800,3040
562,562000.000us,5920,2880,3040
563,563000.000us,5760,2720,3040
564,564000.000us,5920,2800,3120
565,565000.000us,5840,2800,3040
566,566000.000us,5920,2800,3120
567,567000.000us,5840,2720,3120
568,568000.000us,5840,2720,3120
569,569000.000us,5920,2800,3120
570,570000.000us,5920,2800,3120
571,571000.000us,5840,2720,3120
572,572000.000us,5840,2720,3120
573,573000.000us,5840,2800,3040
574,574000.000us,5920,2800,3120
575,575000.000us,5840,2640,3200
576,576000.000us,5840,2720,3120
577,577000.000us,5920,2800,3120
578,578000.000us,5920,2800,3120
579,579000.000us,5840,2720,3120
580,580000.000us,5840,2720,3120
581,581000.000us,5840,2800,3040
582,582000.000us,5920,2800,3120
583,583000.000us,5840,2720,3120
584,584000.000us,5920,2800,3120
585,585000.000us,5920,2800,3120
586,586000.000us,5920,2800,3120
587,587000.000us,5840,2720,3120
588,588000.000us,5920,2800,3120
589,589000.000us,5840,2800,3040
590,590000.000us,5840,2800,3040
591,591000.000us,5760,2720,3040
592,592000.000us,5840,2800,3040
593,593000.000us,5920,2800,3120
594,594000.000us,5920,2880,3040
595,595000.000us,5840,2720,3120
596,596000.000us,5840,2880,2960
597,597000.000us,5840,2720,3120
598,598000.000us,5920,2800,3120
599,599000.000us,5840,2720,3120
600,600000.000us,5840,2720,3120
601,601000.000us,5840,2720,3120
602,602000.000us,5920,2800,3120
603,603000.000us,5760,2720,3040
604,604000.000us,5840,2800,3040
605,605000.000us,5840,2800,3040
606,606000.000us,5920,2800,3120
607,607000.000us,5760,2640,3120
608,608000.000us,5920,2800,3120
609,609000.000us,5840,2800,3040
610,610000.000us,5920,2800,3120
611,611000.000us,5840,2720,3120
612,612000.000us,5840,2800,3040
613,613000.000us,5840,2800,3040
614,614000.000us,5920,2800,3120
615,615000.000us,5760,2720,3040
616,616000.000us,5840,2800,3040
617,617000.000us,5840,2800,3040
618,618000.000us,5920,2800,3120
619,619000.000us,5840,2720,3120
620,620000.000us,5840,2800,3040
621,621000.000us,5840,2800,3040
622,622000.000us,5920,2800,3120
623,623000.000us,5760,2720,3040
624,624000.000us,5840,2800,3040
625,625000.000us,5760,2720,3040
626,626000.000us,5920,2880,3040
627,627000.000us,5760,2720,3040
628,628000.000us,5840,2720,3120
629,629000.000us,5840,2640,3200
630,630000.000us,5920,2800,3120
631,631000.000us,5760,2640,3120
632,632000.000us,5840,2800,3040
633,633000.000us,5920,2800,3120
634,634000.000us,5920,2800,3120
635,635000.000us,5760,2720,3040
636,636000.000us,5760,2720,3040
637,637000.000us,5840,2720,3120
638,638000.000us,5920,2800,3120
639,639000.000us,5760,2720,3040
640,640000.000us,5840,2720,3120
641,641000.000us,5840,2800,3040
642,642000.000us,5920,2880,3040
643,643000.000us,5840,2720,3120
644,644000.000us,5840,2800,3040
645,645000.000us,5840,2800,3040
646,646000.000us,5920,2800,3120
647,647000.000us,5840,2720,3120
648,648000.000us,5840,2800,3040
649,649000.000us,5840,2800,3040
650,650000.000us,5920,2800,3120
651,651000.000us,5840,2720,3120
652,652000.000us,5840,2720,3120
653,653000.000us,5840,2800,3040
654,654000.000us,5920,2800,3120
655,655000.000us,5760,2720,3040
656,656000.000us,5920,2800,3120
657,657000.000us,5840,3360,2480
658,658000.000us,5920,3360,2560
659,659000.000us,5840,3280,2560
660,660000.000us,5840,3360,2480
661,661000.000us,5920,3360,2560
662,662000.000us,5920,3360,2560
663,663000.000us,5760,3280,2480
664,664000.000us,5840,3360,2480
665,665000.000us,5920,3280,2640
666,666000.000us,6000,3360,2640
667,667000.000us,5840,3280,2560
668,668000.000us,6000,3360,2640
669,669000.000us,5840,3360,2480
670,670000.000us,6000,3360,2640
671,671000.000us,5840,3280,2560
672,672000.000us,6000,3360,2640
673,673000.000us,5840,3360,2480
674,674000.000us,5920,3360,2560
675,675000.000us,5840,3200,2640
676,676000.000us,5920,3360,2560
677,677000.000us,5920,3360,2560
678,678000.000us,5920,3360,2560
679,679000.000us,5840,3280,2560
680,680000.000us,5920,3360,2560
681,681000.000us,5840,3280,2560
682,682000.000us,6000,3360,2640
683,683000.000us,5840,3280,2560
684,684000.000us,5840,3360,2480
685,685000.000us,5840,3280,2560
686,686000.000us,5920,3360,2560
687,687000.000us,5840,3280,2560
688,688000.000us,5920,3360,2560
689,689000.000us,5920,3440,2480
690,690000.000us,5920,3440,2480
691,691000.000us,5840,3280,2560
692,692000.000us,5920,3360,2560
693,693000.000us,5840,3360,2480
694,694000.000us,5920,3360,2560
695,695000.000us,5840,3280,2560
696,696000.000us,5840,3360,2480
697,697000.000us,5920,3360,2560
698,698000.000us,5920,3360,2560
699,699000.000us,5840,3280,2560
700,700000.000us,5920,3360,2560
701,701000.000us,5920,3280,2640
702,702000.000us,5920,3360,2560
703,703000.000us,5840,3280,2560
704,704000.000us,5840,3360,2480
705,705000.000us,5840,3360,2480
706,706000.000us,5920,3360,2560
707,707000.000us,5840,3280,2560
708,708000.000us,5840,3280,2560
709,709000.000us,5920,3280,2640
710,710000.000us,6320,3280,3040
711,711000.000us,5920,80,5840
712,712000.000us,6160,80,6080
713,713000.000us,6240,160,6080
714,714000.000us,6240,160,6080
715,715000.000us,6160,0,6160
716,716000.000us,6240,80,6160
717,717000.000us,6160,80,6080
718,718000.000us,6320,80,6240
719,719000.000us,6160,0,6160
720,720000.000us,6240,80,6160
721,721000.000us,6240,80,6160
722,722000.000us,6320,80,6240
723,723000.000us,6160,80,6080
724,724000.000us,6160,80,6080
725,725000.000us,6240,80,6160
726,726000.000us,6320,160,6160
727,727000.000us,6160,0,6160
728,728000.000us,6240,80,6160
729,729000.000us,6240,80,6160
730,730000.000us,6240,80,6160
731,731000.000us,6160,0,6160
732,732000.000us,6240,80,6160
733,733000.000us,6240,80,6160
734,734000.000us,6320,160,6160
735,735000.000us,6160,0,6160
736,736000.000us,6240,80,6160
737,737000.000us,6240,80,6160
738,738000.000us,6240,80,6160
739,739000.000us,6160,80,6080
740,740000.000us,6240,80,6160
741,741000.000us,6240,80,6160
742,742000.000us,6240,80,6160
743,743000.000us,6240,0,6240
744,744000.000us,6240,80,6160
745,745000.000us,6240,0,6240
746,746000.000us,6240,80,6160
747,747000.000us,6160,0,6160
748,748000.000us,6240,80,6160
749,749000.000us,6240,80,6160
750,750000.000us,6240,80,6160
751,751000.000us,6160,0,6160
752,752000.000us,6240,80,6160
753,753000.000us,6240,160,6080
754,754000.000us,6240,160,6080
755,755000.000us,6160,0,6160
756,756000.000us,6240,80,6160
757,757000.000us,6240,80,6160
758,758000.000us,6320,160,6160
759,759000.000us,6160,0,6160
760,760000.000us,6160,80,6080
761,761000.000us,6240,80,6160
762,762000.000us,6240,80,6160
763,763000.000us,6160,0,6160
764,764000.000us,6240,80,6160
765,765000.000us,6240,80,6160
766,766000.000us,6240,80,6160
767,767000.000us,6160,0,6160
768,768000.000us,6240,80,6160
769,769000.000us,6160,80,6080
770,770000.000us,6240,160,6080
771,771000.000us,6160,0,6160
772,772000.000us,6240,80,6160
773,773000.000us,6240,80,6160
774,774000.000us,6240,160,6080
775,775000.000us,6160,0,6160
776,776000.000us,6160,80,6080
777,777000.000us,6240,80,6160
778,778000.000us,6240,80,6160
779,779000.000us,6240,80,6160
780,780000.000us,6240,80,6160
781,781000.000us,6240,80,6160
782,782000.000us,6240,80,6160
783,783000.000us,6160,80,6080
784,784000.000us,6240,80,6160
785,785000.000us,6240,80,6160
786,786000.000us,6240,80,6160
787,787000.000us,6160,0,6160
788,788000.000us,6240,0,6240
789,789000.000us,6240,0,6240
790,790000.000us,6240,160,6080
791,791000.000us,6160,0,6160
792,792000.000us,6160,80,6080
793,793000.000us,6160,80,6080
794,794000.000us,6320,160,6160
795,795000.000us,6160,80,6080
796,796000.000us,6240,160,6080
797,797000.000us,6240,80,6160
798,798000.000us,6240,160,6080
799,799000.000us,6160,0,6160
800,800000.000us,6240,0,6240
801,801000.000us,6240,80,6160
802,802000.000us,6240,160,6080
803,803000.000us,6160,0,6160
804,804000.000us,6240,80,6160
805,805000.000us,6240,80,6160
806,806000.000us,6240,160,6080
807,807000.000us,6160,80,6080
808,808000.000us,6240,80,6160
809,809000.000us,6240,80,6160
810,810000.000us,6320,80,6240
811,811000.000us,6160,80,6080
812,812000.000us,6160,80,6080
813,813000.000us,6240,80,6160
814,814000.000us,6320,80,6240
815,815000.000us,6240,0,6240
816,816000.000us,6240,80,6160
817,817000.000us,6240,80,6160
818,818000.000us,6320,80,6240
819,819000.000us,6160,0,6160
820,820000.000us,6240,80,6160
821,821000.000us,6240,80,6160
822,822000.000us,6320,160,6160
823,823000.000us,6240,80,6160
824,824000.000us,6240,80,6160
825,825000.000us,6320,80,6240
826,826000.000us,6320,80,6240
827,827000.000us,6160,0,6160
828,828000.000us,6160,0,6160
829,829000.000us,6160,80,6080
830,830000.000us,6320,160,6160
831,831000.000us,6160,0,6160
832,832000.000us,6240,80,6160
833,833000.000us,6240,80,6160
834,834000.000us,6320,160,6160
835,835000.000us,6160,0,6160
836,836000.000us,6320,80,6240
837,837000.000us,6240,80,6160
838,838000.000us,6320,80,6240
839,839000.000us,6160,0,6160
840,840000.000us,6240,80,6160
841,841000.000us,6240,80,6160
842,842000.000us,6240,160,6080
843,843000.000us,6160,0,6160
844,844000.000us,6160,80,6080
845,845000.000us,6240,80,6160
846,846000.000us,6240,80,6160
847,847000.000us,6160,0,6160
848,848000.000us,6160,80,6080
849,849000.000us,6240,80,6160
850,850000.000us,6240,160,6080
851,851000.000us,6160,0,6160
852,852000.000us,6240,80,6160
853,853000.000us,6160,80,6080
854,854000.000us,6240,80,6160
855,855000.000us,6160,80,6080
856,856000.000us,6240,80,6160
857,857000.000us,6240,80,6160
858,858000.000us,6240,80,6160
859,859000.000us,6240,80,6160
860,860000.000us,6240,80,6160
861,861000.000us,6240,80,6160
862,862000.000us,6240,80,6160
863,863000.000us,6160,80,6080
864,864000.000us,6240,80,6160
865,865000.000us,6240,80,6160
866,866000.000us,6240,160,6080
867,867000.000us,6160,0,6160
868,868000.000us,6240,80,6160
869,869000.000us,6240,80,6160
870,870000.000us,6240,80,6160
871,871000.000us,6160,0,6160
872,872000.000us,6240,80,6160
873,873000.000us,6240,80,6160
874,874000.000us,6240,160,6080
875,875000.000us,6160,0,6160
876,876000.000us,6160,80,6080
877,877000.000us,6160,80,6080
878,878000.000us,6240,80,6160
879,879000.000us,6160,-80,6240
880,880000.000us,6160,80,6080
881,881000.000us,6240,80,6160
882,882000.000us,6240,160,6080
883,883000.000us,6240,80,6160
884,884000.000us,6240,80,6160
885,885000.000us,6240,160,6080
886,886000.000us,6240,160,6080
887,887000.000us,6160,0,6160
888,888000.000us,6240,80,6160
889,889000.000us,6160,80,6080
890,890000.000us,6240,160,6080
891,891000.000us,6160,80,6080
892,892000.000us,6240,80,6160
893,893000.000us,6240,0,6240
894,894000.000us,6240,160,6080
895,895000.000us,6160,0,6160
896,896000.000us,6240,80,6160
897,897000.000us,6240,80,6160
898,898000.000us,6240,80,6160
899,899000.000us,6160,80,6080
900,900000.000us,6160,80,6080
901,901000.000us,6160,80,6080
902,902000.000us,6240,80,6160
903,903000.000us,6160,0,6160
904,904000.000us,6240,80,6160
905,905000.000us,6240,80,6160
906,906000.000us,6240,80,6160
907,907000.000us,6240,0,6240
908,908000.000us,6240,0,6240
909,909000.000us,6240,80,6160
910,910000.000us,6240,80,6160
911,911000.000us,6240,80,6160
912,912000.000us,6240,80,6160
913,913000.000us,6240,80,6160
914,914000.000us,6240,80,6160
915,915000.000us,6160,80,6080
916,916000.000us,6240,80,6160
917,917000.000us,6240,160,6080
918,918000.000us,6320,160,6160
919,919000.000us,6160,80,6080
920,920000.000us,6160,80,6080
921,921000.000us,6240,80,6160
922,922000.000us,6240,80,6160
923,923000.000us,6160,0,6160
924,924000.000us,6240,0,6240
925,925000.000us,6240,0,6240
926,926000.000us,6320,80,6240
927,927000.000us,6160,0,6160
928,928000.000us,6240,80,6160
929,929000.000us,6240,80,6160
930,930000.000us,6320,80,6240
931,931000.000us,6160,0,6160
932,932000.000us,6240,80,6160
933,933000.000us,6240,160,6080
934,934000.000us,6240,160,6080
935,935000.000us,6160,0,6160
936,936000.000us,6160,80,6080
937,937000.000us,6240,160,6080
938,938000.000us,6320,160,6160
939,939000.000us,6160,0,6160
940,940000.000us,6240,80,6160
941,941000.000us,6240,80,6160
942,942000.000us,6240,160,6080
943,943000.000us,6160,0,6160
944,944000.000us,6240,80,6160
945,945000.000us,6240,80,6160
946,946000.000us,6240,80,6160
947,947000.000us,6240,0,6240
948,948000.000us,6240,80,6160
949,949000.000us,6160,80,6080
950,950000.000us,6240,160,6080
951,951000.000us,6160,0,6160
952,952000.000us,6240,80,6160
953,953000.000us,6240,0,6240
954,954000.000us,6240,160,6080
955,955000.000us,6240,0,6240
956,956000.000us,6240,80,6160
957,957000.000us,6240,160,6080
958,958000.000us,6240,160,6080
959,959000.000us,6160,0,6160
960,960000.000us,6240,80,6160
961,961000.000us,6160,80,6080
962,962000.000us,6240,80,6160
963,963000.000us,6160,0,6160
964,964000.000us,6240,80,6160
965,965000.000us,6240,80,6160
966,966000.000us,6320,160,6160
967,967000.000us,6160,0,6160
968,968000.000us,6320,80,6240
969,969000.000us,6320,0,6320
970,970000.000us,6320,80,6240
971,971000.000us,6160,0,6160
972,972000.000us,6240,0,6240
973,973000.000us,6240,80,6160
974,974000.000us,6240,80,6160
975,975000.000us,6160,80,6080
976,976000.000us,6240,80,6160
977,977000.000us,6240,160,6080
978,978000.000us,6240,160,6080
979,979000.000us,6160,80,6080
980,980000.000us,6240,80,6160
981,981000.000us,6160,80,6080
982,982000.000us,6240,160,6080
983,983000.000us,6160,0,6160
984,984000.000us,6240,80,6160
985,985000.000us,6240,80,6160
986,986000.000us,6240,80,6160
987,987000.000us,6160,80,6080
988,988000.000us,6160,80,6080
989,989000.000us,6240,160,6080
990,990000.000us,6240,160,6080
991,991000.000us,6160,0,6160
992,992000.000us,6240,80,6160
993,993000.000us,6240,80,6160
994,994000.000us,6240,80,6160
995,995000.000us,6240,0,6240
996,996000.000us,6240,80,6160
997,997000.000us,6160,80,6080
998,998000.000us,6240,160,6080
999,999000.000us,6160,0,6160
1000,1000000.000us,6240,80,6160
1001,1001000.000us,6240,80,6160
1002,1002000.000us,6240,160,6080
1003,1003000.000us,6160,0,6160
1004,1004000.000us,6240,160,6080
1005,1005000.000us,6240,80,6160
1006,1006000.000us,6320,80,6240
1007,1007000.000us,6240,0,6240
1008,1008000.000us,6240,80,6160
1009,1009000.000us,6240,80,6160
1010,1010000.000us,6320,80,6240
1011,1011000.000us,6160,0,6160
1012,1012000.000us,6240,80,6160
1013,1013000.000us,6160,80,6080
1014,1014000.000us,6240,160,6080
1015,1015000.000us,6160,0,6160
1016,1016000.000us,6240,80,6160
1017,1017000.000us,6240,80,6160
1018,1018000.000us,6240,80,6160
1019,1019000.000us,6240,80,6160
1020,1020000.000us,6240,80,6160
1021,1021000.000us,6240,80,6160
1022,1022000.000us,6320,80,6240
1023,1023000.000us,6160,0,6160
1024,1024000.000us,6240,80,6160
1025,1025000.000us,6240,80,6160
1026,1026000.000us,6320,160,6160
1027,1027000.000us,6240,0,6240
1028,1028000.000us,6240,80,6160
1029,1029000.000us,6240,80,6160
1030,1030000.000us,6320,80,6240
1031,1031000.000us,6160,0,6160
1032,1032000.000us,6240,80,6160
1033,1033000.000us,6240,0,6240
1034,1034000.000us,6240,80,6160
1035,1035000.000us,6160,0,6160
1036,1036000.000us,6240,0,6240
1037,1037000.000us,6240,80,6160
1038,1038000.000us,6320,160,6160
1039,1039000.000us,6240,0,6240
1040,1040000.000us,6240,80,6160
1041,1041000.000us,6240,80,6160
1042,1042000.000us,6240,80,6160
1043,1043000.000us,6080,0,6080
1044,1044000.000us,6160,80,6080
1045,1045000.000us,6240,80,6160
1046,1046000.000us,6240,160,6080
1047,1047000.000us,6160,80,6080
1048,1048000.000us,6240,160,6080
1049,1049000.000us,6240,80,6160
1050,1050000.000us,6320,80,6240
1051,1051000.000us,6160,0,6160
1052,1052000.000us,6240,0,6240
1053,1053000.000us,6240,80,6160
1054,1054000.000us,6240,80,6160
1055,1055000.000us,6160,0,6160
1056,1056000.000us,6240,80,6160
1057,1057000.000us,6240,80,6160
1058,1058000.000us,6240,160,6080
1059,1059000.000us,6160,80,6080
1060,1060000.000us,6240,80,6160
1061,1061000.000us,6240,160,6080
1062,1062000.000us,6240,160,6080
1063,1063000.000us,6160,0,6160
1064,1064000.000us,6240,80,6160
1065,1065000.000us,6240,80,6160
1066,1066000.000us,6240,160,6080
1067,1067000.000us,6160,80,6080
1068,1068000.000us,6240,160,6080
1069,1069000.000us,6240,80,6160
1070,1070000.000us,6240,80,6160
1071,1071000.000us,6160,0,6160
1072,1072000.000us,6240,80,6160
1073,1073000.000us,6240,80,6160
1074,1074000.000us,6320,80,6240
1075,1075000.000us,6240,0,6240
1076,1076000.000us,6240,80,6160
1077,1077000.000us,6240,80,6160
1078,1078000.000us,6240,80,6160
1079,1079000.000us,6160,0,6160
1080,1080000.000us,6240,80,6160
1081,1081000.000us,6240,80,6160
1082,1082000.000us,6320,80,6240
1083,1083000.000us,6160,0,6160
1084,1084000.000us,6240,80,6160
1085,1085000.000us,6240,80,6160
1086,1086000.000us,6320,80,6240
1087,1087000.000us,6160,80,6080
1088,1088000.000us,6240,80,6160
1089,1089000.000us,6160,80,6080
1090,1090000.000us,6320,80,6240
1091,1091000.000us,6160,0,6160
1092,1092000.000us,6240,80,6160
1093,1093000.000us,6240,80,6160
1094,1094000.000us,6240,160,6080
1095,1095000.000us,6160,0,6160
1096,1096000.000us,6240,80,6160
1097,1097000.000us,6240,80,6160
1098,1098000.000us,6240,160,6080
1099,1099000.000us,6160,80,6080
1100,1100000.000us,6240,160,6080
1101,1101000.000us,6240,80,6160
1102,1102000.000us,6240,160,6080
1103,1103000.000us,6160,0,6160
1104,1104000.000us,6240,80,6160
1105,1105000.000us,6240,80,6160
1106,1106000.000us,6240,160,6080
1107,1107000.000us,6160,0,6160
1108,1108000.000us,6240,160,6080
1109,1109000.000us,6240,80,6160
1110,1110000.000us,6240,80,6160
1111,1111000.000us,6160,0,6160
1112,1112000.000us,6240,80,6160
1113,1113000.000us,6240,80,6160
1114,1114000.000us,6240,160,6080
1115,1115000.000us,6160,0,6160
1116,1116000.000us,6240,80,6160
1117,1117000.000us,6160,0,6160
1118,1118000.000us,6320,80,6240
1119,1119000.000us,6160,0,6160
1120,1120000.000us,6240,80,6160
1121,1121000.000us,6160,80,6080
1122,1122000.000us,6240,80,6160
1123,1123000.000us,6160,0,6160
1124,1124000.000us,6240,80,6160
1125,1125000.000us,6240,80,6160
1126,1126000.000us,6320,160,6160
1127,1127000.000us,6160,0,6160
1128,1128000.000us,6240,0,6240
1129,1129000.000us,6240,80,6160
1130,1130000.000us,6240,160,6080
1131,1131000.000us,6160,0,6160
1132,1132000.000us,6240,160,6080
1133,1133000.000us,6240,80,6160
1134,1134000.000us,6240,80,6160
1135,1135000.000us,6160,0,6160
1136,1136000.000us,6240,80,6160
1137,1137000.000us,6160,80,6080
1138,1138000.000us,6320,80,6240
1139,1139000.000us,6160,0,6160
1140,1140000.000us,6240,80,6160
1141,1141000.000us,6240,80,6160
1142,1142000.000us,6240,80,6160
1143,1143000.000us,6160,0,6160
1144,1144000.000us,6240,80,6160
1145,1145000.000us,6240,80,6160
1146,1146000.000us,6320,160,6160
1147,1147000.000us,6160,0,6160
1148,1148000.000us,6240,80,6160
1149,1149000.000us,6240,80,6160
1150,1150000.000us,6320,160,6160
1151,1151000.000us,6160,0,6160
1152,1152000.000us,6240,80,6160
1153,1153000.000us,6240,80,6160
1154,1154000.000us,6240,160,6080
1155,1155000.000us,6160,0,6160
1156,1156000.000us,6240,80,6160
1157,1157000.000us,6240,80,6160
1158,1158000.000us,6240,160,6080
1159,1159000.000us,6240,80,6160
1160,1160000.000us,6240,80,6160
1161,1161000.000us,6240,80,6160
1162,1162000.000us,6240,80,6160
1163,1163000.000us,6240,-80,6320
1164,1164000.000us,6240,80,6160
1165,1165000.000us,6320,80,6240
1166,1166000.000us,6320,160,6160
1167,1167000.000us,6080,80,6000
1168,1168000.000us,6240,80,6160
1169,1169000.000us,6240,80,6160
1170,1170000.000us,6240,160,6080
1171,1171000.000us,6160,80,6080
1172,1172000.000us,6240,80,6160
1173,1173000.000us,6240,0,6240
1174,1174000.000us,6240,80,6160
1175,1175000.000us,6160,0,6160
1176,1176000.000us,6240,80,6160
1177,1177000.000us,6240,160,6080
1178,1178000.000us,6240,160,6080
1179,1179000.000us,6160,0,6160
1180,1180000.000us,6240,80,6160
1181,1181000.000us,6240,80,6160
1182,1182000.000us,6240,80,6160
1183,1183000.000us,6240,0,6240
1184,1184000.000us,6240,0,6240
1185,1185000.000us,6240,80,6160
1186,1186000.000us,6320,160,6160
1187,1187000.000us,6160,80,6080
1188,1188000.000us,6160,80,6080
1189,1189000.000us,6160,80,6080
1190,1190000.000us,6240,80,6160
1191,1191000.000us,6160,0,6160
1192,1192000.000us,6240,80,6160
1193,1193000.000us,6240,80,6160
1194,1194000.000us,6240,160,6080
1195,1195000.000us,6160,0,6160
1196,1196000.000us,6240,80,6160
1197,1197000.000us,6240,80,6160
1198,1198000.000us,6240,80,6160
1199,1199000.000us,6240,0,6240
1200,1200000.000us,6240,0,6240
1201,1201000.000us,6240,80,6160
1202,1202000.000us,6240,80,6160
1203,1203000.000us,6160,80,6080
1204,1204000.000us,6240,80,6160
1205,1205000.000us,6240,80,6160
1206,1206000.000us,6320,80,6240
1207,1207000.000us,6160,0,6160
1208,1208000.000us,6240,80,6160
1209,1209000.000us,6240,80,6160
1210,1210000.000us,6240,80,6160
1211,1211000.000us,6160,80,6080
1212,1212000.000us,6240,80,6160
1213,1213000.000us,6240,160,6080
1214,1214000.000us,6240,160,6080
1215,1215000.000us,6160,0,6160
1216,1216000.000us,6240,80,6160
1217,1217000.000us,6240,80,6160
1218,1218000.000us,6240,80,6160
1219,1219000.000us,6160,80,6080
1220,1220000.000us,6240,80,6160
1221,1221000.000us,6240,80,6160
1222,1222000.000us,6240,160,6080
1223,1223000.000us,6160,0,6160
1224,1224000.000us,6240,160,6080
1225,1225000.000us,6240,0,6240
1226,1226000.000us,6240,80,6160
1227,1227000.000us,6160,0,6160
1228,1228000.000us,6240,80,6160
1229,1229000.000us,6240,80,6160
1230,1230000.000us,6320,80,6240
1231,1231000.000us,6240,80,6160
1232,1232000.000us,6240,80,6160
1233,1233000.000us,6240,80,6160
1234,1234000.000us,6240,160,6080
1235,1235000.000us,6160,80,6080
1236,1236000.000us,6240,160,6080
1237,1237000.000us,6320,80,6240
1238,1238000.000us,6320,80,6240
1239,1239000.000us,6240,0,6240
1240,1240000.000us,6240,80,6160
1241,1241000.000us,6240,80,6160
1242,1242000.000us,6240,160,6080
1243,1243000.000us,6160,80,6080
1244,1244000.000us,6240,80,6160
1245,1245000.000us,6160,80,6080
1246,1246000.000us,6240,80,6160
1247,1247000.000us,6160,80,6080
1248,1248000.000us,6240,80,6160
1249,1249000.000us,6240,0,6240
1250,1250000.000us,6240,80,6160
1251,1251000.000us,6160,0,6160
1252,1252000.000us,6240,80,6160
1253,1253000.000us,6320,80,6240
1254,1254000.000us,6320,160,6160
1255,1255000.000us,6160,80,6080
1256,1256000.000us,6240,80,6160
1257,1257000.000us,6240,160,6080
1258,1258000.000us,6320,160,6160
1259,1259000.000us,6240,0,6240
1260,1260000.000us,6240,80,6160
1261,1261000.000us,6160,80,6080
1262,1262000.000us,6240,80,6160
1263,1263000.000us,6160,0,6160
1264,1264000.000us,6240,80,6160
1265,1265000.000us,6240,80,6160
1266,1266000.000us,6320,80,6240
1267,1267000.000us,6240,0,6240
1268,1268000.000us,6240,80,6160
1269,1269000.000us,6240,80,6160
1270,1270000.000us,6320,80,6240
1271,1271000.000us,6160,0,6160
1272,1272000.000us,6240,80,6160
1273,1273000.000us,6240,0,6240
1274,1274000.000us,6240,160,6080
1275,1275000.000us,6160,0,6160
1276,1276000.000us,6240,80,6160
1277,1277000.000us,6240,80,6160
1278,1278000.000us,6320,160,6160
1279,1279000.000us,6160,0,6160
1280,1280000.000us,6240,80,6160
1281,1281000.000us,6160,80,6080
1282,1282000.000us,6240,80,6160
1283,1283000.000us,6160,80,6080
1284,1284000.000us,6160,80,6080
1285,1285000.000us,6240,80,6160
1286,1286000.000us,6240,80,6160
1287,1287000.000us,6160,80,6080
1288,1288000.000us,6240,80,6160
1289,1289000.000us,6240,80,6160
1290,1290000.000us,6240,80,6160
1291,1291000.000us,6160,80,6080
1292,1292000.000us,6160,80,6080
1293,1293000.000us,6240,80,6160
1294,1294000.000us,6320,160,6160
1295,1295000.000us,6240,80,6160
1296,1296000.000us,6240,160,6080
1297,1297000.000us,6240,80,6160
1298,1298000.000us,6240,80,6160
1299,1299000.000us,6160,80,6080
1300,1300000.000us,6240,80,6160
1301,1301000.000us,6240,80,6160
1302,1302000.000us,6240,80,6160
1303,1303000.000us,6160,0,6160
1304,1304000.000us,6240,80,6160
1305,1305000.000us,6240,0,6240
1306,1306000.000us,6240,160,6080
1307,1307000.000us,6160,0,6160
1308,1308000.000us,6240,80,6160
1309,1309000.000us,6240,80,6160
1310,1310000.000us,6320,160,6160
1311,1311000.000us,6160,80,6080
1312,1312000.000us,6240,80,6160
1313,1313000.000us,6240,80,6160
1314,1314000.000us,6320,160,6160
1315,1315000.000us,6240,80,6160
1316,1316000.000us,6240,80,6160
1317,1317000.000us,6240,0,6240
1318,1318000.000us,6240,80,6160
1319,1319000.000us,6160,0,6160
1320,1320000.000us,6240,80,6160
1321,1321000.000us,6240,80,6160
1322,1322000.000us,6320,80,6240
1323,1323000.000us,6160,80,6080
1324,1324000.000us,6320,80,6240
1325,1325000.000us,6240,80,6160
1326,1326000.000us,6240,160,6080
1327,1327000.000us,6160,0,6160
1328,1328000.000us,6240,80,6160
1329,1329000.000us,6240,80,6160
1330,1330000.000us,6240,160,6080
1331,1331000.000us,6160,0,6160
1332,1332000.000us,6160,80,6080
1333,1333000.000us,6240,80,6160
1334,1334000.000us,6240,160,6080
1335,1335000.000us,6240,0,6240
1336,1336000.000us,6240,80,6160
1337,1337000.000us,6320,80,6240
1338,1338000.000us,6320,160,6160
1339,1339000.000us,6080,0,6080
1340,1340000.000us,6160,80,6080
1341,1341000.000us,6240,80,6160
1342,1342000.000us,6240,160,6080
1343,1343000.000us,6160,80,6080
1344,1344000.000us,6240,80,6160
1345,1345000.000us,6240,80,6160
1346,1346000.000us,6240,160,6080
1347,1347000.000us,6240,80,6160
1348,1348000.000us,6240,80,6160
1349,1349000.000us,6240,80,6160
1350,1350000.000us,6240,80,6160
1351,1351000.000us,6160,0,6160
1352,1352000.000us,6240,0,6240
1353,1353000.000us,6160,80,6080
1354,1354000.000us,6320,160,6160
1355,1355000.000us,6160,80,6080
1356,1356000.000us,6240,80,6160
1357,1357000.000us,6160,80,6080
1358,1358000.000us,6240,80,6160
1359,1359000.000us,6160,80,6080
1360,1360000.000us,6240,80,6160
1361,1361000.000us,6320,80,6240
1362,1362000.000us,6320,80,6240
1363,1363000.000us,6160,80,6080
1364,1364000.000us,6240,80,6160
1365,1365000.000us,6160,0,6160
1366,1366000.000us,6240,80,6160
1367,1367000.000us,6160,0,6160
1368,1368000.000us,6160,80,6080
1369,1369000.000us,6240,80,6160
1370,1370000.000us,6240,160,6080
1371,1371000.000us,6240,0,6240
1372,1372000.000us,6240,80,6160
1373,1373000.000us,6240,80,6160
1374,1374000.000us,6240,160,6080
1375,1375000.000us,6160,0,6160
1376,1376000.000us,6160,80,6080
1377,1377000.000us,5920,3280,2640
1378,1378000.000us,5920,3360,2560
1379,1379000.000us,5840,3280,2560
1380,1380000.000us,5840,3280,2560
1381,1381000.000us,5840,3360,2480
1382,1382000.000us,5920,3360,2560
1383,1383000.000us,5840,3280,2560
1384,1384000.000us,5920,3280,2640
1385,1385000.000us,5920,3360,2560
1386,1386000.000us,5920,3360,2560
1387,1387000.000us,5840,3280,2560
1388,1388000.000us,5920,3360,2560
1389,1389000.000us,5920,3360,2560
1390,1390000.000us,6000,3440,2560
1391,1391000.000us,5840,3280,2560
1392,1392000.000us,5920,3360,2560
1393,1393000.000us,5840,3280,2560
1394,1394000.000us,5920,3360,2560
1395,1395000.000us,5840,3280,2560
1396,1396000.000us,5840,3280,2560
1397,1397000.000us,5840,3360,2480
1398,1398000.000us,5920,3360,2560
1399,1399000.000us,5840,3280,2560
1400,1400000.000us,5840,3280,2560
1401,1401000.000us,5840,3280,2560
1402,1402000.000us,5920,3440,2480
1403,1403000.000us,5840,3280,2560
1404,1404000.000us,5920,3440,2480
1405,1405000.000us,6000,3360,2640
1406,1406000.000us,6000,3360,2640
1407,1407000.000us,5840,3280,2560
1408,1408000.000us,5920,3360,2560
1409,1409000.000us,5920,3360,2560
1410,1410000.000us,5920,3360,2560
1411,1411000.000us,5760,3280,2480
1412,1412000.000us,5920,3360,2560
1413,1413000.000us,5920,3280,2640
1414,1414000.000us,5920,3360,2560
1415,1415000.000us,5840,3280,2560
1416,1416000.000us,5920,3360,2560
1417,1417000.000us,5840,3360,2480
1418,1418000.000us,5920,3360,2560
1419,1419000.000us,5840,3280,2560
1420,1420000.000us,5840,3360,2480
1421,1421000.000us,5920,3360,2560
1422,1422000.000us,5920,3360,2560
1423,1423000.000us,5840,3280,2560
1424,1424000.000us,5920,3280,2640
1425,1425000.000us,5840,3280,2560
1426,1426000.000us,5920,3360,2560
1427,1427000.000us,5840,3280,2560
1428,1428000.000us,5920,3360,2560
1429,1429000.000us,5920,3360,2560
1430,1430000.000us,5920,3360,2560
1431,1431000.000us,5760,2720,3040
1432,1432000.000us,5920,2800,3120
1433,1433000.000us,5840,2800,3040
1434,1434000.000us,5920,2800,3120
1435,1435000.000us,5840,2720,3120
1436,1436000.000us,5840,2800,3040
1437,1437000.000us,5760,2800,2960
1438,1438000.000us,5920,2800,3120
1439,1439000.000us,5760,2720,3040
1440,1440000.000us,5920,2800,3120
1441,1441000.000us,5920,2720,3200
1442,1442000.000us,5920,2880,3040
1443,1443000.000us,5840,2720,3120
1444,1444000.000us,5840,2800,3040
1445,1445000.000us,5840,2800,3040
1446,1446000.000us,5920,2800,3120
1447,1447000.000us,5760,2720,3040
1448,1448000.000us,5920,2720,3200
1449,1449000.000us,5920,2800,3120
1450,1450000.000us,5920,2800,3120
1451,1451000.000us,5840,2720,3120
1452,1452000.000us,5840,2720,3120
1453,1453000.000us,5920,2800,3120
1454,1454000.000us,5920,2800,3120
1455,1455000.000us,5840,2640,3200
1456,1456000.000us,5920,2800,3120
1457,1457000.000us,5920,2800,3120
1458,1458000.000us,5920,2800,3120
1459,1459000.000us,5840,2720,3120
1460,1460000.000us,5920,2800,3120
1461,1461000.000us,5840,2800,3040
1462,1462000.000us,5920,2800,3120
1463,1463000.000us,5840,2720,3120
1464,1464000.000us,5920,2800,3120
1465,1465000.000us,5840,2800,3040
1466,1466000.000us,5920,2800,3120
1467,1467000.000us,5840,2720,3120
1468,1468000.000us,5840,2800,3040
1469,1469000.000us,5920,2800,3120
1470,1470000.000us,5920,2800,3120
1471,1471000.000us,5840,2720,3120
1472,1472000.000us,5920,2800,3120
1473,1473000.000us,5920,2800,3120
1474,1474000.000us,5920,2800,3120
1475,1475000.000us,5840,2720,3120
1476,1476000.000us,5920,2800,3120
1477,1477000.000us,5840,2720,3120
1478,1478000.000us,5920,2880,3040
1479,1479000.000us,5840,2720,3120
1480,1480000.000us,5840,2800,3040
1481,1481000.000us,5840,2800,3040
1482,1482000.000us,5920,2880,3040
1483,1483000.000us,5760,2720,3040
1484,1484000.000us,5920,2800,3120
1485,1485000.000us,5920,2800,3120
1486,1486000.000us,5920,2800,3120
1487,1487000.000us,5840,2720,3120
1488,1488000.000us,5840,2800,3040
1489,1489000.000us,5840,2800,3040
1490,1490000.000us,5920,2800,3120
1491,1491000.000us,5840,2720,3120
1492,1492000.000us,5840,2800,3040
1493,1493000.000us,5920,2720,3200
1494,1494000.000us,5920,2800,3120
1495,1495000.000us,5840,2720,3120
1496,1496000.000us,5840,2800,3040
1497,1497000.000us,5920,2720,3200
1498,1498000.000us,5920,2800,3120
1499,1499000.000us,5760,2720,3040
1500,1500000.000us,5840,2800,3040
1501,1501000.000us,5840,2720,3120
1502,1502000.000us,5920,2800,3120
1503,1503000.000us,5840,2720,3120
1504,1504000.000us,5840,2720,3120
1505,1505000.000us,5840,2800,3040
1506,1506000.000us,5920,2800,3120
1507,1507000.000us,5840,2720,3120
1508,1508000.000us,5840,2800,3040
1509,1509000.000us,5840,2800,3040
1510,1510000.000us,5920,2800,3120
1511,1511000.000us,5840,2720,3120
1512,1512000.000us,5840,2720,3120
1513,1513000.000us,5840,2880,2960
1514,1514000.000us,5840,2880,2960
1515,1515000.000us,5760,2720,3040
1516,1516000.000us,5840,2800,3040
1517,1517000.000us,5840,2800,3040
1518,1518000.000us,5920,2800,3120
1519,1519000.000us,5840,2720,3120
1520,1520000.000us,5840,2800,3040
1521,1521000.000us,5840,2720,3120
1522,1522000.000us,5920,2880,3040
1523,1523000.000us,5760,2720,3040
1524,1524000.000us,5840,2720,3120
1525,1525000.000us,5840,2800,3040
1526,1526000.000us,5840,2800,3040
1527,1527000.000us,5760,2720,3040
1528,1528000.000us,5840,2800,3040
1529,1529000.000us,5840,2800,3040
1530,1530000.000us,5920,2800,3120
1531,1531000.000us,5760,2720,3040
1532,1532000.000us,5920,2800,3120
1533,1533000.000us,5920,2800,3120
1534,1534000.000us,5920,2800,3120
1535,1535000.000us,5840,2800,3040
1536,1536000.000us,5920,2800,3120
1537,1537000.000us,5840,2800,3040
1538,1538000.000us,5920,2880,3040
1539,1539000.000us,5840,2720,3120
1540,1540000.000us,5840,2800,3040
1541,1541000.000us,5840,2800,3040
1542,1542000.000us,5920,2800,3120
1543,1543000.000us,5840,2720,3120
1544,1544000.000us,5920,2800,3120
1545,1545000.000us,5760,2800,2960
1546,1546000.000us,5920,2880,3040
1547,1547000.000us,5760,2800,2960
1548,1548000.000us,5920,2800,3120
1549,1549000.000us,5840,2800,3040
1550,1550000.000us,6000,2800,3200
1551,1551000.000us,5760,2720,3040
1552,1552000.000us,5840,2800,3040
1553,1553000.000us,5840,2800,3040
1554,1554000.000us,5920,2800,3120
1555,1555000.000us,5760,2720,3040
1556,1556000.000us,5920,2800,3120
1557,1557000.000us,5920,2720,3200
1558,1558000.000us,5920,2800,3120
1559,1559000.000us,5840,2720,3120
1560,1560000.000us,5920,2800,3120
1561,1561000.000us,5840,2720,3120
1562,1562000.000us,5920,2800,3120
1563,1563000.000us,5840,2720,3120
1564,1564000.000us,5840,2800,3040
1565,1565000.000us,5840,2800,3040
1566,1566000.000us,5920,2800,3120
1567,1567000.000us,5840,2720,3120
1568,1568000.000us,5840,2800,3040
1569,1569000.000us,5840,2800,3040
1570,1570000.000us,5920,2800,3120
1571,1571000.000us,5840,2800,3040
1572,1572000.000us,5840,2800,3040
1573,1573000.000us,5840,2800,3040
1574,1574000.000us,5920,2800,3120
1575,1575000.000us,5840,2720,3120
1576,1576000.000us,5840,2800,3040
1577,1577000.000us,5920,2800,3120
1578,1578000.000us,5920,2800,3120
1579,1579000.000us,5840,2720,3120
1580,1580000.000us,5920,2800,3120
1581,1581000.000us,5920,2720,3200
1582,1582000.000us,5920,2800,3120
1583,1583000.000us,5840,2720,3120
1584,1584000.000us,5920,2800,3120
1585,1585000.000us,5840,2800,3040
1586,1586000.000us,5920,2800,3120
1587,1587000.000us,5760,2720,3040
1588,1588000.000us,5920,2800,3120
1589,1589000.000us,5920,2800,3120
1590,1590000.000us,5920,2880,3040
1591,1591000.000us,5840,2720,3120
1592,1592000.000us,5840,2720,3120
1593,1593000.000us,5840,2800,3040
1594,1594000.000us,5920,2880,3040
1595,1595000.000us,5840,2800,3040
1596,1596000.000us,5920,2800,3120
1597,1597000.000us,5840,2800,3040
1598,1598000.000us,5920,2800,3120
1599,1599000.000us,5840,2720,3120
1600,1600000.000us,5920,2800,3120
1601,1601000.000us,5920,2720,3200
1602,1602000.000us,5920,2800,3120
1603,1603000.000us,5840,2720,3120
1604,1604000.000us,5840,2720,3120
1605,1605000.000us,5920,2720,3200
1606,1606000.000us,5920,2800,3120
1607,1607000.000us,5840,2720,3120
1608,1608000.000us,5840,2720,3120
1609,1609000.000us,5840,2800,3040
1610,1610000.000us,5920,2800,3120
1611,1611000.000us,5840,2720,3120
1612,1612000.000us,5840,2720,3120
1613,1613000.000us,5920,2800,3120
1614,1614000.000us,5920,2800,3120
1615,1615000.000us,5760,2720,3040
1616,1616000.000us,5840,2800,3040
1617,1617000.000us,5840,2800,3040
1618,1618000.000us,5920,2800,3120
1619,1619000.000us,5840,2720,3120
1620,1620000.000us,5920,2720,3200
1621,1621000.000us,5920,2800,3120
1622,1622000.000us,5920,2800,3120
1623,1623000.000us,5760,2720,3040
1624,1624000.000us,5920,2720,3200
1625,1625000.000us,5920,2720,3200
1626,1626000.000us,5920,2800,3120
1627,1627000.000us,5760,2720,3040
1628,1628000.000us,5920,2720,3200
1629,1629000.000us,5920,2800,3120
1630,1630000.000us,5920,2800,3120
1631,1631000.000us,5840,2720,3120
1632,1632000.000us,5840,2720,3120
1633,1633000.000us,5840,2720,3120
1634,1634000.000us,5920,2800,3120
1635,1635000.000us,5840,2720,3120
1636,1636000.000us,5840,2800,3040
1637,1637000.000us,5920,2720,3200
1638,1638000.000us,5920,2880,3040
1639,1639000.000us,5760,2720,3040
1640,1640000.000us,5920,2800,3120
1641,1641000.000us,5760,2800,2960
1642,1642000.000us,5920,2800,3120
1643,1643000.000us,5760,2720,3040
1644,1644000.000us,5840,2800,3040
1645,1645000.000us,5840,2720,3120
1646,1646000.000us,5920,2800,3120
1647,1647000.000us,5760,2720,3040
1648,1648000.000us,5840,2800,3040
1649,1649000.000us,5840,2800,3040
1650,1650000.000us,5920,2800,3120
1651,1651000.000us,5840,2720,3120
1652,1652000.000us,5920,2800,3120
1653,1653000.000us,5840,2800,3040
1654,1654000.000us,5920,2800,3120
1655,1655000.000us,5840,2720,3120
1656,1656000.000us,5840,2800,3040
1657,1657000.000us,5760,2800,2960
1658,1658000.000us,5920,2800,3120
1659,1659000.000us,5760,2640,3120
1660,1660000.000us,5840,2800,3040
1661,1661000.000us,5840,2720,3120
1662,1662000.000us,5920,2880,3040
1663,1663000.000us,5840,2720,3120
1664,1664000.000us,5920,2800,3120
1665,1665000.000us,5840,2720,3120
1666,1666000.000us,5920,2800,3120
1667,1667000.000us,5760,2720,3040
1668,1668000.000us,5840,2720,3120
1669,1669000.000us,5840,2720,3120
1670,1670000.000us,5920,2800,3120
1671,1671000.000us,5840,2720,3120
1672,1672000.000us,5840,2800,3040
1673,1673000.000us,5840,2800,3040
1674,1674000.000us,5920,2800,3120
1675,1675000.000us,5840,2720,3120
1676,1676000.000us,5840,2720,3120
1677,1677000.000us,5840,2800,3040
1678,1678000.000us,5920,2800,3120
1679,1679000.000us,5840,2720,3120
1680,1680000.000us,5920,2800,3120
1681,1681000.000us,5920,2720,3200
1682,1682000.000us,5920,2800,3120
1683,1683000.000us,5840,2640,3200
1684,1684000.000us,5840,2800,3040
1685,1685000.000us,5760,2800,2960
1686,1686000.000us,5920,2800,3120
1687,1687000.000us,5760,2720,3040
1688,1688000.000us,5920,2720,3200
1689,1689000.000us,5760,2800,2960
1690,1690000.000us,5920,2880,3040
1691,1691000.000us,5760,2720,3040
1692,1692000.000us,5840,2800,3040
1693,1693000.000us,5760,2720,3040
1694,1694000.000us,5920,2800,3120
1695,1695000.000us,5760,2720,3040
1696,1696000.000us,5840,2800,3040
1697,1697000.000us,5920,2720,3200
1698,1698000.000us,5920,2880,3040
1699,1699000.000us,5840,2720,3120
1700,1700000.000us,5840,2800,3040
1701,1701000.000us,5760,2720,3040
1702,1702000.000us,5920,2880,3040
1703,1703000.000us,5760,2720,3040
1704,1704000.000us,5920,2800,3120
1705,1705000.000us,5840,2720,3120
1706,1706000.000us,5920,2800,3120
1707,1707000.000us,5840,2720,3120
1708,1708000.000us,5920,2800,3120
1709,1709000.000us,5920,2800,3120
1710,1710000.000us,5920,2800,3120
1711,1711000.000us,5840,2720,3120
1712,1712000.000us,5840,2800,3040
1713,1713000.000us,5920,2720,3200
1714,1714000.000us,5920,2800,3120
1715,1715000.000us,5760,2720,3040
1716,1716000.000us,5920,2720,3200
1717,1717000.000us,5840,2720,3120
1718,1718000.000us,5920,2880,3040
1719,1719000.000us,5840,2720,3120
1720,1720000.000us,5840,2720,3120
1721,1721000.000us,5840,2720,3120
1722,1722000.000us,5920,2800,3120
1723,1723000.000us,5840,2720,3120
1724,1724000.000us,5840,2800,3040
1725,1725000.000us,5840,2720,3120
1726,1726000.000us,5920,2800,3120
1727,1727000.000us,5840,2720,3120
1728,1728000.000us,5920,2800,3120
1729,1729000.000us,5760,2720,3040
1730,1730000.000us,5920,2880,3040
1731,1731000.000us,5760,2720,3040
1732,1732000.000us,5840,2720,3120
1733,1733000.000us,5840,2720,3120
1734,1734000.000us,5920,2800,3120
1735,1735000.000us,5840,2720,3120
1736,1736000.000us,5920,2800,3120
1737,1737000.000us,5920,2800,3120
1738,1738000.000us,5920,2800,3120
1739,1739000.000us,5840,2640,3200
1740,1740000.000us,5840,2800,3040
1741,1741000.000us,5840,2800,3040
1742,1742000.000us,5920,2800,3120
1743,1743000.000us,5760,2720,3040
1744,1744000.000us,5920,2800,3120
1745,1745000.000us,5840,2800,3040
1746,1746000.000us,5920,2800,3120
1747,1747000.000us,5840,2720,3120
1748,1748000.000us,5840,2800,3040
1749,1749000.000us,5840,2800,3040
1750,1750000.000us,5920,2800,3120
1751,1751000.000us,5840,2720,3120
1752,1752000.000us,5920,2720,3200
1753,1753000.000us,5760,2720,3040
1754,1754000.000us,5920,2800,3120
1755,1755000.000us,5760,2720,3040
1756,1756000.000us,5840,2720,3120
1757,1757000.000us,5840,2800,3040
1758,1758000.000us,5920,2800,3120
1759,1759000.000us,5840,2720,3120
1760,1760000.000us,5840,2800,3040
1761,1761000.000us,5840,2800,3040
1762,1762000.000us,5920,2880,3040
1763,1763000.000us,5760,2720,3040
1764,1764000.000us,5840,2800,3040
1765,1765000.000us,5920,2800,3120
1766,1766000.000us,5920,2880,3040
1767,1767000.000us,5760,2640,3120
1768,1768000.000us,5840,2800,3040
1769,1769000.000us,5920,2800,3120
1770,1770000.000us,5920,2800,3120
1771,1771000.000us,5840,2640,3200
1772,1772000.000us,5840,2800,3040
1773,1773000.000us,5920,2720,3200
1774,1774000.000us,5920,2800,3120
1775,1775000.000us,5840,2720,3120
1776,1776000.000us,5840,2720,3120
1777,1777000.000us,5840,2800,3040
1778,1778000.000us,5920,2800,3120
1779,1779000.000us,5840,2720,3120
1780,1780000.000us,5920,2800,3120
1781,1781000.000us,5840,2720,3120
1782,1782000.000us,5920,2800,3120
1783,1783000.000us,5840,2720,3120
1784,1784000.000us,5840,2800,3040
1785,1785000.000us,5840,2800,3040
1786,1786000.000us,5920,2800,3120
1787,1787000.000us,5760,2720,3040
1788,1788000.000us,5840,2800,3040
1789,1789000.000us,5920,2720,3200
1790,1790000.000us,5920,2800,3120
1791,1791000.000us,5760,2720,3040
1792,1792000.000us,5840,2800,3040
1793,1793000.000us,5760,2800,2960
1794,1794000.000us,5920,2800,3120
1795,1795000.000us,5760,2640,3120
1796,1796000.000us,5840,2720,3120
1797,1797000.000us,5920,2720,3200
1798,1798000.000us,5920,2800,3120
1799,1799000.000us,5840,2720,3120
1800,1800000.000us,5920,2800,3120
1801,1801000.000us,5840,2800,3040
1802,1802000.000us,5920,2800,3120
1803,1803000.000us,5840,2720,3120
1804,1804000.000us,5920,2800,3120
1805,1805000.000us,5840,2720,3120
1806,1806000.000us,5920,2800,3120
1807,1807000.000us,5760,2720,3040
1808,1808000.000us,5840,2720,3120
1809,1809000.000us,5920,2800,3120
1810,1810000.000us,5920,2800,3120
1811,1811000.000us,5760,2720,3040
1812,1812000.000us,5920,2800,3120
1813,1813000.000us,5920,2720,3200
1814,1814000.000us,5920,2800,3120
1815,1815000.000us,5840,2720,3120
1816,1816000.000us,5840,2800,3040
1817,1817000.000us,5840,2800,3040
1818,1818000.000us,5920,2800,3120
1819,1819000.000us,5840,2720,3120
1820,1820000.000us,5840,2800,3040
1821,1821000.000us,5840,2800,3040
1822,1822000.000us,5920,2880,3040
1823,1823000.000us,5760,2720,3040
1824,1824000.000us,5760,2880,2880
1825,1825000.000us,5920,2800,3120
1826,1826000.000us,5920,2800,3120
1827,1827000.000us,5760,2720,3040
1828,1828000.000us,5920,2720,3200
1829,1829000.000us,5840,2800,3040
1830,1830000.000us,5920,2880,3040
1831,1831000.000us,5840,2720,3120
1832,1832000.000us,5840,2720,3120
1833,1833000.000us,5760,2800,2960
1834,1834000.000us,5920,2800,3120
1835,1835000.000us,5760,2720,3040
1836,1836000.000us,5920,2800,3120
1837,1837000.000us,5840,2720,3120
1838,1838000.000us,5920,2800,3120
1839,1839000.000us,5840,2720,3120
1840,1840000.000us,5920,2800,3120
1841,1841000.000us,5840,2720,3120
1842,1842000.000us,5920,2800,3120
1843,1843000.000us,5840,2720,3120
1844,1844000.000us,5920,2800,3120
1845,1845000.000us,5920,2720,3200
1846,1846000.000us,5920,2800,3120
1847,1847000.000us,5760,2720,3040
1848,1848000.000us,5920,2720,3200
1849,1849000.000us,5920,2800,3120
1850,1850000.000us,5920,2800,3120
1851,1851000.000us,5840,2720,3120
1852,1852000.000us,5920,2800,3120
1853,1853000.000us,5920,2800,3120
1854,1854000.000us,5920,2800,3120
1855,1855000.000us,5840,2720,3120
1856,1856000.000us,5840,2720,3120
1857,1857000.000us,5840,2720,3120
1858,1858000.000us,5920,2800,3120
1859,1859000.000us,5760,2720,3040
1860,1860000.000us,5760,2800,2960
1861,1861000.000us,5920,2800,3120
1862,1862000.000us,5920,2800,3120
1863,1863000.000us,5840,2720,3120
1864,1864000.000us,5840,2720,3120
1865,1865000.000us,5920,2800,3120
1866,1866000.000us,5920,2800,3120
1867,1867000.000us,5840,2720,3120
1868,1868000.000us,5840,2800,3040
1869,1869000.000us,5840,2800,3040
1870,1870000.000us,5840,2800,3040
1871,1871000.000us,5840,2720,3120
1872,1872000.000us,5840,2800,3040
1873,1873000.000us,5920,2800,3120
1874,1874000.000us,5920,2800,3120
1875,1875000.000us,5760,2720,3040
1876,1876000.000us,5840,2800,3040
1877,1877000.000us,5840,2800,3040
1878,1878000.000us,5920,2800,3120
1879,1879000.000us,5760,2720,3040
1880,1880000.000us,5920,2800,3120
1881,1881000.000us,5840,2800,3040
1882,1882000.000us,5920,2800,3120
1883,1883000.000us,5840,2720,3120
1884,1884000.000us,5840,2800,3040
1885,1885000.000us,5920,2800,3120
1886,1886000.000us,5920,2800,3120
1887,1887000.000us,5840,2720,3120
1888,1888000.000us,5840,2720,3120
1889,1889000.000us,5920,2720,3200
1890,1890000.000us,5920,2800,3120
1891,1891000.000us,5840,2720,3120
1892,1892000.000us,5840,2720,3120
1893,1893000.000us,5920,2800,3120
1894,1894000.000us,5920,2800,3120
1895,1895000.000us,5840,2720,3120
1896,1896000.000us,5840,2720,3120
1897,1897000.000us,5840,2720,3120
1898,1898000.000us,5920,2800,3120
1899,1899000.000us,5840,2720,3120
1900,1900000.000us,5840,2720,3120
1901,1901000.000us,5920,2800,3120
1902,1902000.000us,5920,2880,3040
1903,1903000.000us,5840,2640,3200
1904,1904000.000us,5840,2800,3040
1905,1905000.000us,5840,2800,3040
1906,1906000.000us,5920,2800,3120
1907,1907000.000us,5840,2720,3120
1908,1908000.000us,5840,2800,3040
1909,1909000.000us,5840,2720,3120
1910,1910000.000us,5920,2800,3120
1911,1911000.000us,5840,2720,3120
1912,1912000.000us,5920,2800,3120
1913,1913000.000us,5840,2800,3040
1914,1914000.000us,5920,2800,3120
1915,1915000.000us,5840,2720,3120
1916,1916000.000us,5920,2800,3120
1917,1917000.000us,5840,2720,3120
1918,1918000.000us,5920,2800,3120
1919,1919000.000us,5760,2720,3040
1920,1920000.000us,5920,2720,3200
1921,1921000.000us,5840,2720,3120
1922,1922000.000us,5920,2800,3120
1923,1923000.000us,5760,2720,3040
1924,1924000.000us,5760,2720,3040
1925,1925000.000us,5840,2800,3040
1926,1926000.000us,5920,2800,3120
1927,1927000.000us,5760,2720,3040
1928,1928000.000us,5760,2800,2960
1929,1929000.000us,5920,2800,3120
1930,1930000.000us,5920,2880,3040
1931,1931000.000us,5840,2720,3120
1932,1932000.000us,5920,2880,3040
1933,1933000.000us,5920,2720,3200
1934,1934000.000us,5920,2800,3120
1935,1935000.000us,5840,2720,3120
1936,1936000.000us,5840,2800,3040
1937,1937000.000us,5840,2800,3040
1938,1938000.000us,5920,2880,3040
1939,1939000.000us,5840,2720,3120
1940,1940000.000us,5920,2800,3120
1941,1941000.000us,5760,2640,3120
1942,1942000.000us,5920,2800,3120
1943,1943000.000us,5760,2640,3120
1944,1944000.000us,5840,2800,3040
1945,1945000.000us,5920,2720,3200
1946,1946000.000us,5920,2800,3120
1947,1947000.000us,5840,2720,3120
1948,1948000.000us,5840,2800,3040
1949,1949000.000us,5840,2800,3040
1950,1950000.000us,5920,2800,3120
1951,1951000.000us,5840,2720,3120
1952,1952000.000us,5840,2800,3040
1953,1953000.000us,5920,2720,3200
1954,1954000.000us,5920,2800,3120
1955,1955000.000us,5760,2720,3040
1956,1956000.000us,5840,2720,3120
1957,1957000.000us,5840,2720,3120
1958,1958000.000us,5920,2800,3120
1959,1959000.000us,5760,2720,3040
1960,1960000.000us,5840,2720,3120
1961,1961000.000us,5840,2800,3040
1962,1962000.000us,5920,2800,3120
1963,1963000.000us,5760,2720,3040
1964,1964000.000us,5840,2720,3120
1965,1965000.000us,5920,2800,3120
1966,1966000.000us,5920,2800,3120
1967,1967000.000us,5760,2720,3040
1968,1968000.000us,5920,2800,3120
1969,1969000.000us,5840,2800,3040
1970,1970000.000us,5920,2800,3120
1971,1971000.000us,5840,2720,3120
1972,1972000.000us,5920,2720,3200
1973,1973000.000us,5920,2800,3120
1974,1974000.000us,5920,2800,3120
1975,1975000.000us,5840,2720,3120
1976,1976000.000us,5840,2720,3120
1977,1977000.000us,5920,2800,3120
1978,1978000.000us,5920,2800,3120
1979,1979000.000us,5840,2720,3120
1980,1980000.000us,5840,2800,3040
1981,1981000.000us,5840,2800,3040
1982,1982000.000us,5920,2880,3040
1983,1983000.000us,5840,2720,3120
1984,1984000.000us,5920,2720,3200
1985,1985000.000us,5840,2800,3040
1986,1986000.000us,5920,2800,3120
1987,1987000.000us,5840,2720,3120
1988,1988000.000us,5920,2800,3120
1989,1989000.000us,5840,2800,3040
1990,1990000.000us,5920,2800,3120
1991,1991000.000us,5760,2720,3040
1992,1992000.000us,5920,2720,3200
1993,1993000.000us,5920,2800,3120
1994,1994000.000us,5920,2800,3120
1995,1995000.000us,5840,2720,3120
1996,1996000.000us,5840,2800,3040
1997,1997000.000us,5840,2800,3040
1998,1998000.000us,5920,2800,3120
1999,1999000.000us,5840,2720,3120
2000,2000000.000us,5920,2800,3120
2001,2001000.000us,5920,2720,3200
2002,2002000.000us,5920,2800,3120
2003,2003000.000us,5760,2720,3040
2004,2004000.000us,5760,2800,2960
2005,2005000.000us,5920,2720,3200
2006,2006000.000us,5920,2800,3120
2007,2007000.000us,5840,2720,3120
2008,2008000.000us,5920,2800,3120
2009,2009000.000us,5840,2800,3040
2010,2010000.000us,5920,2880,3040
2011,2011000.000us,5840,2720,3120
2012,2012000.000us,5840,2800,3040
2013,2013000.000us,5920,2800,3120
2014,2014000.000us,5920,2800,3120
2015,2015000.000us,5760,2720,3040
2016,2016000.000us,5840,2800,3040
2017,2017000.000us,5920,2800,3120
2018,2018000.000us,5920,2800,3120
2019,2019000.000us,5760,2720,3040
2020,2020000.000us,5920,2800,3120
2021,2021000.000us,5840,2800,3040
2022,2022000.000us,5920,2800,3120
2023,2023000.000us,5760,2720,3040
2024,2024000.000us,5920,2800,3120
2025,2025000.000us,5840,2800,3040
2026,2026000.000us,5920,2800,3120
2027,2027000.000us,5840,2800,3040
2028,2028000.000us,5840,2800,3040
2029,2029000.000us,5840,2800,3040
2030,2030000.000us,5920,2800,3120
2031,2031000.000us,5840,2720,3120
2032,2032000.000us,5840,2720,3120
2033,2033000.000us,5760,2800,2960
2034,2034000.000us,5920,2800,3120
2035,2035000.000us,5760,2720,3040
2036,2036000.000us,5840,2720,3120
2037,2037000.000us,5840,2720,3120
2038,2038000.000us,5920,2800,3120
2039,2039000.000us,5760,2720,3040
2040,2040000.000us,5840,2720,3120
2041,2041000.000us,5840,2720,3120
2042,2042000.000us,5920,2880,3040
2043,2043000.000us,5840,2720,3120
2044,2044000.000us,5840,2800,3040
2045,2045000.000us,5920,2880,3040
2046,2046000.000us,5920,2880,3040
2047,2047000.000us,5760,2720,3040
2048,2048000.000us,5840,2800,3040
2049,2049000.000us,5840,2800,3040
2050,2050000.000us,5920,2800,3120
2051,2051000.000us,5760,2720,3040
2052,2052000.000us,5920,2720,3200
2053,2053000.000us,5840,2720,3120
2054,2054000.000us,5920,2800,3120
2055,2055000.000us,5840,2720,3120
2056,2056000.000us,5840,2800,3040
2057,2057000.000us,5840,2720,3120
2058,2058000.000us,5920,2880,3040
2059,2059000.000us,5760,2720,3040
2060,2060000.000us,5840,2800,3040
2061,2061000.000us,5840,2800,3040
2062,2062000.000us,5920,2880,3040
2063,2063000.000us,5840,2720,3120
2064,2064000.000us,5840,2720,3120
2065,2065000.000us,5840,2800,3040
2066,2066000.000us,5920,2800,3120
2067,2067000.000us,5760,2720,3040
2068,2068000.000us,5840,2800,3040
2069,2069000.000us,5920,2800,3120
2070,2070000.000us,5920,2800,3120
2071,2071000.000us,5760,2720,3040
2072,2072000.000us,5840,2720,3120
2073,2073000.000us,5920,2720,3200
2074,2074000.000us,5920,2800,3120
2075,2075000.000us,5840,2720,3120
2076,2076000.000us,5840,2800,3040
2077,2077000.000us,5840,2800,3040
2078,2078000.000us,5840,2800,3040
2079,2079000.000us,5840,2720,3120
2080,2080000.000us,5840,2800,3040
2081,2081000.000us,5920,2720,3200
2082,2082000.000us,5920,2880,3040
2083,2083000.000us,5840,2720,3120
2084,2084000.000us,5920,2880,3040
2085,2085000.000us,5920,2800,3120
2086,2086000.000us,5920,2880,3040
2087,2087000.000us,5840,2720,3120
2088,2088000.000us,5840,2800,3040
2089,2089000.000us,5840,2800,3040
2090,2090000.000us,5920,2800,3120
2091,2091000.000us,5760,2720,3040
2092,2092000.000us,5920,2800,3120
2093,2093000.000us,5840,2800,3040
2094,2094000.000us,5920,2800,3120
2095,2095000.000us,5760,2800,2960
2096,2096000.000us,5840,2800,3040
2097,2097000.000us,5840,2800,3040
2098,2098000.000us,5920,2800,3120
2099,2099000.000us,5840,2720,3120
2100,2100000.000us,5840,2800,3040
2101,2101000.000us,5840,2720,3120
2102,2102000.000us,5920,3360,2560
2103,2103000.000us,5840,2720,3120
2104,2104000.000us,5920,3360,2560
2105,2105000.000us,5920,3360,2560
2106,2106000.000us,5920,3440,2480
2107,2107000.000us,5840,3280,2560
2108,2108000.000us,5920,3280,2640
2109,2109000.000us,5920,3280,2640
2110,2110000.000us,5920,3360,2560
2111,2111000.000us,5840,3280,2560
2112,2112000.000us,5920,3360,2560
2113,2113000.000us,5920,3280,2640
2114,2114000.000us,5920,3360,2560
2115,2115000.000us,5840,3280,2560
2116,2116000.000us,5840,3360,2480
2117,2117000.000us,5840,3360,2480
2118,2118000.000us,5920,3360,2560
2119,2119000.000us,5840,3280,2560
2120,2120000.000us,5920,3280,2640
2121,2121000.000us,5840,3280,2560
2122,2122000.000us,5920,3360,2560
2123,2123000.000us,5840,3280,2560
2124,2124000.000us,5840,3280,2560
2125,2125000.000us,5920,3360,2560
2126,2126000.000us,5920,3440,2480
2127,2127000.000us,5840,3280,2560
2128,2128000.000us,5840,3360,2480
2129,2129000.000us,5920,3280,2640
2130,2130000.000us,5920,3360,2560
2131,2131000.000us,5840,3280,2560
2132,2132000.000us,5920,3280,2640
2133,2133000.000us,5920,3360,2560
2134,2134000.000us,5920,3360,2560
2135,2135000.000us,5840,3280,2560
2136,2136000.000us,5920,3280,2640
2137,2137000.000us,5920,3280,2640
2138,2138000.000us,6000,3440,2560
2139,2139000.000us,5840,3280,2560
2140,2140000.000us,5920,3360,2560
2141,2141000.000us,5920,3280,2640
2142,2142000.000us,6000,3360,2640
2143,2143000.000us,5840,3280,2560
2144,2144000.000us,5920,3360,2560
2145,2145000.000us,5840,3360,2480
2146,2146000.000us,5920,3440,2480
2147,2147000.000us,5840,3280,2560
2148,2148000.000us,5920,3360,2560
2149,2149000.000us,5920,3280,2640
2150,2150000.000us,5920,3360,2560
2151,2151000.000us,5840,3280,2560
2152,2152000.000us,5840,3280,2560
2153,2153000.000us,5920,3280,2640
2154,2154000.000us,6240,3440,2800
2155,2155000.000us,5920,80,5840
2156,2156000.000us,6240,80,6160
2157,2157000.000us,6240,80,6160
2158,2158000.000us,6240,160,6080
2159,2159000.000us,6240,0,6240
2160,2160000.000us,6240,80,6160
2161,2161000.000us,6240,80,6160
2162,2162000.000us,6320,160,6160
2163,2163000.000us,6160,0,6160
2164,2164000.000us,6240,80,6160
2165,2165000.000us,6240,80,6160
2166,2166000.000us,6240,80,6160
2167,2167000.000us,6160,0,6160
2168,2168000.000us,6240,80,6160
2169,2169000.000us,6240,160,6080
2170,2170000.000us,6240,160,6080
2171,2171000.000us,6160,0,6160
2172,2172000.000us,6240,80,6160
2173,2173000.000us,6240,80,6160
2174,2174000.000us,6320,80,6240
2175,2175000.000us,6160,0,6160
2176,2176000.000us,6240,80,6160
2177,2177000.000us,6240,80,6160
2178,2178000.000us,6240,80,6160
2179,2179000.000us,6160,0,6160
2180,2180000.000us,6240,0,6240
2181,2181000.000us,6240,80,6160
2182,2182000.000us,6240,80,6160
2183,2183000.000us,6160,0,6160
2184,2184000.000us,6240,80,6160
2185,2185000.000us,6160,80,6080
2186,2186000.000us,6240,80,6160
2187,2187000.000us,6160,0,6160
2188,2188000.000us,6160,80,6080
2189,2189000.000us,6240,0,6240
2190,2190000.000us,6240,80,6160
2191,2191000.000us,6160,0,6160
2192,2192000.000us,6240,80,6160
2193,2193000.000us,6320,80,6240
2194,2194000.000us,6320,160,6160
2195,2195000.000us,6160,0,6160
2196,2196000.000us,6240,80,6160
2197,2197000.000us,6160,80,6080
2198,2198000.000us,6240,160,6080
2199,2199000.000us,6160,0,6160
2200,2200000.000us,6240,80,6160
2201,2201000.000us,6240,80,6160
2202,2202000.000us,6240,80,6160
2203,2203000.000us,6160,0,6160
2204,2204000.000us,6240,80,6160
2205,2205000.000us,6240,160,6080
2206,2206000.000us,6240,160,6080
2207,2207000.000us,6240,0,6240
2208,2208000.000us,6240,80,6160
2209,2209000.000us,6240,80,6160
2210,2210000.000us,6240,80,6160
2211,2211000.000us,6160,0,6160
2212,2212000.000us,6160,80,6080
2213,2213000.000us,6240,80,6160
2214,2214000.000us,6240,80,6160
2215,2215000.000us,6160,0,6160
2216,2216000.000us,6240,80,6160
2217,2217000.000us,6240,80,6160
2218,2218000.000us,6240,160,6080
2219,2219000.000us,6160,0,6160
2220,2220000.000us,6240,80,6160
2221,2221000.000us,6240,0,6240
2222,2222000.000us,6240,160,6080
2223,2223000.000us,6160,0,6160
2224,2224000.000us,6160,80,6080
2225,2225000.000us,6240,80,6160
2226,2226000.000us,6240,80,6160
2227,2227000.000us,6160,0,6160
2228,2228000.000us,6240,80,6160
2229,2229000.000us,6240,80,6160
2230,2230000.000us,6240,80,6160
2231,2231000.000us,6160,0,6160
2232,2232000.000us,6240,80,6160
2233,2233000.000us,6240,80,6160
2234,2234000.000us,6320,80,6240
2235,2235000.000us,6160,0,6160
2236,2236000.000us,6320,0,6320
2237,2237000.000us,6240,80,6160
2238,2238000.000us,6240,80,6160
2239,2239000.000us,6160,0,6160
2240,2240000.000us,6240,80,6160
2241,2241000.000us,6240,80,6160
2242,2242000.000us,6240,80,6160
2243,2243000.000us,6160,0,6160
2244,2244000.000us,6240,80,6160
2245,2245000.000us,6240,80,6160
2246,2246000.000us,6240,80,6160
2247,2247000.000us,6160,0,6160
2248,2248000.000us,6240,80,6160
2249,2249000.000us,6160,80,6080
2250,2250000.000us,6320,80,6240
2251,2251000.000us,6160,0,6160
2252,2252000.000us,6240,80,6160
2253,2253000.000us,6240,160,6080
2254,2254000.000us,6240,160,6080
2255,2255000.000us,6160,0,6160
2256,2256000.000us,6240,80,6160
2257,2257000.000us,6240,80,6160
2258,2258000.000us,6240,160,6080
2259,2259000.000us,6160,80,6080
2260,2260000.000us,6240,80,6160
2261,2261000.000us,6240,160,6080
2262,2262000.000us,6240,160,6080
2263,2263000.000us,6160,80,6080
2264,2264000.000us,6240,80,6160
2265,2265000.000us,6160,80,6080
2266,2266000.000us,6240,80,6160
2267,2267000.000us,6160,0,6160
2268,2268000.000us,6240,80,6160
2269,2269000.000us,6160,80,6080
2270,2270000.000us,6240,80,6160
2271,2271000.000us,6160,80,6080
2272,2272000.000us,6240,80,6160
2273,2273000.000us,6240,0,6240
2274,2274000.000us,6240,80,6160
2275,2275000.000us,6160,0,6160
2276,2276000.000us,6240,80,6160
2277,2277000.000us,6240,80,6160
2278,2278000.000us,6240,80,6160
2279,2279000.000us,6160,0,6160
2280,2280000.000us,6240,0,6240
2281,2281000.000us,6160,80,6080
2282,2282000.000us,6240,80,6160
2283,2283000.000us,6160,0,6160
2284,2284000.000us,6240,80,6160
2285,2285000.000us,6240,0,6240
2286,2286000.000us,6240,80,6160
2287,2287000.000us,6160,0,6160
2288,2288000.000us,6240,0,6240
2289,2289000.000us,6240,80,6160
2290,2290000.000us,6320,80,6240
2291,2291000.000us,6160,0,6160
2292,2292000.000us,6240,80,6160
2293,2293000.000us,6240,80,6160
2294,2294000.000us,6320,80,6240
2295,2295000.000us,6160,0,6160
2296,2296000.000us,6240,80,6160
2297,2297000.000us,6240,80,6160
2298,2298000.000us,6320,80,6240
2299,2299000.000us,6240,0,6240
2300,2300000.000us,6240,80,6160
2301,2301000.000us,6240,80,6160
2302,2302000.000us,6320,160,6160
2303,2303000.000us,6160,0,6160
2304,2304000.000us,6240,80,6160
2305,2305000.000us,6240,80,6160
2306,2306000.000us,6240,160,6080
2307,2307000.000us,6240,80,6160
2308,2308000.000us,6240,160,6080
2309,2309000.000us,6240,80,6160
2310,2310000.000us,6240,160,6080
2311,2311000.000us,6160,0,6160
2312,2312000.000us,6240,0,6240
2313,2313000.000us,6240,80,6160
2314,2314000.000us,6240,80,6160
2315,2315000.000us,6160,0,6160
2316,2316000.000us,6240,80,6160
2317,2317000.000us,6160,0,6160
2318,2318000.000us,6240,80,6160
2319,2319000.000us,6160,0,6160
2320,2320000.000us,6160,80,6080
2321,2321000.000us,6240,80,6160
2322,2322000.000us,6320,80,6240
2323,2323000.000us,6160,0,6160
2324,2324000.000us,6240,80,6160
2325,2325000.000us,6240,80,6160
2326,2326000.000us,6320,160,6160
2327,2327000.000us,6160,80,6080
2328,2328000.000us,6240,80,6160
2329,2329000.000us,6240,80,6160
2330,2330000.000us,6240,80,6160
2331,2331000.000us,6160,80,6080
2332,2332000.000us,6240,80,6160
2333,2333000.000us,6240,80,6160
2334,2334000.000us,6240,160,6080
2335,2335000.000us,6240,0,6240
2336,2336000.000us,6240,0,6240
2337,2337000.000us,6240,80,6160
2338,2338000.000us,6240,160,6080
2339,2339000.000us,6160,0,6160
2340,2340000.000us,6240,80,6160
2341,2341000.000us,6240,160,6080
2342,2342000.000us,6240,160,6080
2343,2343000.000us,6160,0,6160
2344,2344000.000us,6240,160,6080
2345,2345000.000us,6240,80,6160
2346,2346000.000us,6240,160,6080
2347,2347000.000us,6160,80,6080
2348,2348000.000us,6160,80,6080
2349,2349000.000us,6160,80,6080
2350,2350000.000us,6240,160,6080
2351,2351000.000us,6160,80,6080
2352,2352000.000us,6240,80,6160
2353,2353000.000us,6240,80,6160
2354,2354000.000us,6320,160,6160
2355,2355000.000us,6240,0,6240
2356,2356000.000us,6320,80,6240
2357,2357000.000us,6240,80,6160
2358,2358000.000us,6240,160,6080
2359,2359000.000us,6160,0,6160
2360,2360000.000us,6240,80,6160
2361,2361000.000us,6240,0,6240
2362,2362000.000us,6240,80,6160
2363,2363000.000us,6160,0,6160
2364,2364000.000us,6160,0,6160
2365,2365000.000us,6320,0,6320
2366,2366000.000us,6320,80,6240
2367,2367000.000us,6240,0,6240
2368,2368000.000us,6240,80,6160
2369,2369000.000us,6240,80,6160
2370,2370000.000us,6240,160,6080
2371,2371000.000us,6160,80,6080
2372,2372000.000us,6240,80,6160
2373,2373000.000us,6160,0,6160
2374,2374000.000us,6320,80,6240
2375,2375000.000us,6160,0,6160
2376,2376000.000us,6320,80,6240
2377,2377000.000us,6240,80,6160
2378,2378000.000us,6240,80,6160
2379,2379000.000us,6240,0,6240
2380,2380000.000us,6240,80,6160
2381,2381000.000us,6240,80,6160
2382,2382000.000us,6240,160,6080
2383,2383000.000us,6240,80,6160
2384,2384000.000us,6240,80,6160
2385,2385000.000us,6240,80,6160
2386,2386000.000us,6320,80,6240
2387,2387000.000us,6160,0,6160
2388,2388000.000us,6160,0,6160
2389,2389000.000us,6240,80,6160
2390,2390000.000us,6320,160,6160
2391,2391000.000us,6160,0,6160
2392,2392000.000us,6160,80,6080
2393,2393000.000us,6160,80,6080
2394,2394000.000us,6240,160,6080
2395,2395000.000us,6160,80,6080
2396,2396000.000us,6240,80,6160
2397,2397000.000us,6240,80,6160
2398,2398000.000us,6240,80,6160
2399,2399000.000us,6240,0,6240
2400,2400000.000us,6240,80,6160
2401,2401000.000us,6240,80,6160
2402,2402000.000us,6240,80,6160
2403,2403000.000us,6160,0,6160
2404,2404000.000us,6240,80,6160
2405,2405000.000us,6320,80,6240
2406,2406000.000us,6320,80,6240
2407,2407000.000us,6160,0,6160
2408,2408000.000us,6240,80,6160
2409,2409000.000us,6240,80,6160
2410,2410000.000us,6240,80,6160
2411,2411000.000us,6240,80,6160
2412,2412000.000us,6240,80,6160
2413,2413000.000us,6240,160,6080
2414,2414000.000us,6240,160,6080
2415,2415000.000us,6160,80,6080
2416,2416000.000us,6240,80,6160
2417,2417000.000us,6320,80,6240
2418,2418000.000us,6320,80,6240
2419,2419000.000us,6160,0,6160
2420,2420000.000us,6240,80,6160
2421,2421000.000us,6240,80,6160
2422,2422000.000us,6240,160,6080
2423,2423000.000us,6160,0,6160
2424,2424000.000us,6160,80,6080
2425,2425000.000us,6240,80,6160
2426,2426000.000us,6240,80,6160
2427,2427000.000us,6160,0,6160
2428,2428000.000us,6240,80,6160
2429,2429000.000us,6240,80,6160
2430,2430000.000us,6240,160,6080
2431,2431000.000us,6160,0,6160
2432,2432000.000us,6240,80,6160
2433,2433000.000us,6240,80,6160
2434,2434000.000us,6240,80,6160
2435,2435000.000us,6240,0,6240
2436,2436000.000us,6240,80,6160
2437,2437000.000us,6160,80,6080
2438,2438000.000us,6240,160,6080
2439,2439000.000us,6160,0,6160
2440,2440000.000us,6240,80,6160
2441,2441000.000us,6240,80,6160
2442,2442000.000us,6240,160,6080
2443,2443000.000us,6160,0,6160
2444,2444000.000us,6240,80,6160
2445,2445000.000us,6240,80,6160
2446,2446000.000us,6320,80,6240
2447,2447000.000us,6160,0,6160
2448,2448000.000us,6240,80,6160
2449,2449000.000us,6240,80,6160
2450,2450000.000us,6320,160,6160
2451,2451000.000us,6160,0,6160
2452,2452000.000us,6240,80,6160
2453,2453000.000us,6240,80,6160
2454,2454000.000us,6320,80,6240
2455,2455000.000us,6160,80,6080
2456,2456000.000us,6240,80,6160
2457,2457000.000us,6240,80,6160
2458,2458000.000us,6240,80,6160
2459,2459000.000us,6160,80,6080
2460,2460000.000us,6240,80,6160
2461,2461000.000us,6240,80,6160
2462,2462000.000us,6240,160,6080
2463,2463000.000us,6160,0,6160
2464,2464000.000us,6160,80,6080
2465,2465000.000us,6240,80,6160
2466,2466000.000us,6320,160,6160
2467,2467000.000us,6160,0,6160
2468,2468000.000us,6240,0,6240
2469,2469000.000us,6240,80,6160
2470,2470000.000us,6240,160,6080
2471,2471000.000us,6160,80,6080
2472,2472000.000us,6240,80,6160
2473,2473000.000us,6240,80,6160
2474,2474000.000us,6240,160,6080
2475,2475000.000us,6160,80,6080
2476,2476000.000us,6240,80,6160
2477,2477000.000us,6160,80,6080
2478,2478000.000us,6240,80,6160
2479,2479000.000us,6160,0,6160
2480,2480000.000us,6240,0,6240
2481,2481000.000us,6240,80,6160
2482,2482000.000us,6240,80,6160
2483,2483000.000us,6160,0,6160
2484,2484000.000us,6160,80,6080
2485,2485000.000us,6320,80,6240
2486,2486000.000us,6320,80,6240
2487,2487000.000us,6160,0,6160
2488,2488000.000us,6240,80,6160
2489,2489000.000us,6240,0,6240
2490,2490000.000us,6240,160,6080
2491,2491000.000us,6160,0,6160
2492,2492000.000us,6240,80,6160
2493,2493000.000us,6240,0,6240
2494,2494000.000us,6240,160,6080
2495,2495000.000us,6160,0,6160
2496,2496000.000us,6160,80,6080
2497,2497000.000us,6160,80,6080
2498,2498000.000us,6240,160,6080
2499,2499000.000us,6160,80,6080
2500,2500000.000us,6240,80,6160
2501,2501000.000us,6240,80,6160
2502,2502000.000us,6320,160,6160
2503,2503000.000us,6160,0,6160
2504,2504000.000us,6160,80,6080
2505,2505000.000us,6160,80,6080
2506,2506000.000us,6240,80,6160
2507,2507000.000us,6160,80,6080
2508,2508000.000us,6240,80,6160
2509,2509000.000us,6160,80,6080
2510,2510000.000us,6320,80,6240
2511,2511000.000us,6160,80,6080
2512,2512000.000us,6240,80,6160
2513,2513000.000us,6160,160,6000
2514,2514000.000us,6320,160,6160
2515,2515000.000us,6160,0,6160
2516,2516000.000us,6160,0,6160
2517,2517000.000us,6240,80,6160
2518,2518000.000us,6240,160,6080
2519,2519000.000us,6160,0,6160
2520,2520000.000us,6240,80,6160
2521,2521000.000us,6240,80,6160
2522,2522000.000us,6240,80,6160
2523,2523000.000us,6160,0,6160
2524,2524000.000us,6240,80,6160
2525,2525000.000us,6320,0,6320
2526,2526000.000us,6320,160,6160
2527,2527000.000us,6160,0,6160
2528,2528000.000us,6240,160,6080
2529,2529000.000us,6240,0,6240
2530,2530000.000us,6240,80,6160
2531,2531000.000us,6160,0,6160
2532,2532000.000us,6240,80,6160
2533,2533000.000us,6160,80,6080
2534,2534000.000us,6320,80,6240
2535,2535000.000us,6160,80,6080
2536,2536000.000us,6160,80,6080
2537,2537000.000us,6240,80,6160
2538,2538000.000us,6240,80,6160
2539,2539000.000us,6160,0,6160
2540,2540000.000us,6240,80,6160
2541,2541000.000us,6240,80,6160
2542,2542000.000us,6320,80,6240
2543,2543000.000us,6160,80,6080
2544,2544000.000us,6240,80,6160
2545,2545000.000us,6240,80,6160
2546,2546000.000us,6240,80,6160
2547,2547000.000us,6240,0,6240
2548,2548000.000us,6240,80,6160
2549,2549000.000us,6240,0,6240
2550,2550000.000us,6320,80,6240
2551,2551000.000us,6240,0,6240
2552,2552000.000us,6320,80,6240
2553,2553000.000us,6240,0,6240
2554,2554000.000us,6240,160,6080
2555,2555000.000us,6160,0,6160
2556,2556000.000us,6240,80,6160
2557,2557000.000us,6240,80,6160
2558,2558000.000us,6320,80,6240
2559,2559000.000us,6240,0,6240
2560,2560000.000us,6320,80,6240
2561,2561000.000us,6240,80,6160
2562,2562000.000us,6240,80,6160
2563,2563000.000us,6240,0,6240
2564,2564000.000us,6240,80,6160
2565,2565000.000us,6240,80,6160
2566,2566000.000us,6240,160,6080
2567,2567000.000us,6080,0,6080
2568,2568000.000us,6240,80,6160
2569,2569000.000us,6240,80,6160
2570,2570000.000us,6240,80,6160
2571,2571000.000us,6160,0,6160
2572,2572000.000us,6240,80,6160
2573,2573000.000us,6240,160,6080
2574,2574000.000us,6240,160,6080
2575,2575000.000us,6160,80,6080
2576,2576000.000us,6240,80,6160
2577,2577000.000us,6160,0,6160
2578,2578000.000us,6240,160,6080
2579,2579000.000us,6160,0,6160
2580,2580000.000us,6160,0,6160
2581,2581000.000us,6240,160,6080
2582,2582000.000us,6240,160,6080
2583,2583000.000us,6160,0,6160
2584,2584000.000us,6240,80,6160
2585,2585000.000us,6240,80,6160
2586,2586000.000us,6320,80,6240
2587,2587000.000us,6160,0,6160
2588,2588000.000us,6160,0,6160
2589,2589000.000us,6160,80,6080
2590,2590000.000us,6240,80,6160
2591,2591000.000us,6160,0,6160
2592,2592000.000us,6240,80,6160
2593,2593000.000us,6240,80,6160
2594,2594000.000us,6240,80,6160
2595,2595000.000us,6160,0,6160
2596,2596000.000us,6240,80,6160
2597,2597000.000us,6160,80,6080
2598,2598000.000us,6240,160,6080
2599,2599000.000us,6160,80,6080
2600,2600000.000us,6240,80,6160
2601,2601000.000us,6240,80,6160
2602,2602000.000us,6240,160,6080
2603,2603000.000us,6160,80,6080
2604,2604000.000us,6240,80,6160
2605,2605000.000us,6240,80,6160
2606,2606000.000us,6240,80,6160
2607,2607000.000us,6160,0,6160
2608,2608000.000us,6160,80,6080
2609,2609000.000us,6240,80,6160
2610,2610000.000us,6240,80,6160
2611,2611000.000us,6160,0,6160
2612,2612000.000us,6240,80,6160
2613,2613000.000us,6160,80,6080
2614,2614000.000us,6240,80,6160
2615,2615000.000us,6160,0,6160
2616,2616000.000us,6240,80,6160
2617,2617000.000us,6240,80,6160
2618,2618000.000us,6320,160,6160
2619,2619000.000us,6240,0,6240
2620,2620000.000us,6240,0,6240
2621,2621000.000us,6240,80,6160
2622,2622000.000us,6240,160,6080
2623,2623000.000us,6160,0,6160
2624,2624000.000us,6160,160,6000
2625,2625000.000us,6320,80,6240
2626,2626000.000us,6320,80,6240
2627,2627000.000us,6160,0,6160
2628,2628000.000us,6160,0,6160
2629,2629000.000us,6240,80,6160
2630,2630000.000us,6240,80,6160
2631,2631000.000us,6160,80,6080
2632,2632000.000us,6240,80,6160
2633,2633000.000us,6240,80,6160
2634,2634000.000us,6240,160,6080
2635,2635000.000us,6240,80,6160
2636,2636000.000us,6240,160,6080
2637,2637000.000us,6320,80,6240
2638,2638000.000us,6320,80,6240
2639,2639000.000us,6160,0,6160
2640,2640000.000us,6240,80,6160
2641,2641000.000us,6320,80,6240
2642,2642000.000us,6320,160,6160
2643,2643000.000us,6160,0,6160
2644,2644000.000us,6160,160,6000
2645,2645000.000us,6240,80,6160
2646,2646000.000us,6240,160,6080
2647,2647000.000us,6240,0,6240
2648,2648000.000us,6240,0,6240
2649,2649000.000us,6240,80,6160
2650,2650000.000us,6240,160,6080
2651,2651000.000us,6160,80,6080
2652,2652000.000us,6240,80,6160
2653,2653000.000us,6240,80,6160
2654,2654000.000us,6240,160,6080
2655,2655000.000us,6240,80,6160
2656,2656000.000us,6240,80,6160
2657,2657000.000us,6240,80,6160
2658,2658000.000us,6240,160,6080
2659,2659000.000us,6160,80,6080
2660,2660000.000us,6240,80,6160
2661,2661000.000us,6240,80,6160
2662,2662000.000us,6240,160,6080
2663,2663000.000us,6240,0,6240
2664,2664000.000us,6240,0,6240
2665,2665000.000us,6240,80,6160
2666,2666000.000us,6240,160,6080
2667,2667000.000us,6160,80,6080
2668,2668000.000us,6160,80,6080
2669,2669000.000us,6160,80,6080
2670,2670000.000us,6240,80,6160
2671,2671000.000us,6160,80,6080
2672,2672000.000us,6240,80,6160
2673,2673000.000us,6240,80,6160
2674,2674000.000us,6240,80,6160
2675,2675000.000us,6160,80,6080
2676,2676000.000us,6240,80,6160
2677,2677000.000us,6240,80,6160
2678,2678000.000us,6240,80,6160
2679,2679000.000us,6160,0,6160
2680,2680000.000us,6160,80,6080
2681,2681000.000us,6160,80,6080
2682,2682000.000us,6240,160,6080
2683,2683000.000us,6160,0,6160
2684,2684000.000us,6240,80,6160
2685,2685000.000us,6240,80,6160
2686,2686000.000us,6240,80,6160
2687,2687000.000us,6160,0,6160
2688,2688000.000us,6240,80,6160
2689,2689000.000us,6240,80,6160
2690,2690000.000us,6240,80,6160
2691,2691000.000us,6160,80,6080
2692,2692000.000us,6240,80,6160
2693,2693000.000us,6160,80,6080
2694,2694000.000us,6240,160,6080
2695,2695000.000us,6160,0,6160
2696,2696000.000us,6240,0,6240
2697,2697000.000us,6240,160,6080
2698,2698000.000us,6240,160,6080
2699,2699000.000us,6160,0,6160
2700,2700000.000us,6240,80,6160
2701,2701000.000us,6240,80,6160
2702,2702000.000us,6320,160,6160
2703,2703000.000us,6160,0,6160
2704,2704000.000us,6240,160,6080
2705,2705000.000us,6160,80,6080
2706,2706000.000us,6240,80,6160
2707,2707000.000us,6160,80,6080
2708,2708000.000us,6240,80,6160
2709,2709000.000us,6240,80,6160
2710,2710000.000us,6320,160,6160
2711,2711000.000us,6160,0,6160
2712,2712000.000us,6240,0,6240
2713,2713000.000us,6240,160,6080
2714,2714000.000us,6240,160,6080
2715,2715000.000us,6240,0,6240
2716,2716000.000us,6240,0,6240
2717,2717000.000us,6240,80,6160
2718,2718000.000us,6240,160,6080
2719,2719000.000us,6160,0,6160
2720,2720000.000us,6160,80,6080
2721,2721000.000us,6240,0,6240
2722,2722000.000us,6320,80,6240
2723,2723000.000us,6240,0,6240
2724,2724000.000us,6240,80,6160
2725,2725000.000us,6240,80,6160
2726,2726000.000us,6240,80,6160
2727,2727000.000us,6160,0,6160
2728,2728000.000us,6240,80,6160
2729,2729000.000us,6160,80,6080
2730,2730000.000us,6320,160,6160
2731,2731000.000us,6160,0,6160
2732,2732000.000us,6240,80,6160
2733,2733000.000us,6240,80,6160
2734,2734000.000us,6240,160,6080
2735,2735000.000us,6240,80,6160
2736,2736000.000us,6240,80,6160
2737,2737000.000us,6160,80,6080
2738,2738000.000us,6240,80,6160
2739,2739000.000us,6160,0,6160
2740,2740000.000us,6240,80,6160
2741,2741000.000us,6240,80,6160
2742,2742000.000us,6240,80,6160
2743,2743000.000us,6240,0,6240
2744,2744000.000us,6240,0,6240
2745,2745000.000us,6240,80,6160
2746,2746000.000us,6240,80,6160
2747,2747000.000us,6240,80,6160
2748,2748000.000us,6240,80,6160
2749,2749000.000us,6240,80,6160
2750,2750000.000us,6240,80,6160
2751,2751000.000us,6160,0,6160
2752,2752000.000us,6160,80,6080
2753,2753000.000us,6160,80,6080
2754,2754000.000us,6320,80,6240
2755,2755000.000us,6160,0,6160
2756,2756000.000us,6320,0,6320
2757,2757000.000us,6240,80,6160
2758,2758000.000us,6320,80,6240
2759,2759000.000us,6160,0,6160
2760,2760000.000us,6240,80,6160
2761,2761000.000us,6240,0,6240
2762,2762000.000us,6240,160,6080
2763,2763000.000us,6160,0,6160
2764,2764000.000us,6240,0,6240
2765,2765000.000us,6160,0,6160
2766,2766000.000us,6240,160,6080
2767,2767000.000us,6160,0,6160
2768,2768000.000us,6240,80,6160
2769,2769000.000us,6240,80,6160
2770,2770000.000us,6240,160,6080
2771,2771000.000us,6160,0,6160
2772,2772000.000us,6240,80,6160
2773,2773000.000us,6160,80,6080
2774,2774000.000us,6240,160,6080
2775,2775000.000us,6160,80,6080
2776,2776000.000us,6240,80,6160
2777,2777000.000us,6160,0,6160
2778,2778000.000us,6320,160,6160
2779,2779000.000us,6160,0,6160
2780,2780000.000us,6240,80,6160
2781,2781000.000us,6240,80,6160
2782,2782000.000us,6240,80,6160
2783,2783000.000us,6160,0,6160
2784,2784000.000us,6240,80,6160
2785,2785000.000us,6160,80,6080
2786,2786000.000us,6320,80,6240
2787,2787000.000us,6160,80,6080
2788,2788000.000us,6320,80,6240
2789,2789000.000us,6240,0,6240
2790,2790000.000us,6240,80,6160
2791,2791000.000us,6160,0,6160
2792,2792000.000us,6160,80,6080
2793,2793000.000us,6240,80,6160
2794,2794000.000us,6320,160,6160
2795,2795000.000us,6160,0,6160
2796,2796000.000us,6240,80,6160
2797,2797000.000us,6240,80,6160
2798,2798000.000us,6240,160,6080
2799,2799000.000us,6160,0,6160
2800,2800000.000us,6240,0,6240
2801,2801000.000us,6240,80,6160
2802,2802000.000us,6240,80,6160
2803,2803000.000us,6240,0,6240
2804,2804000.000us,6240,80,6160
2805,2805000.000us,6160,80,6080
2806,2806000.000us,6320,160,6160
2807,2807000.000us,6160,0,6160
2808,2808000.000us,6240,0,6240
2809,2809000.000us,6240,80,6160
2810,2810000.000us,6240,80,6160
2811,2811000.000us,6160,0,6160
2812,2812000.000us,6160,80,6080
2813,2813000.000us,6240,80,6160
2814,2814000.000us,6320,80,6240
2815,2815000.000us,6160,0,6160
2816,2816000.000us,6240,80,6160
2817,2817000.000us,6240,80,6160
2818,2818000.000us,6240,80,6160
2819,2819000.000us,6160,0,6160
2820,2820000.000us,6240,80,6160
2821,2821000.000us,6240,80,6160
2822,2822000.000us,6400,3840,2560
2823,2823000.000us,5920,0,5920
2824,2824000.000us,5920,3280,2640
2825,2825000.000us,5840,3280,2560
2826,2826000.000us,5920,3360,2560
2827,2827000.000us,5840,3280,2560
2828,2828000.000us,5840,3280,2560
2829,2829000.000us,5920,3360,2560
2830,2830000.000us,5920,3360,2560
2831,2831000.000us,5840,3280,2560
2832,2832000.000us,5920,3280,2640
2833,2833000.000us,5840,3360,2480
2834,2834000.000us,5920,3360,2560
2835,2835000.000us,5840,3280,2560
2836,2836000.000us,5840,3280,2560
2837,2837000.000us,5920,3280,2640
2838,2838000.000us,5920,3360,2560
2839,2839000.000us,5840,3280,2560
2840,2840000.000us,5920,3280,2640
2841,2841000.000us,5840,3280,2560
2842,2842000.000us,5920,3360,2560
2843,2843000.000us,5840,3280,2560
2844,2844000.000us,5920,3280,2640
2845,2845000.000us,5840,3280,2560
2846,2846000.000us,5920,3360,2560
2847,2847000.000us,5840,3280,2560
2848,2848000.000us,5920,3360,2560
2849,2849000.000us,5920,3280,2640
2850,2850000.000us,5920,3360,2560
2851,2851000.000us,5840,3280,2560
2852,2852000.000us,5840,3280,2560
2853,2853000.000us,5920,3280,2640
2854,2854000.000us,5920,3360,2560
2855,2855000.000us,5840,3280,2560
2856,2856000.000us,5920,3360,2560
2857,2857000.000us,5840,3280,2560
2858,2858000.000us,5920,3440,2480
2859,2859000.000us,5840,3280,2560
2860,2860000.000us,5840,3360,2480
2861,2861000.000us,5840,3360,2480
2862,2862000.000us,5920,3360,2560
2863,2863000.000us,5840,3280,2560
2864,2864000.000us,5840,3280,2560
2865,2865000.000us,5920,3360,2560
2866,2866000.000us,6000,3360,2640
2867,2867000.000us,5840,3280,2560
2868,2868000.000us,5840,3280,2560
2869,2869000.000us,5840,3360,2480
2870,2870000.000us,5920,3360,2560
2871,2871000.000us,5840,3280,2560
2872,2872000.000us,5920,3360,2560
2873,2873000.000us,5920,3280,2640
2874,2874000.000us,5920,3360,2560
2875,2875000.000us,5840,3280,2560
2876,2876000.000us,5920,3360,2560
2877,2877000.000us,5920,2800,3120
2878,2878000.000us,5920,2800,3120
2879,2879000.000us,5760,2640,3120
2880,2880000.000us,5840,2800,3040
2881,2881000.000us,5920,2800,3120
2882,2882000.000us,5920,2800,3120
2883,2883000.000us,5760,2720,3040
2884,2884000.000us,5920,2800,3120
2885,2885000.000us,5920,2800,3120
2886,2886000.000us,5920,2800,3120
2887,2887000.000us,5840,2720,3120
2888,2888000.000us,5920,2800,3120
2889,2889000.000us,5840,2720,3120
2890,2890000.000us,5920,2800,3120
2891,2891000.000us,5840,2720,3120
2892,2892000.000us,5840,2800,3040
2893,2893000.000us,5920,2800,3120
2894,2894000.000us,5920,2800,3120
2895,2895000.000us,5760,2720,3040
2896,2896000.000us,5920,2800,3120
2897,2897000.000us,5840,2720,3120
2898,2898000.000us,5920,2800,3120
2899,2899000.000us,5840,2720,3120
2900,2900000.000us,5840,2720,3120
2901,2901000.000us,5920,2720,3200
2902,2902000.000us,5920,2800,3120
2903,2903000.000us,5840,2720,3120
2904,2904000.000us,5840,2800,3040
2905,2905000.000us,5840,2800,3040
2906,2906000.000us,5920,2800,3120
2907,2907000.000us,5840,2720,3120
2908,2908000.000us,5920,2800,3120
2909,2909000.000us,5840,2720,3120
2910,2910000.000us,5920,2800,3120
2911,2911000.000us,5840,2720,3120
2912,2912000.000us,5920,2720,3200
2913,2913000.000us,5840,2800,3040
2914,2914000.000us,5920,2800,3120
2915,2915000.000us,5840,2720,3120
2916,2916000.000us,5840,2800,3040
2917,2917000.000us,5840,2800,3040
2918,2918000.000us,5920,2880,3040
2919,2919000.000us,5840,2720,3120
2920,2920000.000us,5920,2720,3200
2921,2921000.000us,5920,2800,3120
2922,2922000.000us,5920,2800,3120
2923,2923000.000us,5840,2720,3120
2924,2924000.000us,5920,2800,3120
2925,2925000.000us,5920,2720,3200
2926,2926000.000us,5920,2880,3040
2927,2927000.000us,5760,2720,3040
2928,2928000.000us,5840,2800,3040
2929,2929000.000us,5840,2800,3040
2930,2930000.000us,5920,2800,3120
2931,2931000.000us,5760,2720,3040
2932,2932000.000us,5840,2720,3120
2933,2933000.000us,5840,2800,3040
2934,2934000.000us,5920,2800,3120
2935,2935000.000us,5840,2720,3120
2936,2936000.000us,5920,2800,3120
2937,2937000.000us,5920,2800,3120
2938,2938000.000us,5920,2800,3120
2939,2939000.000us,5760,2720,3040
2940,2940000.000us,5840,2720,3120
2941,2941000.000us,5840,2720,3120
2942,2942000.000us,5920,2800,3120
2943,2943000.000us,5840,2720,3120
2944,2944000.000us,5920,2800,3120
2945,2945000.000us,5840,2720,3120
2946,2946000.000us,5920,2800,3120
2947,2947000.000us,5840,2720,3120
2948,2948000.000us,5920,2720,3200
2949,2949000.000us,5840,2800,3040
2950,2950000.000us,5920,2800,3120
2951,2951000.000us,5760,2720,3040
2952,2952000.000us,5760,2800,2960
2953,2953000.000us,5920,2800,3120
2954,2954000.000us,5920,2800,3120
2955,2955000.000us,5840,2720,3120
2956,2956000.000us,5920,2720,3200
2957,2957000.000us,5920,2800,3120
2958,2958000.000us,5920,2800,3120
2959,2959000.000us,5840,2720,3120
2960,2960000.000us,5840,2720,3120
2961,2961000.000us,5920,2880,3040
2962,2962000.000us,5920,2880,3040
2963,2963000.000us,5840,2720,3120
2964,2964000.000us,5920,2800,3120
2965,2965000.000us,5920,2800,3120
2966,2966000.000us,6000,2800,3200
2967,2967000.000us,5840,2720,3120
2968,2968000.000us,6000,2800,3200
2969,2969000.000us,5840,2800,3040
2970,2970000.000us,5920,2800,3120
2971,2971000.000us,5840,2720,3120
2972,2972000.000us,5920,2800,3120
2973,2973000.000us,5920,2800,3120
2974,2974000.000us,5920,2800,3120
2975,2975000.000us,5760,2720,3040
2976,2976000.000us,5840,2800,3040
2977,2977000.000us,5840,2720,3120
2978,2978000.000us,6000,2800,3200
2979,2979000.000us,5760,2720,3040
2980,2980000.000us,5760,2800,2960
2981,2981000.000us,5920,2880,3040
2982,2982000.000us,5920,2880,3040
2983,2983000.000us,5840,2800,3040
2984,2984000.000us,5840,2800,3040
2985,2985000.000us,5920,2800,3120
2986,2986000.000us,5920,2800,3120
2987,2987000.000us,5840,2720,3120
2988,2988000.000us,5840,2800,3040
2989,2989000.000us,5760,2800,2960
2990,2990000.000us,5920,2800,3120
2991,2991000.000us,5760,2720,3040
2992,2992000.000us,5840,2720,3120
2993,2993000.000us,5840,2800,3040
2994,2994000.000us,5920,2800,3120
2995,2995000.000us,5840,2720,3120
2996,2996000.000us,5920,2800,3120
2997,2997000.000us,5840,2800,3040
2998,2998000.000us,5920,2800,3120
2999,2999000.000us,5840,2720,3120
3000,3000000.000us,5920,2800,3120
3001,3001000.000us,5920,2720,3200
3002,3002000.000us,5920,2800,3120
3003,3003000.000us,5840,2720,3120
3004,3004000.000us,5840,2800,3040
3005,3005000.000us,5920,2720,3200
3006,3006000.000us,5920,2800,3120
3007,3007000.000us,5760,2720,3040
3008,3008000.000us,5840,2800,3040
3009,3009000.000us,5920,2720,3200
3010,3010000.000us,5920,2800,3120
3011,3011000.000us,5840,2720,3120
3012,3012000.000us,5920,2800,3120
3013,3013000.000us,5840,2880,2960
3014,3014000.000us,5920,2880,3040
3015,3015000.000us,5840,2720,3120
3016,3016000.000us,5840,2720,3120
3017,3017000.000us,5840,2800,3040
3018,3018000.000us,5920,2800,3120
3019,3019000.000us,5840,2720,3120
3020,3020000.000us,5840,2720,3120
3021,3021000.000us,5920,2720,3200
3022,3022000.000us,5920,2800,3120
3023,3023000.000us,5840,2720,3120
3024,3024000.000us,5840,2800,3040
3025,3025000.000us,5920,2800,3120
3026,3026000.000us,5920,2800,3120
3027,3027000.000us,5840,2720,3120
3028,3028000.000us,5840,2720,3120
3029,3029000.000us,5920,2800,3120
3030,3030000.000us,5920,2800,3120
3031,3031000.000us,5840,2720,3120
3032,3032000.000us,5840,2720,3120
3033,3033000.000us,5920,2720,3200
3034,3034000.000us,5920,2800,3120
3035,3035000.000us,5840,2720,3120
3036,3036000.000us,5920,2720,3200
3037,3037000.000us,5840,2720,3120
3038,3038000.000us,5920,2800,3120
3039,3039000.000us,5840,2720,3120
3040,3040000.000us,5840,2800,3040
