Save Time:,2026-05-11 12:52:02,,,
,,CH1,CH2,
Frequency:,,?,?,
Period:,,?,?,
SP:,,500.000 uS,500.000 uS,
PK-PK:,,3.720 V,3.960 V,
,,,,
Units:(mV),Tiempo,S,G,VGS
2,500.000us,3360,1080,-2280
3,1000.000us,3520,1120,-2400
4,1500.000us,3360,1080,-2280
5,2000.000us,3520,1120,-2400
6,2500.000us,3520,1120,-2400
7,3000.000us,3520,1120,-2400
8,3500.000us,3280,1000,-2280
9,4000.000us,3280,1000,-2280
10,4500.000us,3280,1000,-2280
11,5000.000us,3280,1000,-2280
12,5500.000us,3000,920,-2080
13,6000.000us,3000,920,-2080
14,6500.000us,3000,960,-2040
15,7000.000us,3040,1000,-2040
16,7500.000us,2960,920,-2040
17,8000.000us,3000,960,-2040
18,8500.000us,3000,960,-2040
19,9000.000us,3000,960,-2040
20,9500.000us,2960,920,-2040
21,10000.000us,3000,920,-2080
22,10500.000us,2960,960,-2000
23,11000.000us,3000,960,-2040
24,11500.000us,2960,920,-2040
25,12000.000us,2960,920,-2040
26,12500.000us,3040,960,-2080
27,13000.000us,3040,960,-2080
28,13500.000us,2960,920,-2040
29,14000.000us,3040,960,-2080
30,14500.000us,3000,960,-2040
31,15000.000us,3040,960,-2080
32,15500.000us,3000,920,-2080
33,16000.000us,3000,960,-2040
34,16500.000us,3080,920,-2160
35,17000.000us,3080,960,-2120
36,17500.000us,3000,920,-2080
37,18000.000us,3040,960,-2080
38,18500.000us,3040,960,-2080
39,19000.000us,3360,1040,-2320
40,19500.000us,3040,960,-2080
41,20000.000us,3360,1040,-2320
42,20500.000us,3400,1080,-2320
43,21000.000us,3520,1120,-2400
44,21500.000us,3400,1040,-2360
45,22000.000us,3520,1120,-2400
46,22500.000us,3520,1080,-2440
47,23000.000us,3520,1120,-2400
48,23500.000us,3280,1000,-2280
49,24000.000us,3280,1000,-2280
50,24500.000us,3240,1000,-2240
51,25000.000us,3240,1000,-2240
52,25500.000us,3000,920,-2080
53,26000.000us,3000,960,-2040
54,26500.000us,2960,920,-2040
55,27000.000us,3000,960,-2040
56,27500.000us,2960,880,-2080
57,28000.000us,3000,960,-2040
58,28500.000us,2960,920,-2040
59,29000.000us,3000,960,-2040
60,29500.000us,2960,920,-2040
61,30000.000us,2960,920,-2040
62,30500.000us,2960,920,-2040
63,31000.000us,3000,960,-2040
64,31500.000us,2960,920,-2040
65,32000.000us,2960,960,-2000
66,32500.000us,2960,960,-2000
67,33000.000us,3040,960,-2080
68,33500.000us,2960,920,-2040
69,34000.000us,3040,960,-2080
70,34500.000us,3000,960,-2040
71,35000.000us,3040,960,-2080
72,35500.000us,3000,920,-2080
73,36000.000us,3040,920,-2120
74,36500.000us,3080,920,-2160
75,37000.000us,3080,1000,-2080
76,37500.000us,3040,920,-2120
77,38000.000us,3080,1000,-2080
78,38500.000us,3040,960,-2080
79,39000.000us,3320,1040,-2280
80,39500.000us,3040,960,-2080
81,40000.000us,3320,1040,-2280
82,40500.000us,3360,1040,-2320
83,41000.000us,3560,1120,-2440
84,41500.000us,3360,1040,-2320
85,42000.000us,3480,1120,-2360
86,42500.000us,3520,1120,-2400
87,43000.000us,3520,1120,-2400
88,43500.000us,3320,1000,-2320
89,44000.000us,3320,1000,-2320
90,44500.000us,3280,1000,-2280
91,45000.000us,3280,1000,-2280
92,45500.000us,3000,920,-2080
93,46000.000us,3000,920,-2080
94,46500.000us,3000,920,-2080
95,47000.000us,3000,1000,-2000
96,47500.000us,2960,920,-2040
97,48000.000us,3000,1000,-2000
98,48500.000us,3000,960,-2040
99,49000.000us,3000,960,-2040
100,49500.000us,2960,920,-2040
101,50000.000us,2960,920,-2040
102,50500.000us,3000,960,-2040
103,51000.000us,3000,1000,-2000
104,51500.000us,2960,920,-2040
105,52000.000us,3000,960,-2040
106,52500.000us,3000,920,-2080
107,53000.000us,3040,960,-2080
108,53500.000us,2960,920,-2040
109,54000.000us,3040,960,-2080
110,54500.000us,3000,960,-2040
111,55000.000us,3040,1000,-2040
112,55500.000us,3000,920,-2080
113,56000.000us,3040,960,-2080
114,56500.000us,3040,960,-2080
115,57000.000us,3080,1000,-2080
116,57500.000us,3000,920,-2080
117,58000.000us,3040,960,-2080
118,58500.000us,3040,960,-2080
119,59000.000us,3320,1040,-2280
120,59500.000us,3040,920,-2120
121,60000.000us,3320,1040,-2280
122,60500.000us,3400,1080,-2320
123,61000.000us,3520,1120,-2400
124,61500.000us,3400,1080,-2320
125,62000.000us,3480,1120,-2360
126,62500.000us,3520,1120,-2400
127,63000.000us,3520,1120,-2400
128,63500.000us,3320,1040,-2280
129,64000.000us,3320,1040,-2280
130,64500.000us,3280,1000,-2280
131,65000.000us,3280,1000,-2280
132,65500.000us,2960,920,-2040
133,66000.000us,2960,960,-2000
134,66500.000us,3000,1000,-2000
135,67000.000us,3000,1000,-2000
136,67500.000us,2960,920,-2040
137,68000.000us,3000,960,-2040
138,68500.000us,3040,960,-2080
139,69000.000us,3040,960,-2080
140,69500.000us,2960,920,-2040
141,70000.000us,3000,960,-2040
142,70500.000us,2960,960,-2000
143,71000.000us,3000,960,-2040
144,71500.000us,2960,920,-2040
145,72000.000us,2960,920,-2040
146,72500.000us,2960,960,-2000
147,73000.000us,3040,960,-2080
148,73500.000us,2960,920,-2040
149,74000.000us,3000,960,-2040
150,74500.000us,3000,960,-2040
151,75000.000us,3040,960,-2080
152,75500.000us,3000,920,-2080
153,76000.000us,3040,960,-2080
154,76500.000us,3040,960,-2080
155,77000.000us,3080,960,-2120
156,77500.000us,3000,920,-2080
157,78000.000us,3080,960,-2120
158,78500.000us,3080,960,-2120
159,79000.000us,3360,1080,-2280
160,79500.000us,3040,960,-2080
161,80000.000us,3360,1080,-2280
162,80500.000us,3360,1080,-2280
163,81000.000us,3520,1120,-2400
164,81500.000us,3360,1040,-2320
165,82000.000us,3480,1080,-2400
166,82500.000us,3560,1120,-2440
167,83000.000us,3560,1120,-2440
168,83500.000us,3320,1000,-2320
169,84000.000us,3320,1000,-2320
170,84500.000us,3280,1000,-2280
171,85000.000us,3280,1000,-2280
172,85500.000us,2960,920,-2040
173,86000.000us,3000,920,-2080
174,86500.000us,2960,960,-2000
175,87000.000us,3040,1000,-2040
176,87500.000us,2960,920,-2040
177,88000.000us,2960,960,-2000
178,88500.000us,3000,960,-2040
179,89000.000us,3040,960,-2080
180,89500.000us,2960,920,-2040
181,90000.000us,3040,960,-2080
182,90500.000us,2960,960,-2000
183,91000.000us,3040,960,-2080
184,91500.000us,2960,880,-2080
185,92000.000us,3040,960,-2080
186,92500.000us,3000,920,-2080
187,93000.000us,3040,960,-2080
188,93500.000us,2960,880,-2080
189,94000.000us,3000,920,-2080
190,94500.000us,3040,920,-2120
191,95000.000us,3040,960,-2080
192,95500.000us,3000,920,-2080
193,96000.000us,3040,920,-2120
194,96500.000us,3080,960,-2120
195,97000.000us,3080,1000,-2080
196,97500.000us,3000,920,-2080
197,98000.000us,3040,920,-2120
198,98500.000us,3080,960,-2120
199,99000.000us,3360,1080,-2280
200,99500.000us,3080,960,-2120
201,100000.000us,3360,1080,-2280
202,100500.000us,3360,1040,-2320
203,101000.000us,3520,1120,-2400
204,101500.000us,3360,1040,-2320
205,102000.000us,3480,1120,-2360
206,102500.000us,3520,1080,-2440
207,103000.000us,3520,1120,-2400
208,103500.000us,3320,1000,-2320
209,104000.000us,3320,1080,-2240
210,104500.000us,3280,1000,-2280
211,105000.000us,3280,1000,-2280
212,105500.000us,2960,920,-2040
213,106000.000us,3000,960,-2040
214,106500.000us,2960,920,-2040
215,107000.000us,3040,960,-2080
216,107500.000us,2960,920,-2040
217,108000.000us,3040,920,-2120
218,108500.000us,2960,960,-2000
219,109000.000us,3000,960,-2040
220,109500.000us,2920,920,-2000
221,110000.000us,2920,920,-2000
222,110500.000us,2960,920,-2040
223,111000.000us,3000,960,-2040
224,111500.000us,2960,920,-2040
225,112000.000us,3000,960,-2040
226,112500.000us,3040,920,-2120
227,113000.000us,3080,960,-2120
228,113500.000us,2960,920,-2040
229,114000.000us,2960,960,-2000
230,114500.000us,3000,920,-2080
231,115000.000us,3040,960,-2080
232,115500.000us,3000,920,-2080
233,116000.000us,3040,920,-2120
234,116500.000us,3000,920,-2080
235,117000.000us,3080,1000,-2080
236,117500.000us,3000,920,-2080
237,118000.000us,3080,960,-2120
238,118500.000us,3040,1000,-2040
239,119000.000us,3320,1040,-2280
240,119500.000us,3040,960,-2080
241,120000.000us,3320,1040,-2280
242,120500.000us,3360,1080,-2280
243,121000.000us,3520,1080,-2440
244,121500.000us,3360,1080,-2280
245,122000.000us,3520,1080,-2440
246,122500.000us,3520,1080,-2440
247,123000.000us,3560,1080,-2480
248,123500.000us,3280,1040,-2240
249,124000.000us,3280,1040,-2240
250,124500.000us,3280,1000,-2280
251,125000.000us,3280,1000,-2280
252,125500.000us,2960,920,-2040
253,126000.000us,2960,920,-2040
254,126500.000us,3000,920,-2080
255,127000.000us,3000,960,-2040
256,127500.000us,2960,920,-2040
257,128000.000us,2960,920,-2040
258,128500.000us,2960,920,-2040
259,129000.000us,3000,960,-2040
260,129500.000us,2920,880,-2040
261,130000.000us,2960,920,-2040
262,130500.000us,2960,920,-2040
263,131000.000us,3000,960,-2040
264,131500.000us,2920,920,-2000
265,132000.000us,2920,920,-2000
266,132500.000us,2960,920,-2040
267,133000.000us,3040,960,-2080
268,133500.000us,2960,920,-2040
269,134000.000us,3000,920,-2080
270,134500.000us,3000,960,-2040
271,135000.000us,3080,960,-2120
272,135500.000us,3000,960,-2040
273,136000.000us,3040,960,-2080
274,136500.000us,3000,920,-2080
275,137000.000us,3120,960,-2160
276,137500.000us,3000,920,-2080
277,138000.000us,3120,960,-2160
278,138500.000us,3040,960,-2080
279,139000.000us,3360,1000,-2360
280,139500.000us,3040,960,-2080
281,140000.000us,3360,1000,-2360
282,140500.000us,3400,1040,-2360
283,141000.000us,3520,1120,-2400
284,141500.000us,3400,1040,-2360
285,142000.000us,3520,1120,-2400
286,142500.000us,3520,1080,-2440
287,143000.000us,3520,1120,-2400
288,143500.000us,3320,1040,-2280
289,144000.000us,3320,1040,-2280
290,144500.000us,3280,1000,-2280
291,145000.000us,3280,1000,-2280
292,145500.000us,3000,920,-2080
293,146000.000us,3000,960,-2040
294,146500.000us,2960,960,-2000
295,147000.000us,3000,960,-2040
296,147500.000us,2960,920,-2040
297,148000.000us,2960,960,-2000
298,148500.000us,3000,920,-2080
299,149000.000us,3040,960,-2080
300,149500.000us,2960,920,-2040
301,150000.000us,2960,960,-2000
302,150500.000us,2960,920,-2040
303,151000.000us,3000,960,-2040
304,151500.000us,2960,920,-2040
305,152000.000us,3000,920,-2080
306,152500.000us,3000,920,-2080
307,153000.000us,3000,960,-2040
308,153500.000us,2960,920,-2040
309,154000.000us,3000,920,-2080
310,154500.000us,3000,920,-2080
311,155000.000us,3040,960,-2080
312,155500.000us,2960,920,-2040
313,156000.000us,3040,920,-2120
314,156500.000us,3040,920,-2120
315,157000.000us,3080,1000,-2080
316,157500.000us,3000,920,-2080
317,158000.000us,3080,960,-2120
318,158500.000us,3080,960,-2120
319,159000.000us,3360,1080,-2280
320,159500.000us,3080,960,-2120
321,160000.000us,3360,1080,-2280
322,160500.000us,3360,1040,-2320
323,161000.000us,3520,1120,-2400
324,161500.000us,3360,1040,-2320
325,162000.000us,3520,1120,-2400
326,162500.000us,3480,1080,-2400
327,163000.000us,3520,1120,-2400
328,163500.000us,3320,1000,-2320
329,164000.000us,3320,1040,-2280
330,164500.000us,3280,1000,-2280
331,165000.000us,3280,1000,-2280
332,165500.000us,3000,880,-2120
333,166000.000us,3000,920,-2080
334,166500.000us,3000,960,-2040
335,167000.000us,3040,960,-2080
336,167500.000us,2960,920,-2040
337,168000.000us,2960,960,-2000
338,168500.000us,3000,920,-2080
339,169000.000us,3040,1000,-2040
340,169500.000us,2960,920,-2040
341,170000.000us,2960,920,-2040
342,170500.000us,3000,960,-2040
343,171000.000us,3000,960,-2040
344,171500.000us,2960,920,-2040
345,172000.000us,3000,960,-2040
346,172500.000us,2960,920,-2040
347,173000.000us,3040,960,-2080
348,173500.000us,2960,920,-2040
349,174000.000us,3000,920,-2080
350,174500.000us,3040,960,-2080
351,175000.000us,3040,960,-2080
352,175500.000us,3000,920,-2080
353,176000.000us,3000,920,-2080
354,176500.000us,3080,960,-2120
355,177000.000us,3080,1000,-2080
356,177500.000us,3040,920,-2120
357,178000.000us,3080,1000,-2080
358,178500.000us,3040,960,-2080
359,179000.000us,3320,1080,-2240
360,179500.000us,3040,960,-2080
361,180000.000us,3320,1040,-2280
362,180500.000us,3360,1040,-2320
363,181000.000us,3520,1120,-2400
364,181500.000us,3360,1040,-2320
365,182000.000us,3520,1080,-2440
366,182500.000us,3520,1040,-2480
367,183000.000us,3520,1080,-2440
368,183500.000us,3360,1040,-2320
369,184000.000us,3360,1040,-2320
370,184500.000us,3240,1000,-2240
371,185000.000us,3240,1000,-2240
372,185500.000us,3000,920,-2080
373,186000.000us,3000,920,-2080
374,186500.000us,2960,920,-2040
375,187000.000us,3040,960,-2080
376,187500.000us,2960,920,-2040
377,188000.000us,3040,960,-2080
378,188500.000us,3000,960,-2040
379,189000.000us,3040,960,-2080
380,189500.000us,2960,920,-2040
381,190000.000us,2960,960,-2000
382,190500.000us,2960,960,-2000
383,191000.000us,3000,1000,-2000
384,191500.000us,2960,920,-2040
385,192000.000us,3000,1000,-2000
386,192500.000us,2960,960,-2000
387,193000.000us,3040,960,-2080
388,193500.000us,2960,920,-2040
389,194000.000us,2960,920,-2040
390,194500.000us,3040,960,-2080
391,195000.000us,3080,960,-2120
392,195500.000us,2960,920,-2040
393,196000.000us,3040,920,-2120
394,196500.000us,3040,920,-2120
395,197000.000us,3080,1000,-2080
396,197500.000us,3000,920,-2080
397,198000.000us,3080,960,-2120
398,198500.000us,3080,960,-2120
399,199000.000us,3320,1040,-2280
400,199500.000us,3040,960,-2080
401,200000.000us,3320,1040,-2280
402,200500.000us,3400,1080,-2320
403,201000.000us,3520,1120,-2400
404,201500.000us,3400,1040,-2360
405,202000.000us,3520,1080,-2440
406,202500.000us,3520,1120,-2400
407,203000.000us,3520,1120,-2400
408,203500.000us,3280,1000,-2280
409,204000.000us,3280,1000,-2280
410,204500.000us,3280,1000,-2280
411,205000.000us,3280,1000,-2280
412,205500.000us,3000,920,-2080
413,206000.000us,3000,960,-2040
414,206500.000us,3040,920,-2120
415,207000.000us,3040,960,-2080
416,207500.000us,2960,920,-2040
417,208000.000us,3000,920,-2080
418,208500.000us,2960,920,-2040
419,209000.000us,3000,960,-2040
420,209500.000us,2960,880,-2080
421,210000.000us,3000,960,-2040
422,210500.000us,2960,920,-2040
423,211000.000us,3000,960,-2040
424,211500.000us,2920,920,-2000
425,212000.000us,3000,960,-2040
426,212500.000us,2960,920,-2040
427,213000.000us,3040,960,-2080
428,213500.000us,2960,920,-2040
429,214000.000us,2960,960,-2000
430,214500.000us,3000,960,-2040
431,215000.000us,3040,960,-2080
432,215500.000us,3000,920,-2080
433,216000.000us,3000,960,-2040
434,216500.000us,3040,960,-2080
435,217000.000us,3080,960,-2120
436,217500.000us,3000,920,-2080
437,218000.000us,3040,960,-2080
438,218500.000us,3080,960,-2120
439,219000.000us,3360,1080,-2280
440,219500.000us,3080,920,-2160
441,220000.000us,3360,1080,-2280
442,220500.000us,3360,1040,-2320
443,221000.000us,3520,1120,-2400
444,221500.000us,3360,1040,-2320
445,222000.000us,3520,1120,-2400
446,222500.000us,3520,1120,-2400
447,223000.000us,3520,1120,-2400
448,223500.000us,3360,1000,-2360
449,224000.000us,3360,1000,-2360
450,224500.000us,3280,1000,-2280
451,225000.000us,3280,1000,-2280
452,225500.000us,2960,920,-2040
453,226000.000us,2960,960,-2000
454,226500.000us,3000,960,-2040
455,227000.000us,3040,960,-2080
456,227500.000us,2960,920,-2040
457,228000.000us,3000,960,-2040
458,228500.000us,3000,960,-2040
459,229000.000us,3000,960,-2040
460,229500.000us,2920,920,-2000
461,230000.000us,2960,920,-2040
462,230500.000us,3000,920,-2080
463,231000.000us,3000,960,-2040
464,231500.000us,2960,920,-2040
465,232000.000us,3000,920,-2080
466,232500.000us,3000,920,-2080
467,233000.000us,3000,960,-2040
468,233500.000us,2960,920,-2040
469,234000.000us,3000,920,-2080
470,234500.000us,3000,960,-2040
471,235000.000us,3040,1000,-2040
472,235500.000us,3000,920,-2080
473,236000.000us,3040,960,-2080
474,236500.000us,3040,1000,-2040
475,237000.000us,3080,1000,-2080
476,237500.000us,3040,920,-2120
477,238000.000us,3040,960,-2080
478,238500.000us,3040,960,-2080
479,239000.000us,3320,1080,-2240
480,239500.000us,3040,960,-2080
481,240000.000us,3320,1080,-2240
482,240500.000us,3360,1040,-2320
483,241000.000us,3520,1120,-2400
484,241500.000us,3360,1040,-2320
485,242000.000us,3480,1080,-2400
486,242500.000us,3520,1080,-2440
487,243000.000us,3520,1080,-2440
488,243500.000us,3280,1000,-2280
489,244000.000us,3280,1040,-2240
490,244500.000us,3320,1000,-2320
491,245000.000us,3320,1000,-2320
492,245500.000us,3000,920,-2080
493,246000.000us,3000,920,-2080
494,246500.000us,3000,920,-2080
495,247000.000us,3000,960,-2040
496,247500.000us,2960,880,-2080
497,248000.000us,3000,920,-2080
498,248500.000us,3000,920,-2080
499,249000.000us,3040,960,-2080
500,249500.000us,2960,920,-2040
501,250000.000us,2960,920,-2040
502,250500.000us,2960,920,-2040
503,251000.000us,3040,960,-2080
504,251500.000us,2960,920,-2040
505,252000.000us,3000,960,-2040
506,252500.000us,3000,960,-2040
507,253000.000us,3000,960,-2040
508,253500.000us,3000,920,-2080
509,254000.000us,3000,920,-2080
510,254500.000us,3000,960,-2040
511,255000.000us,3040,1000,-2040
512,255500.000us,3000,920,-2080
513,256000.000us,3000,960,-2040
514,256500.000us,3040,960,-2080
515,257000.000us,3080,960,-2120
516,257500.000us,3040,920,-2120
517,258000.000us,3080,960,-2120
518,258500.000us,3040,960,-2080
519,259000.000us,3320,1040,-2280
520,259500.000us,3040,960,-2080
521,260000.000us,3320,1040,-2280
522,260500.000us,3360,1040,-2320
523,261000.000us,3520,1120,-2400
524,261500.000us,3360,1040,-2320
525,262000.000us,3520,1080,-2440
526,262500.000us,3520,1040,-2480
527,263000.000us,3520,1120,-2400
528,263500.000us,3280,1040,-2240
529,264000.000us,3280,1040,-2240
530,264500.000us,3320,1040,-2280
531,265000.000us,3320,1040,-2280
532,265500.000us,2960,920,-2040
533,266000.000us,3000,960,-2040
534,266500.000us,3000,880,-2120
535,267000.000us,3000,960,-2040
536,267500.000us,2960,880,-2080
537,268000.000us,3000,960,-2040
538,268500.000us,2960,920,-2040
539,269000.000us,3000,960,-2040
540,269500.000us,2960,920,-2040
541,270000.000us,3000,960,-2040
542,270500.000us,2960,920,-2040
543,271000.000us,3000,960,-2040
544,271500.000us,2960,920,-2040
545,272000.000us,2960,920,-2040
546,272500.000us,2960,960,-2000
547,273000.000us,3040,1000,-2040
548,273500.000us,2960,920,-2040
549,274000.000us,3040,960,-2080
550,274500.000us,2960,960,-2000
551,275000.000us,3040,1000,-2040
552,275500.000us,2960,920,-2040
553,276000.000us,3040,920,-2120
554,276500.000us,3040,960,-2080
555,277000.000us,3080,960,-2120
556,277500.000us,3040,920,-2120
557,278000.000us,3040,960,-2080
558,278500.000us,3080,960,-2120
559,279000.000us,3360,1040,-2320
560,279500.000us,3040,960,-2080
561,280000.000us,3360,1040,-2320
562,280500.000us,3440,1000,-2440
563,281000.000us,3520,1120,-2400
564,281500.000us,3400,1000,-2400
565,282000.000us,3480,1080,-2400
566,282500.000us,3520,1080,-2440
567,283000.000us,3520,1120,-2400
568,283500.000us,3320,1040,-2280
569,284000.000us,3320,1040,-2280
570,284500.000us,3240,1000,-2240
571,285000.000us,3240,1000,-2240
572,285500.000us,3000,920,-2080
573,286000.000us,3000,960,-2040
574,286500.000us,3000,960,-2040
575,287000.000us,3000,960,-2040
576,287500.000us,2960,920,-2040
577,288000.000us,2960,920,-2040
578,288500.000us,3000,960,-2040
579,289000.000us,3000,960,-2040
580,289500.000us,2960,920,-2040
581,290000.000us,2960,920,-2040
582,290500.000us,2960,920,-2040
583,291000.000us,3000,1000,-2000
584,291500.000us,2960,920,-2040
585,292000.000us,2960,960,-2000
586,292500.000us,3000,960,-2040
587,293000.000us,3000,960,-2040
588,293500.000us,3000,920,-2080
589,294000.000us,3000,920,-2080
590,294500.000us,3000,960,-2040
591,295000.000us,3040,960,-2080
592,295500.000us,3000,920,-2080
593,296000.000us,3040,960,-2080
594,296500.000us,3040,960,-2080
595,297000.000us,3120,1000,-2120
596,297500.000us,3000,920,-2080
597,298000.000us,3120,960,-2160
598,298500.000us,3080,1000,-2080
599,299000.000us,3320,1040,-2280
600,299500.000us,3080,960,-2120
601,300000.000us,3320,1040,-2280
602,300500.000us,3360,1040,-2320
603,301000.000us,3520,1120,-2400
604,301500.000us,3360,1040,-2320
605,302000.000us,3480,1080,-2400
606,302500.000us,3480,1080,-2400
607,303000.000us,3520,1120,-2400
608,303500.000us,3320,1040,-2280
609,304000.000us,3360,1040,-2320
610,304500.000us,3280,1000,-2280
611,305000.000us,3280,1000,-2280
612,305500.000us,2960,960,-2000
613,306000.000us,3000,960,-2040
614,306500.000us,3000,920,-2080
615,307000.000us,3000,960,-2040
616,307500.000us,2960,920,-2040
617,308000.000us,2960,920,-2040
618,308500.000us,2960,920,-2040
619,309000.000us,3000,960,-2040
620,309500.000us,2960,920,-2040
621,310000.000us,2960,920,-2040
622,310500.000us,2960,960,-2000
623,311000.000us,3000,1000,-2000
624,311500.000us,2960,880,-2080
625,312000.000us,3000,920,-2080
626,312500.000us,2960,920,-2040
627,313000.000us,3040,1000,-2040
628,313500.000us,2960,920,-2040
629,314000.000us,3000,920,-2080
630,314500.000us,3040,920,-2120
631,315000.000us,3040,960,-2080
632,315500.000us,3000,920,-2080
633,316000.000us,3040,960,-2080
634,316500.000us,3080,920,-2160
635,317000.000us,3080,1000,-2080
636,317500.000us,3040,920,-2120
637,318000.000us,3040,960,-2080
638,318500.000us,3080,960,-2120
639,319000.000us,3320,1040,-2280
640,319500.000us,3040,960,-2080
641,320000.000us,3320,1000,-2320
642,320500.000us,3360,1000,-2360
643,321000.000us,3520,1120,-2400
644,321500.000us,3360,1000,-2360
645,322000.000us,3480,1120,-2360
646,322500.000us,3520,1120,-2400
647,323000.000us,3520,1120,-2400
648,323500.000us,3240,1000,-2240
649,324000.000us,3240,1040,-2200
650,324500.000us,3280,1000,-2280
651,325000.000us,3280,1000,-2280
652,325500.000us,3000,920,-2080
653,326000.000us,3040,960,-2080
654,326500.000us,2960,920,-2040
655,327000.000us,3000,960,-2040
656,327500.000us,2960,920,-2040
657,328000.000us,2960,960,-2000
658,328500.000us,2960,960,-2000
659,329000.000us,3000,960,-2040
660,329500.000us,2960,880,-2080
661,330000.000us,3000,920,-2080
662,330500.000us,2960,960,-2000
663,331000.000us,3000,960,-2040
664,331500.000us,2960,920,-2040
665,332000.000us,3000,960,-2040
666,332500.000us,2960,920,-2040
667,333000.000us,3040,960,-2080
668,333500.000us,2960,920,-2040
669,334000.000us,3000,960,-2040
670,334500.000us,3040,920,-2120
671,335000.000us,3040,960,-2080
672,335500.000us,2960,920,-2040
673,336000.000us,3000,960,-2040
674,336500.000us,3040,960,-2080
675,337000.000us,3080,1000,-2080
676,337500.000us,3040,960,-2080
677,338000.000us,3040,960,-2080
678,338500.000us,3040,960,-2080
679,339000.000us,3320,1080,-2240
680,339500.000us,3040,920,-2120
681,340000.000us,3320,1040,-2280
682,340500.000us,3320,1040,-2280
683,341000.000us,3520,1120,-2400
684,341500.000us,3320,1040,-2280
685,342000.000us,3520,1120,-2400
686,342500.000us,3520,1080,-2440
687,343000.000us,3520,1120,-2400
688,343500.000us,3360,1000,-2360
689,344000.000us,3360,1000,-2360
690,344500.000us,3240,1000,-2240
691,345000.000us,3280,1040,-2240
692,345500.000us,2960,920,-2040
693,346000.000us,2960,920,-2040
694,346500.000us,3000,920,-2080
695,347000.000us,3000,960,-2040
696,347500.000us,2960,920,-2040
697,348000.000us,2960,920,-2040
698,348500.000us,3000,960,-2040
699,349000.000us,3000,960,-2040
700,349500.000us,2920,920,-2000
701,350000.000us,2960,920,-2040
702,350500.000us,3000,920,-2080
703,351000.000us,3000,960,-2040
704,351500.000us,2960,920,-2040
705,352000.000us,3000,920,-2080
706,352500.000us,3000,960,-2040
707,353000.000us,3040,960,-2080
708,353500.000us,3000,920,-2080
709,354000.000us,3000,960,-2040
710,354500.000us,2960,920,-2040
711,355000.000us,3040,960,-2080
712,355500.000us,2960,920,-2040
713,356000.000us,3000,920,-2080
714,356500.000us,3040,960,-2080
715,357000.000us,3080,1000,-2080
716,357500.000us,3000,920,-2080
717,358000.000us,3040,960,-2080
718,358500.000us,3080,960,-2120
719,359000.000us,3320,1040,-2280
720,359500.000us,3040,920,-2120
721,360000.000us,3320,1040,-2280
722,360500.000us,3360,1080,-2280
723,361000.000us,3520,1120,-2400
724,361500.000us,3360,1040,-2320
725,362000.000us,3520,1120,-2400
726,362500.000us,3520,1080,-2440
727,363000.000us,3520,1080,-2440
728,363500.000us,3280,1000,-2280
729,364000.000us,3280,1040,-2240
730,364500.000us,3320,1040,-2280
731,365000.000us,3320,1040,-2280
732,365500.000us,2960,920,-2040
733,366000.000us,3000,920,-2080
734,366500.000us,3000,960,-2040
735,367000.000us,3000,960,-2040
736,367500.000us,2960,920,-2040
737,368000.000us,3000,920,-2080
738,368500.000us,3000,920,-2080
739,369000.000us,3000,1000,-2000
740,369500.000us,2960,920,-2040
741,370000.000us,2960,920,-2040
742,370500.000us,3000,960,-2040
743,371000.000us,3000,1000,-2000
744,371500.000us,2960,880,-2080
745,372000.000us,3000,960,-2040
746,372500.000us,2960,960,-2000
747,373000.000us,3000,960,-2040
748,373500.000us,2960,920,-2040
749,374000.000us,3000,920,-2080
750,374500.000us,3000,960,-2040
751,375000.000us,3040,960,-2080
752,375500.000us,3000,920,-2080
753,376000.000us,3040,960,-2080
754,376500.000us,3040,960,-2080
755,377000.000us,3080,1000,-2080
756,377500.000us,3040,920,-2120
757,378000.000us,3080,920,-2160
758,378500.000us,3080,960,-2120
759,379000.000us,3320,1040,-2280
760,379500.000us,3080,960,-2120
761,380000.000us,3320,1040,-2280
762,380500.000us,3360,1040,-2320
763,381000.000us,3560,1160,-2400
764,381500.000us,3360,1040,-2320
765,382000.000us,3560,1080,-2480
766,382500.000us,3520,1120,-2400
767,383000.000us,3560,1120,-2440
768,383500.000us,3320,1000,-2320
769,384000.000us,3320,1040,-2280
770,384500.000us,3280,1000,-2280
771,385000.000us,3280,1000,-2280
772,385500.000us,2960,920,-2040
773,386000.000us,2960,960,-2000
774,386500.000us,3000,960,-2040
775,387000.000us,3000,960,-2040
776,387500.000us,2960,920,-2040
777,388000.000us,3000,920,-2080
778,388500.000us,3000,920,-2080
779,389000.000us,3000,960,-2040
780,389500.000us,2960,920,-2040
781,390000.000us,2960,920,-2040
782,390500.000us,2960,960,-2000
783,391000.000us,3000,960,-2040
784,391500.000us,2960,920,-2040
785,392000.000us,3000,960,-2040
786,392500.000us,2960,920,-2040
787,393000.000us,3040,960,-2080
788,393500.000us,2960,920,-2040
789,394000.000us,3040,920,-2120
790,394500.000us,3040,920,-2120
791,395000.000us,3040,960,-2080
792,395500.000us,3000,920,-2080
793,396000.000us,3040,960,-2080
794,396500.000us,3040,960,-2080
795,397000.000us,3080,960,-2120
796,397500.000us,3000,920,-2080
797,398000.000us,3080,960,-2120
798,398500.000us,3080,960,-2120
799,399000.000us,3320,1040,-2280
800,399500.000us,3040,960,-2080
801,400000.000us,3320,1040,-2280
802,400500.000us,3360,1040,-2320
803,401000.000us,3520,1120,-2400
804,401500.000us,3360,1040,-2320
805,402000.000us,3480,1080,-2400
806,402500.000us,3520,1120,-2400
807,403000.000us,3520,1120,-2400
808,403500.000us,3320,1040,-2280
809,404000.000us,3320,1040,-2280
810,404500.000us,3320,1000,-2320
811,405000.000us,3320,1040,-2280
812,405500.000us,2960,920,-2040
813,406000.000us,3000,920,-2080
814,406500.000us,2960,960,-2000
815,407000.000us,3000,960,-2040
816,407500.000us,2960,920,-2040
817,408000.000us,2960,960,-2000
818,408500.000us,3000,960,-2040
819,409000.000us,3000,960,-2040
820,409500.000us,2960,920,-2040
821,410000.000us,3000,920,-2080
822,410500.000us,2920,960,-1960
823,411000.000us,3040,960,-2080
824,411500.000us,2920,920,-2000
825,412000.000us,3000,960,-2040
826,412500.000us,3000,920,-2080
827,413000.000us,3040,960,-2080
828,413500.000us,2960,920,-2040
829,414000.000us,2960,960,-2000
830,414500.000us,2960,920,-2040
831,415000.000us,3040,1000,-2040
832,415500.000us,2960,920,-2040
833,416000.000us,3040,960,-2080
834,416500.000us,3040,960,-2080
835,417000.000us,3080,960,-2120
836,417500.000us,3040,920,-2120
837,418000.000us,3040,960,-2080
838,418500.000us,3080,960,-2120
839,419000.000us,3320,1080,-2240
840,419500.000us,3040,920,-2120
841,420000.000us,3320,1080,-2240
842,420500.000us,3320,1040,-2280
843,421000.000us,3520,1120,-2400
844,421500.000us,3320,1040,-2280
845,422000.000us,3480,1040,-2440
846,422500.000us,3520,1080,-2440
847,423000.000us,3520,1120,-2400
848,423500.000us,3360,1000,-2360
849,424000.000us,3360,1040,-2320
850,424500.000us,3280,1000,-2280
851,425000.000us,3280,1000,-2280
852,425500.000us,3000,920,-2080
853,426000.000us,3000,960,-2040
854,426500.000us,3000,920,-2080
855,427000.000us,3000,960,-2040
856,427500.000us,2960,920,-2040
857,428000.000us,3000,960,-2040
858,428500.000us,3000,920,-2080
859,429000.000us,3000,960,-2040
860,429500.000us,2960,920,-2040
861,430000.000us,2960,960,-2000
862,430500.000us,2960,920,-2040
863,431000.000us,3040,960,-2080
864,431500.000us,2920,920,-2000
865,432000.000us,3040,920,-2120
866,432500.000us,3000,960,-2040
867,433000.000us,3040,960,-2080
868,433500.000us,2960,920,-2040
869,434000.000us,3000,960,-2040
870,434500.000us,2960,920,-2040
871,435000.000us,3040,960,-2080
872,435500.000us,2960,920,-2040
873,436000.000us,3040,920,-2120
874,436500.000us,3040,960,-2080
875,437000.000us,3080,1000,-2080
876,437500.000us,3040,920,-2120
877,438000.000us,3080,960,-2120
878,438500.000us,3040,960,-2080
879,439000.000us,3320,1040,-2280
880,439500.000us,3040,960,-2080
881,440000.000us,3320,1040,-2280
882,440500.000us,3360,1000,-2360
883,441000.000us,3520,1120,-2400
884,441500.000us,3360,1000,-2360
885,442000.000us,3520,1080,-2440
886,442500.000us,3520,1120,-2400
887,443000.000us,3560,1120,-2440
888,443500.000us,3320,1040,-2280
889,444000.000us,3320,1040,-2280
890,444500.000us,3280,1000,-2280
891,445000.000us,3280,1000,-2280
892,445500.000us,3000,920,-2080
893,446000.000us,3000,920,-2080
894,446500.000us,3040,920,-2120
895,447000.000us,3040,960,-2080
896,447500.000us,2960,920,-2040
897,448000.000us,3000,960,-2040
898,448500.000us,2960,960,-2000
899,449000.000us,3000,960,-2040
900,449500.000us,2960,920,-2040
901,450000.000us,3000,920,-2080
902,450500.000us,2960,920,-2040
903,451000.000us,3040,960,-2080
904,451500.000us,2960,880,-2080
905,452000.000us,3040,960,-2080
906,452500.000us,2960,920,-2040
907,453000.000us,3000,960,-2040
908,453500.000us,2960,920,-2040
909,454000.000us,3000,920,-2080
910,454500.000us,3000,960,-2040
911,455000.000us,3040,960,-2080
912,455500.000us,3000,920,-2080
913,456000.000us,3040,960,-2080
914,456500.000us,3040,960,-2080
915,457000.000us,3080,1000,-2080
916,457500.000us,3000,920,-2080
917,458000.000us,3080,920,-2160
918,458500.000us,3040,1000,-2040
919,459000.000us,3320,1080,-2240
920,459500.000us,3040,960,-2080
921,460000.000us,3320,1080,-2240
922,460500.000us,3360,1080,-2280
923,461000.000us,3520,1120,-2400
924,461500.000us,3360,1040,-2320
925,462000.000us,3520,1080,-2440
926,462500.000us,3480,1080,-2400
927,463000.000us,3520,1080,-2440
928,463500.000us,3360,1040,-2320
929,464000.000us,3360,1040,-2320
930,464500.000us,3320,1000,-2320
931,465000.000us,3320,1000,-2320
932,465500.000us,3000,920,-2080
933,466000.000us,3000,960,-2040
934,466500.000us,3000,960,-2040
935,467000.000us,3000,960,-2040
936,467500.000us,2960,920,-2040
937,468000.000us,3000,960,-2040
938,468500.000us,2960,920,-2040
939,469000.000us,3000,960,-2040
940,469500.000us,2960,920,-2040
941,470000.000us,3000,960,-2040
942,470500.000us,2960,920,-2040
943,471000.000us,3000,960,-2040
944,471500.000us,2960,920,-2040
945,472000.000us,2960,920,-2040
946,472500.000us,3000,920,-2080
947,473000.000us,3000,960,-2040
948,473500.000us,2960,920,-2040
949,474000.000us,3000,920,-2080
950,474500.000us,3000,960,-2040
951,475000.000us,3040,1000,-2040
952,475500.000us,3000,920,-2080
953,476000.000us,3040,1000,-2040
954,476500.000us,3000,920,-2080
955,477000.000us,3080,1000,-2080
956,477500.000us,3000,920,-2080
957,478000.000us,3040,960,-2080
958,478500.000us,3040,920,-2120
959,479000.000us,3280,1080,-2200
960,479500.000us,3040,920,-2120
961,480000.000us,3280,1080,-2200
962,480500.000us,3320,1040,-2280
963,481000.000us,3520,1120,-2400
964,481500.000us,3320,1040,-2280
965,482000.000us,3480,1080,-2400
966,482500.000us,3520,1080,-2440
967,483000.000us,3520,1120,-2400
968,483500.000us,3360,1040,-2320
969,484000.000us,3360,1040,-2320
970,484500.000us,3320,1040,-2280
971,485000.000us,3320,1040,-2280
972,485500.000us,3000,960,-2040
973,486000.000us,3000,960,-2040
974,486500.000us,2960,960,-2000
975,487000.000us,3000,1000,-2000
976,487500.000us,2960,920,-2040
977,488000.000us,3000,1000,-2000
978,488500.000us,2960,920,-2040
979,489000.000us,3000,960,-2040
980,489500.000us,2960,880,-2080
981,490000.000us,2960,880,-2080
982,490500.000us,3000,920,-2080
983,491000.000us,3000,960,-2040
984,491500.000us,2960,920,-2040
985,492000.000us,2960,960,-2000
986,492500.000us,3000,920,-2080
987,493000.000us,3040,960,-2080
988,493500.000us,3000,920,-2080
989,494000.000us,3000,960,-2040
990,494500.000us,3000,920,-2080
991,495000.000us,3080,960,-2120
992,495500.000us,3000,920,-2080
993,496000.000us,3000,920,-2080
994,496500.000us,3040,960,-2080
995,497000.000us,3080,960,-2120
996,497500.000us,3040,920,-2120
997,498000.000us,3080,960,-2120
998,498500.000us,3080,960,-2120
999,499000.000us,3280,1080,-2200
1000,499500.000us,3040,960,-2080
1001,500000.000us,3280,1080,-2200
1002,500500.000us,3360,1040,-2320
1003,501000.000us,3520,1120,-2400
1004,501500.000us,3360,1040,-2320
1005,502000.000us,3520,1120,-2400
1006,502500.000us,3520,1080,-2440
1007,503000.000us,3520,1080,-2440
1008,503500.000us,3360,1040,-2320
1009,504000.000us,3360,1040,-2320
1010,504500.000us,3320,1000,-2320
1011,505000.000us,3320,1040,-2280
1012,505500.000us,3000,920,-2080
1013,506000.000us,3000,920,-2080
1014,506500.000us,3000,920,-2080
1015,507000.000us,3040,960,-2080
1016,507500.000us,2960,920,-2040
1017,508000.000us,3000,960,-2040
1018,508500.000us,2960,960,-2000
1019,509000.000us,3000,960,-2040
1020,509500.000us,2920,920,-2000
1021,510000.000us,2920,920,-2000
1022,510500.000us,2960,920,-2040
1023,511000.000us,3000,960,-2040
1024,511500.000us,2960,920,-2040
1025,512000.000us,3000,960,-2040
1026,512500.000us,3040,1000,-2040
1027,513000.000us,3040,1000,-2040
1028,513500.000us,3000,920,-2080
1029,514000.000us,3000,960,-2040
1030,514500.000us,2960,960,-2000
1031,515000.000us,3040,1000,-2040
1032,515500.000us,2960,920,-2040
1033,516000.000us,3040,920,-2120
1034,516500.000us,3040,920,-2120
1035,517000.000us,3120,1000,-2120
1036,517500.000us,3040,920,-2120
1037,518000.000us,3120,1000,-2120
1038,518500.000us,3080,960,-2120
1039,519000.000us,3320,1040,-2280
1040,519500.000us,3080,920,-2160
1041,520000.000us,3320,1040,-2280
1042,520500.000us,3360,1080,-2280
1043,521000.000us,3520,1120,-2400
1044,521500.000us,3360,1040,-2320
1045,522000.000us,3480,1120,-2360
1046,522500.000us,3520,1080,-2440
1047,523000.000us,3560,1120,-2440
1048,523500.000us,3360,1040,-2320
1049,524000.000us,3360,1040,-2320
1050,524500.000us,3320,1040,-2280
1051,525000.000us,3320,1040,-2280
1052,525500.000us,3000,920,-2080
1053,526000.000us,3000,960,-2040
1054,526500.000us,3000,920,-2080
1055,527000.000us,3000,1000,-2000
1056,527500.000us,2960,920,-2040
1057,528000.000us,3000,1000,-2000
1058,528500.000us,3000,960,-2040
1059,529000.000us,3000,960,-2040
1060,529500.000us,2960,920,-2040
1061,530000.000us,3000,960,-2040
1062,530500.000us,3000,920,-2080
1063,531000.000us,3000,1000,-2000
1064,531500.000us,2960,920,-2040
1065,532000.000us,3000,920,-2080
1066,532500.000us,2960,920,-2040
1067,533000.000us,3000,960,-2040
1068,533500.000us,2960,920,-2040
1069,534000.000us,3000,960,-2040
1070,534500.000us,3040,960,-2080
1071,535000.000us,3080,960,-2120
1072,535500.000us,3000,920,-2080
1073,536000.000us,3080,920,-2160
1074,536500.000us,3040,960,-2080
1075,537000.000us,3080,1000,-2080
1076,537500.000us,3000,920,-2080
1077,538000.000us,3040,960,-2080
1078,538500.000us,3080,960,-2120
1079,539000.000us,3320,1000,-2320
1080,539500.000us,3040,960,-2080
1081,540000.000us,3320,1000,-2320
1082,540500.000us,3360,1000,-2360
1083,541000.000us,3520,1120,-2400
1084,541500.000us,3360,1000,-2360
1085,542000.000us,3520,1080,-2440
1086,542500.000us,3520,1120,-2400
1087,543000.000us,3520,1120,-2400
1088,543500.000us,3320,1000,-2320
1089,544000.000us,3320,1000,-2320
1090,544500.000us,3360,1000,-2360
1091,545000.000us,3360,1000,-2360
1092,545500.000us,2960,920,-2040
1093,546000.000us,2960,960,-2000
1094,546500.000us,3000,960,-2040
1095,547000.000us,3040,960,-2080
1096,547500.000us,2960,920,-2040
1097,548000.000us,2960,960,-2000
1098,548500.000us,3000,960,-2040
1099,549000.000us,3000,960,-2040
1100,549500.000us,2960,920,-2040
1101,550000.000us,2960,960,-2000
1102,550500.000us,2960,960,-2000
1103,551000.000us,3000,960,-2040
1104,551500.000us,2960,920,-2040
1105,552000.000us,2960,920,-2040
1106,552500.000us,3000,920,-2080
1107,553000.000us,3040,960,-2080
1108,553500.000us,2960,920,-2040
1109,554000.000us,3000,960,-2040
1110,554500.000us,3040,960,-2080
1111,555000.000us,3040,1000,-2040
1112,555500.000us,3000,920,-2080
1113,556000.000us,3000,960,-2040
1114,556500.000us,3040,960,-2080
1115,557000.000us,3080,1000,-2080
1116,557500.000us,3040,960,-2080
1117,558000.000us,3080,960,-2120
1118,558500.000us,3040,920,-2120
1119,559000.000us,3280,1080,-2200
1120,559500.000us,3040,920,-2120
1121,560000.000us,3280,1080,-2200
1122,560500.000us,3320,1080,-2240
1123,561000.000us,3520,1120,-2400
1124,561500.000us,3320,1040,-2280
1125,562000.000us,3520,1120,-2400
1126,562500.000us,3520,1080,-2440
1127,563000.000us,3520,1120,-2400
1128,563500.000us,3320,1040,-2280
1129,564000.000us,3320,1040,-2280
1130,564500.000us,3240,1000,-2240
1131,565000.000us,3320,1000,-2320
1132,565500.000us,3000,920,-2080
1133,566000.000us,3000,960,-2040
1134,566500.000us,3040,920,-2120
1135,567000.000us,3040,960,-2080
1136,567500.000us,2960,920,-2040
1137,568000.000us,3040,920,-2120
1138,568500.000us,3000,920,-2080
1139,569000.000us,3000,960,-2040
1140,569500.000us,2960,920,-2040
1141,570000.000us,2960,960,-2000
1142,570500.000us,2920,920,-2000
1143,571000.000us,3040,960,-2080
1144,571500.000us,2920,920,-2000
1145,572000.000us,2960,960,-2000
1146,572500.000us,2960,960,-2000
1147,573000.000us,3040,960,-2080
1148,573500.000us,2960,920,-2040
1149,574000.000us,3000,920,-2080
1150,574500.000us,3000,960,-2040
1151,575000.000us,3040,960,-2080
1152,575500.000us,3000,920,-2080
1153,576000.000us,3040,960,-2080
1154,576500.000us,3000,960,-2040
1155,577000.000us,3080,960,-2120
1156,577500.000us,3000,920,-2080
1157,578000.000us,3040,960,-2080
1158,578500.000us,3080,960,-2120
1159,579000.000us,3320,1080,-2240
1160,579500.000us,3040,960,-2080
1161,580000.000us,3320,1000,-2320
1162,580500.000us,3360,1080,-2280
1163,581000.000us,3520,1120,-2400
1164,581500.000us,3360,1080,-2280
1165,582000.000us,3480,1080,-2400
1166,582500.000us,3520,1120,-2400
1167,583000.000us,3520,1160,-2360
1168,583500.000us,3320,1040,-2280
1169,584000.000us,3320,1080,-2240
1170,584500.000us,3320,960,-2360
1171,585000.000us,3320,1000,-2320
1172,585500.000us,3000,920,-2080
1173,586000.000us,3000,960,-2040
1174,586500.000us,3000,920,-2080
1175,587000.000us,3000,1000,-2000
1176,587500.000us,2960,920,-2040
1177,588000.000us,3000,920,-2080
1178,588500.000us,3000,960,-2040
1179,589000.000us,3000,960,-2040
1180,589500.000us,2960,920,-2040
1181,590000.000us,3000,960,-2040
1182,590500.000us,2960,960,-2000
1183,591000.000us,3000,960,-2040
1184,591500.000us,2960,920,-2040
1185,592000.000us,3000,920,-2080
1186,592500.000us,3000,920,-2080
1187,593000.000us,3000,960,-2040
1188,593500.000us,2960,880,-2080
1189,594000.000us,3000,960,-2040
1190,594500.000us,3040,920,-2120
1191,595000.000us,3040,960,-2080
1192,595500.000us,2960,920,-2040
1193,596000.000us,3040,960,-2080
1194,596500.000us,3040,960,-2080
1195,597000.000us,3080,1000,-2080
1196,597500.000us,3040,960,-2080
1197,598000.000us,3040,960,-2080
1198,598500.000us,3080,960,-2120
1199,599000.000us,3320,1040,-2280
1200,599500.000us,3040,960,-2080
1201,600000.000us,3320,1040,-2280
1202,600500.000us,3320,1080,-2240
1203,601000.000us,3520,1120,-2400
1204,601500.000us,3320,1040,-2280
1205,602000.000us,3480,1080,-2400
1206,602500.000us,3520,1080,-2440
1207,603000.000us,3520,1080,-2440
1208,603500.000us,3320,1000,-2320
1209,604000.000us,3320,1000,-2320
1210,604500.000us,3320,1040,-2280
1211,605000.000us,3320,1040,-2280
1212,605500.000us,3000,920,-2080
1213,606000.000us,3000,960,-2040
1214,606500.000us,3000,920,-2080
1215,607000.000us,3000,1000,-2000
1216,607500.000us,2960,920,-2040
1217,608000.000us,3000,960,-2040
1218,608500.000us,2960,920,-2040
1219,609000.000us,3000,960,-2040
1220,609500.000us,2960,920,-2040
1221,610000.000us,3000,960,-2040
1222,610500.000us,2960,960,-2000
1223,611000.000us,3040,960,-2080
1224,611500.000us,2960,920,-2040
1225,612000.000us,3040,960,-2080
1226,612500.000us,2960,920,-2040
1227,613000.000us,3040,960,-2080
1228,613500.000us,2960,920,-2040
1229,614000.000us,3000,920,-2080
1230,614500.000us,3000,960,-2040
1231,615000.000us,3080,960,-2120
1232,615500.000us,2960,920,-2040
1233,616000.000us,3040,960,-2080
1234,616500.000us,3040,960,-2080
1235,617000.000us,3080,1000,-2080
1236,617500.000us,3000,920,-2080
1237,618000.000us,3040,960,-2080
1238,618500.000us,3080,960,-2120
1239,619000.000us,3320,1040,-2280
1240,619500.000us,3040,960,-2080
1241,620000.000us,3320,1040,-2280
1242,620500.000us,3320,1000,-2320
1243,621000.000us,3520,1120,-2400
1244,621500.000us,3320,1000,-2320
1245,622000.000us,3520,1080,-2440
1246,622500.000us,3520,1080,-2440
1247,623000.000us,3520,1120,-2400
1248,623500.000us,3320,1000,-2320
1249,624000.000us,3320,1000,-2320
1250,624500.000us,3280,1000,-2280
1251,625000.000us,3280,1000,-2280
1252,625500.000us,2960,920,-2040
1253,626000.000us,2960,920,-2040
1254,626500.000us,2960,960,-2000
1255,627000.000us,3040,960,-2080
1256,627500.000us,2960,920,-2040
1257,628000.000us,3040,920,-2120
1258,628500.000us,3000,920,-2080
1259,629000.000us,3000,960,-2040
1260,629500.000us,2960,920,-2040
1261,630000.000us,2960,960,-2000
1262,630500.000us,2960,920,-2040
1263,631000.000us,3000,960,-2040
1264,631500.000us,2960,920,-2040
1265,632000.000us,3000,960,-2040
1266,632500.000us,3000,920,-2080
1267,633000.000us,3000,960,-2040
1268,633500.000us,2960,920,-2040
1269,634000.000us,3000,960,-2040
1270,634500.000us,3000,960,-2040
1271,635000.000us,3040,960,-2080
1272,635500.000us,2960,920,-2040
1273,636000.000us,3000,960,-2040
1274,636500.000us,3040,960,-2080
1275,637000.000us,3080,960,-2120
1276,637500.000us,3000,920,-2080
1277,638000.000us,3040,960,-2080
1278,638500.000us,3080,960,-2120
1279,639000.000us,3320,1040,-2280
1280,639500.000us,3040,960,-2080
1281,640000.000us,3320,1040,-2280
1282,640500.000us,3320,1040,-2280
1283,641000.000us,3520,1120,-2400
1284,641500.000us,3320,1040,-2280
1285,642000.000us,3480,1120,-2360
1286,642500.000us,3480,1080,-2400
1287,643000.000us,3520,1120,-2400
1288,643500.000us,3320,1040,-2280
1289,644000.000us,3360,1040,-2320
1290,644500.000us,3280,1000,-2280
1291,645000.000us,3280,1000,-2280
1292,645500.000us,3000,920,-2080
1293,646000.000us,3000,920,-2080
1294,646500.000us,2960,960,-2000
1295,647000.000us,3000,960,-2040
1296,647500.000us,2960,920,-2040
1297,648000.000us,3000,920,-2080
1298,648500.000us,3000,960,-2040
1299,649000.000us,3000,960,-2040
1300,649500.000us,2960,920,-2040
1301,650000.000us,2960,920,-2040
1302,650500.000us,2960,960,-2000
1303,651000.000us,3040,960,-2080
1304,651500.000us,2960,920,-2040
1305,652000.000us,3000,920,-2080
1306,652500.000us,3000,920,-2080
1307,653000.000us,3040,960,-2080
1308,653500.000us,2960,920,-2040
1309,654000.000us,3000,960,-2040
1310,654500.000us,3040,960,-2080
1311,655000.000us,3040,960,-2080
1312,655500.000us,3000,920,-2080
1313,656000.000us,3040,920,-2120
1314,656500.000us,3000,920,-2080
1315,657000.000us,3080,1000,-2080
1316,657500.000us,3000,920,-2080
1317,658000.000us,3080,960,-2120
1318,658500.000us,3040,960,-2080
1319,659000.000us,3320,1040,-2280
1320,659500.000us,3040,960,-2080
1321,660000.000us,3320,1040,-2280
1322,660500.000us,3360,1040,-2320
1323,661000.000us,3520,1120,-2400
1324,661500.000us,3360,1040,-2320
1325,662000.000us,3520,1120,-2400
1326,662500.000us,3520,1080,-2440
1327,663000.000us,3520,1120,-2400
1328,663500.000us,3360,1000,-2360
1329,664000.000us,3360,1040,-2320
1330,664500.000us,3320,1000,-2320
1331,665000.000us,3320,1000,-2320
1332,665500.000us,3000,920,-2080
1333,666000.000us,3000,920,-2080
1334,666500.000us,2960,920,-2040
1335,667000.000us,3000,960,-2040
1336,667500.000us,2960,920,-2040
1337,668000.000us,3000,920,-2080
1338,668500.000us,3000,920,-2080
1339,669000.000us,3000,960,-2040
1340,669500.000us,2960,920,-2040
1341,670000.000us,2960,920,-2040
1342,670500.000us,3000,920,-2080
1343,671000.000us,3000,960,-2040
1344,671500.000us,2960,920,-2040
1345,672000.000us,3000,920,-2080
1346,672500.000us,2960,920,-2040
1347,673000.000us,3000,960,-2040
1348,673500.000us,2960,880,-2080
1349,674000.000us,3000,920,-2080
1350,674500.000us,3000,960,-2040
1351,675000.000us,3040,960,-2080
1352,675500.000us,2960,920,-2040
1353,676000.000us,3040,960,-2080
1354,676500.000us,3040,960,-2080
1355,677000.000us,3080,1000,-2080
1356,677500.000us,3040,920,-2120
1357,678000.000us,3040,960,-2080
1358,678500.000us,3080,960,-2120
1359,679000.000us,3280,1040,-2240
1360,679500.000us,3040,960,-2080
1361,680000.000us,3280,1040,-2240
1362,680500.000us,3360,1040,-2320
1363,681000.000us,3520,1120,-2400
1364,681500.000us,3360,1040,-2320
1365,682000.000us,3480,1120,-2360
1366,682500.000us,3480,1080,-2400
1367,683000.000us,3520,1120,-2400
1368,683500.000us,3320,1000,-2320
1369,684000.000us,3320,1000,-2320
1370,684500.000us,3320,1000,-2320
1371,685000.000us,3320,1000,-2320
1372,685500.000us,3000,920,-2080
1373,686000.000us,3040,1000,-2040
1374,686500.000us,3040,960,-2080
1375,687000.000us,3040,960,-2080
1376,687500.000us,2960,920,-2040
1377,688000.000us,3000,920,-2080
1378,688500.000us,3000,960,-2040
1379,689000.000us,3040,960,-2080
1380,689500.000us,2920,920,-2000
1381,690000.000us,3040,960,-2080
1382,690500.000us,2960,960,-2000
1383,691000.000us,3000,960,-2040
1384,691500.000us,2960,880,-2080
1385,692000.000us,3000,960,-2040
1386,692500.000us,3000,960,-2040
1387,693000.000us,3040,1000,-2040
1388,693500.000us,2960,920,-2040
1389,694000.000us,3000,920,-2080
1390,694500.000us,3000,960,-2040
1391,695000.000us,3040,1000,-2040
1392,695500.000us,3000,880,-2120
1393,696000.000us,3000,960,-2040
1394,696500.000us,3000,920,-2080
1395,697000.000us,3040,1000,-2040
1396,697500.000us,3000,920,-2080
1397,698000.000us,3040,960,-2080
1398,698500.000us,3080,960,-2120
1399,699000.000us,3320,1040,-2280
1400,699500.000us,3040,960,-2080
1401,700000.000us,3320,1000,-2320
1402,700500.000us,3320,1040,-2280
1403,701000.000us,3520,1120,-2400
1404,701500.000us,3320,1000,-2320
1405,702000.000us,3520,1120,-2400
1406,702500.000us,3480,1080,-2400
1407,703000.000us,3520,1120,-2400
1408,703500.000us,3320,1040,-2280
1409,704000.000us,3320,1080,-2240
1410,704500.000us,3280,1040,-2240
1411,705000.000us,3280,1040,-2240
1412,705500.000us,2960,920,-2040
1413,706000.000us,3040,960,-2080
1414,706500.000us,3000,920,-2080
1415,707000.000us,3040,960,-2080
1416,707500.000us,2960,920,-2040
1417,708000.000us,2960,920,-2040
1418,708500.000us,2960,960,-2000
1419,709000.000us,3040,960,-2080
1420,709500.000us,2960,920,-2040
1421,710000.000us,2960,960,-2000
1422,710500.000us,2960,920,-2040
1423,711000.000us,3000,960,-2040
1424,711500.000us,2960,920,-2040
1425,712000.000us,3000,920,-2080
1426,712500.000us,3000,920,-2080
1427,713000.000us,3040,960,-2080
1428,713500.000us,2960,920,-2040
1429,714000.000us,3000,920,-2080
1430,714500.000us,2960,960,-2000
1431,715000.000us,3040,1000,-2040
1432,715500.000us,2960,960,-2000
1433,716000.000us,3040,1000,-2040
1434,716500.000us,3040,960,-2080
1435,717000.000us,3080,1000,-2080
1436,717500.000us,3040,920,-2120
1437,718000.000us,3040,960,-2080
1438,718500.000us,3040,960,-2080
1439,719000.000us,3280,1000,-2280
1440,719500.000us,3040,920,-2120
1441,720000.000us,3280,1000,-2280
1442,720500.000us,3320,1040,-2280
1443,721000.000us,3520,1120,-2400
1444,721500.000us,3320,1040,-2280
1445,722000.000us,3520,1120,-2400
1446,722500.000us,3520,1080,-2440
1447,723000.000us,3520,1120,-2400
1448,723500.000us,3360,1040,-2320
1449,724000.000us,3360,1040,-2320
1450,724500.000us,3280,1040,-2240
1451,725000.000us,3280,1040,-2240
1452,725500.000us,3000,920,-2080
1453,726000.000us,3000,960,-2040
1454,726500.000us,3000,920,-2080
1455,727000.000us,3000,960,-2040
1456,727500.000us,2960,920,-2040
1457,728000.000us,3000,960,-2040
1458,728500.000us,2960,920,-2040
1459,729000.000us,3000,960,-2040
1460,729500.000us,2960,880,-2080
1461,730000.000us,2960,960,-2000
1462,730500.000us,3000,960,-2040
1463,731000.000us,3000,960,-2040
1464,731500.000us,2960,920,-2040
1465,732000.000us,3000,960,-2040
1466,732500.000us,2960,920,-2040
1467,733000.000us,3040,960,-2080
1468,733500.000us,2960,880,-2080
1469,734000.000us,3000,960,-2040
1470,734500.000us,3000,960,-2040
1471,735000.000us,3080,960,-2120
1472,735500.000us,3000,920,-2080
1473,736000.000us,3080,960,-2120
1474,736500.000us,3040,960,-2080
1475,737000.000us,3080,1000,-2080
1476,737500.000us,3000,920,-2080
1477,738000.000us,3040,960,-2080
1478,738500.000us,3080,920,-2160
1479,739000.000us,3280,1040,-2240
1480,739500.000us,3040,920,-2120
1481,740000.000us,3280,1040,-2240
1482,740500.000us,3360,1040,-2320
1483,741000.000us,3520,1160,-2360
1484,741500.000us,3360,1040,-2320
1485,742000.000us,3520,1080,-2440
1486,742500.000us,3520,1120,-2400
1487,743000.000us,3560,1120,-2440
1488,743500.000us,3360,1000,-2360
1489,744000.000us,3360,1000,-2360
1490,744500.000us,3320,1040,-2280
1491,745000.000us,3320,1040,-2280
1492,745500.000us,3000,920,-2080
1493,746000.000us,3000,960,-2040
1494,746500.000us,3000,920,-2080
1495,747000.000us,3000,960,-2040
1496,747500.000us,2960,920,-2040
1497,748000.000us,3000,960,-2040
1498,748500.000us,3000,920,-2080
1499,749000.000us,3000,960,-2040
1500,749500.000us,2960,920,-2040
1501,750000.000us,2960,920,-2040
1502,750500.000us,3000,960,-2040
1503,751000.000us,3000,960,-2040
1504,751500.000us,2920,880,-2040
1505,752000.000us,3000,960,-2040
1506,752500.000us,2960,920,-2040
1507,753000.000us,3040,960,-2080
1508,753500.000us,2960,920,-2040
1509,754000.000us,3000,920,-2080
1510,754500.000us,3040,960,-2080
1511,755000.000us,3040,1000,-2040
1512,755500.000us,3000,920,-2080
1513,756000.000us,3000,960,-2040
1514,756500.000us,3080,960,-2120
1515,757000.000us,3080,960,-2120
1516,757500.000us,3040,920,-2120
1517,758000.000us,3080,960,-2120
1518,758500.000us,3080,960,-2120
1519,759000.000us,3280,1000,-2280
1520,759500.000us,3040,920,-2120
1521,760000.000us,3280,1000,-2280
1522,760500.000us,3320,1080,-2240
1523,761000.000us,3520,1120,-2400
1524,761500.000us,3320,1080,-2240
1525,762000.000us,3480,1080,-2400
1526,762500.000us,3520,1120,-2400
1527,763000.000us,3520,1120,-2400
1528,763500.000us,3360,1040,-2320
1529,764000.000us,3360,1040,-2320
1530,764500.000us,3320,1000,-2320
1531,765000.000us,3320,1000,-2320
1532,765500.000us,3000,920,-2080
1533,766000.000us,3000,920,-2080
1534,766500.000us,3000,960,-2040
1535,767000.000us,3000,960,-2040
1536,767500.000us,2960,920,-2040
1537,768000.000us,3000,920,-2080
1538,768500.000us,3040,920,-2120
1539,769000.000us,3040,960,-2080
1540,769500.000us,2960,920,-2040
1541,770000.000us,3000,920,-2080
1542,770500.000us,2960,920,-2040
1543,771000.000us,3000,960,-2040
1544,771500.000us,2960,920,-2040
1545,772000.000us,3000,920,-2080
1546,772500.000us,2960,920,-2040
1547,773000.000us,3040,960,-2080
1548,773500.000us,2960,920,-2040
1549,774000.000us,3000,960,-2040
1550,774500.000us,3000,960,-2040
1551,775000.000us,3040,960,-2080
1552,775500.000us,2960,920,-2040
1553,776000.000us,3000,920,-2080
1554,776500.000us,3040,960,-2080
1555,777000.000us,3080,960,-2120
1556,777500.000us,3040,920,-2120
1557,778000.000us,3040,920,-2120
1558,778500.000us,3080,960,-2120
1559,779000.000us,3320,1080,-2240
1560,779500.000us,3040,920,-2120
1561,780000.000us,3320,1080,-2240
1562,780500.000us,3320,1040,-2280
1563,781000.000us,3520,1080,-2440
1564,781500.000us,3320,1040,-2280
1565,782000.000us,3520,1080,-2440
1566,782500.000us,3520,1120,-2400
1567,783000.000us,3520,1120,-2400
1568,783500.000us,3320,1040,-2280
1569,784000.000us,3320,1040,-2280
1570,784500.000us,3320,1000,-2320
1571,785000.000us,3320,1040,-2280
1572,785500.000us,3000,920,-2080
1573,786000.000us,3040,960,-2080
1574,786500.000us,3000,960,-2040
1575,787000.000us,3040,960,-2080
1576,787500.000us,2960,920,-2040
1577,788000.000us,2960,960,-2000
1578,788500.000us,3000,920,-2080
1579,789000.000us,3000,960,-2040
1580,789500.000us,2920,920,-2000
1581,790000.000us,2960,920,-2040
1582,790500.000us,3000,920,-2080
1583,791000.000us,3000,960,-2040
1584,791500.000us,2960,920,-2040
1585,792000.000us,3000,920,-2080
1586,792500.000us,3000,920,-2080
1587,793000.000us,3040,960,-2080
1588,793500.000us,3000,920,-2080
1589,794000.000us,3000,920,-2080
1590,794500.000us,2960,920,-2040
1591,795000.000us,3040,1000,-2040
1592,795500.000us,2960,920,-2040
1593,796000.000us,3000,920,-2080
1594,796500.000us,3000,1000,-2000
1595,797000.000us,3080,1000,-2080
1596,797500.000us,3000,920,-2080
1597,798000.000us,3040,960,-2080
1598,798500.000us,3080,960,-2120
1599,799000.000us,3280,1080,-2200
1600,799500.000us,3040,960,-2080
1601,800000.000us,3280,1040,-2240
1602,800500.000us,3360,1040,-2320
1603,801000.000us,3560,1120,-2440
1604,801500.000us,3320,1000,-2320
1605,802000.000us,3520,1080,-2440
1606,802500.000us,3480,1080,-2400
1607,803000.000us,3520,1120,-2400
1608,803500.000us,3320,1000,-2320
1609,804000.000us,3320,1000,-2320
1610,804500.000us,3360,1000,-2360
1611,805000.000us,3360,1000,-2360
1612,805500.000us,3000,920,-2080
1613,806000.000us,3000,960,-2040
1614,806500.000us,3000,960,-2040
1615,807000.000us,3000,960,-2040
1616,807500.000us,2960,920,-2040
1617,808000.000us,2960,920,-2040
1618,808500.000us,3000,920,-2080
1619,809000.000us,3000,960,-2040
1620,809500.000us,2960,920,-2040
1621,810000.000us,2960,960,-2000
1622,810500.000us,3000,920,-2080
1623,811000.000us,3040,960,-2080
1624,811500.000us,2960,920,-2040
1625,812000.000us,3040,960,-2080
1626,812500.000us,3000,920,-2080
1627,813000.000us,3000,960,-2040
1628,813500.000us,2960,920,-2040
1629,814000.000us,3000,920,-2080
1630,814500.000us,3000,960,-2040
1631,815000.000us,3040,1000,-2040
1632,815500.000us,3000,920,-2080
1633,816000.000us,3000,960,-2040
1634,816500.000us,3040,920,-2120
1635,817000.000us,3080,960,-2120
1636,817500.000us,3040,920,-2120
1637,818000.000us,3080,960,-2120
1638,818500.000us,3040,960,-2080
1639,819000.000us,3280,1000,-2280
1640,819500.000us,3040,960,-2080
1641,820000.000us,3280,1000,-2280
1642,820500.000us,3360,1000,-2360
1643,821000.000us,3520,1120,-2400
1644,821500.000us,3360,1000,-2360
1645,822000.000us,3480,1120,-2360
1646,822500.000us,3520,1120,-2400
1647,823000.000us,3520,1120,-2400
1648,823500.000us,3360,1000,-2360
1649,824000.000us,3360,1000,-2360
1650,824500.000us,3320,1040,-2280
1651,825000.000us,3320,1040,-2280
1652,825500.000us,3000,920,-2080
1653,826000.000us,3000,920,-2080
1654,826500.000us,3000,920,-2080
1655,827000.000us,3040,960,-2080
1656,827500.000us,2960,920,-2040
1657,828000.000us,2960,920,-2040
1658,828500.000us,2960,920,-2040
1659,829000.000us,3040,960,-2080
1660,829500.000us,2960,920,-2040
1661,830000.000us,3000,920,-2080
1662,830500.000us,2960,920,-2040
1663,831000.000us,3000,960,-2040
1664,831500.000us,2960,920,-2040
1665,832000.000us,2960,960,-2000
1666,832500.000us,3000,920,-2080
1667,833000.000us,3040,960,-2080
1668,833500.000us,2960,920,-2040
1669,834000.000us,3040,960,-2080
1670,834500.000us,2960,960,-2000
1671,835000.000us,3040,1000,-2040
1672,835500.000us,2960,920,-2040
1673,836000.000us,3040,960,-2080
1674,836500.000us,3040,960,-2080
1675,837000.000us,3080,1000,-2080
1676,837500.000us,3000,920,-2080
1677,838000.000us,3080,1000,-2080
1678,838500.000us,3080,960,-2120
1679,839000.000us,3280,1000,-2280
1680,839500.000us,3080,920,-2160
1681,840000.000us,3280,1000,-2280
1682,840500.000us,3320,1000,-2320
1683,841000.000us,3520,1120,-2400
1684,841500.000us,3320,1000,-2320
1685,842000.000us,3480,1080,-2400
1686,842500.000us,3520,1120,-2400
1687,843000.000us,3520,1120,-2400
1688,843500.000us,3360,1000,-2360
1689,844000.000us,3360,1000,-2360
1690,844500.000us,3320,1040,-2280
1691,845000.000us,3320,1040,-2280
1692,845500.000us,3000,920,-2080
1693,846000.000us,3000,960,-2040
1694,846500.000us,3000,960,-2040
1695,847000.000us,3000,960,-2040
1696,847500.000us,2960,920,-2040
1697,848000.000us,2960,960,-2000
1698,848500.000us,2960,920,-2040
1699,849000.000us,3000,960,-2040
1700,849500.000us,2960,880,-2080
1701,850000.000us,2960,920,-2040
1702,850500.000us,3000,960,-2040
1703,851000.000us,3040,960,-2080
1704,851500.000us,2960,920,-2040
1705,852000.000us,3000,920,-2080
1706,852500.000us,3000,960,-2040
1707,853000.000us,3040,960,-2080
1708,853500.000us,2960,920,-2040
1709,854000.000us,3040,920,-2120
1710,854500.000us,3040,960,-2080
1711,855000.000us,3040,1000,-2040
1712,855500.000us,3000,920,-2080
1713,856000.000us,3000,960,-2040
1714,856500.000us,3000,960,-2040
1715,857000.000us,3040,1000,-2040
1716,857500.000us,3000,920,-2080
1717,858000.000us,3040,960,-2080
1718,858500.000us,3040,960,-2080
1719,859000.000us,3320,1000,-2320
1720,859500.000us,3040,960,-2080
1721,860000.000us,3320,1000,-2320
1722,860500.000us,3320,1080,-2240
1723,861000.000us,3520,1120,-2400
1724,861500.000us,3320,1000,-2320
1725,862000.000us,3480,1120,-2360
1726,862500.000us,3520,1080,-2440
1727,863000.000us,3520,1080,-2440
1728,863500.000us,3360,1000,-2360
1729,864000.000us,3360,1040,-2320
1730,864500.000us,3360,1040,-2320
1731,865000.000us,3360,1040,-2320
1732,865500.000us,3000,960,-2040
1733,866000.000us,3000,960,-2040
1734,866500.000us,3040,920,-2120
1735,867000.000us,3040,960,-2080
1736,867500.000us,2960,920,-2040
1737,868000.000us,3000,960,-2040
1738,868500.000us,3000,920,-2080
1739,869000.000us,3040,960,-2080
1740,869500.000us,2960,920,-2040
1741,870000.000us,2960,960,-2000
1742,870500.000us,3000,960,-2040
1743,871000.000us,3000,960,-2040
1744,871500.000us,2960,880,-2080
1745,872000.000us,2960,920,-2040
1746,872500.000us,3000,920,-2080
1747,873000.000us,3040,960,-2080
1748,873500.000us,2960,920,-2040
1749,874000.000us,3040,920,-2120
1750,874500.000us,3000,960,-2040
1751,875000.000us,3040,1000,-2040
1752,875500.000us,3000,920,-2080
1753,876000.000us,3040,960,-2080
1754,876500.000us,3040,960,-2080
1755,877000.000us,3080,1000,-2080
1756,877500.000us,3000,920,-2080
1757,878000.000us,3040,960,-2080
1758,878500.000us,3040,960,-2080
1759,879000.000us,3280,1040,-2240
1760,879500.000us,3040,960,-2080
1761,880000.000us,3280,1040,-2240
1762,880500.000us,3320,1040,-2280
1763,881000.000us,3560,1120,-2440
1764,881500.000us,3320,1040,-2280
1765,882000.000us,3520,1080,-2440
1766,882500.000us,3520,1120,-2400
1767,883000.000us,3560,1120,-2440
1768,883500.000us,3320,1040,-2280
1769,884000.000us,3320,1040,-2280
1770,884500.000us,3360,1040,-2320
1771,885000.000us,3360,1040,-2320
1772,885500.000us,3000,920,-2080
1773,886000.000us,3000,920,-2080
1774,886500.000us,3000,960,-2040
1775,887000.000us,3040,960,-2080
1776,887500.000us,2960,920,-2040
1777,888000.000us,3040,920,-2120
1778,888500.000us,3000,920,-2080
1779,889000.000us,3040,960,-2080
1780,889500.000us,2960,920,-2040
1781,890000.000us,3000,920,-2080
1782,890500.000us,2960,920,-2040
1783,891000.000us,3040,960,-2080
1784,891500.000us,2960,920,-2040
1785,892000.000us,3040,960,-2080
1786,892500.000us,3000,960,-2040
1787,893000.000us,3040,960,-2080
1788,893500.000us,2960,920,-2040
1789,894000.000us,3040,960,-2080
1790,894500.000us,3040,960,-2080
1791,895000.000us,3040,960,-2080
1792,895500.000us,3000,920,-2080
1793,896000.000us,3040,960,-2080
1794,896500.000us,2960,880,-2080
1795,897000.000us,3080,960,-2120
1796,897500.000us,2960,880,-2080
1797,898000.000us,3080,960,-2120
1798,898500.000us,3080,960,-2120
1799,899000.000us,3280,1040,-2240
1800,899500.000us,3040,960,-2080
1801,900000.000us,3280,1000,-2280
1802,900500.000us,3360,1040,-2320
1803,901000.000us,3520,1120,-2400
1804,901500.000us,3360,1040,-2320
1805,902000.000us,3480,1120,-2360
1806,902500.000us,3480,1120,-2360
1807,903000.000us,3520,1120,-2400
1808,903500.000us,3360,1040,-2320
1809,904000.000us,3360,1040,-2320
1810,904500.000us,3320,1040,-2280
1811,905000.000us,3320,1040,-2280
1812,905500.000us,3000,920,-2080
1813,906000.000us,3000,920,-2080
1814,906500.000us,3000,960,-2040
1815,907000.000us,3000,960,-2040
1816,907500.000us,2960,920,-2040
1817,908000.000us,2960,960,-2000
1818,908500.000us,2960,920,-2040
1819,909000.000us,3000,1000,-2000
1820,909500.000us,2960,920,-2040
1821,910000.000us,2960,920,-2040
1822,910500.000us,3000,920,-2080
1823,911000.000us,3000,1000,-2000
1824,911500.000us,2960,920,-2040
1825,912000.000us,3000,960,-2040
1826,912500.000us,2960,920,-2040
1827,913000.000us,3000,960,-2040
1828,913500.000us,2960,920,-2040
1829,914000.000us,3000,920,-2080
1830,914500.000us,3000,920,-2080
1831,915000.000us,3080,1000,-2080
1832,915500.000us,3000,920,-2080
1833,916000.000us,3040,960,-2080
1834,916500.000us,3040,960,-2080
1835,917000.000us,3080,1000,-2080
1836,917500.000us,3040,920,-2120
1837,918000.000us,3080,1000,-2080
1838,918500.000us,3000,960,-2040
1839,919000.000us,3280,1000,-2280
1840,919500.000us,3000,960,-2040
1841,920000.000us,3280,1000,-2280
1842,920500.000us,3320,1080,-2240
1843,921000.000us,3520,1120,-2400
1844,921500.000us,3320,1040,-2280
1845,922000.000us,3520,1080,-2440
1846,922500.000us,3520,1040,-2480
1847,923000.000us,3520,1120,-2400
1848,923500.000us,3360,1040,-2320
1849,924000.000us,3360,1080,-2280
1850,924500.000us,3280,1000,-2280
1851,925000.000us,3320,1040,-2280
1852,925500.000us,3000,920,-2080
1853,926000.000us,3000,920,-2080
1854,926500.000us,3000,960,-2040
1855,927000.000us,3040,960,-2080
1856,927500.000us,2960,880,-2080
1857,928000.000us,3000,880,-2120
1858,928500.000us,2960,920,-2040
1859,929000.000us,3040,960,-2080
1860,929500.000us,2960,920,-2040
1861,930000.000us,3000,960,-2040
1862,930500.000us,2960,920,-2040
1863,931000.000us,3000,960,-2040
1864,931500.000us,2960,880,-2080
1865,932000.000us,2960,920,-2040
1866,932500.000us,3000,920,-2080
1867,933000.000us,3040,1000,-2040
1868,933500.000us,2960,920,-2040
1869,934000.000us,2960,960,-2000
1870,934500.000us,3000,960,-2040
1871,935000.000us,3040,960,-2080
1872,935500.000us,3000,920,-2080
1873,936000.000us,3040,960,-2080
1874,936500.000us,3000,960,-2040
1875,937000.000us,3080,1000,-2080
1876,937500.000us,3000,920,-2080
1877,938000.000us,3040,960,-2080
1878,938500.000us,3000,920,-2080
1879,939000.000us,3280,1040,-2240
1880,939500.000us,3000,920,-2080
1881,940000.000us,3280,1040,-2240
1882,940500.000us,3320,1000,-2320
1883,941000.000us,3520,1120,-2400
1884,941500.000us,3320,1000,-2320
1885,942000.000us,3480,1080,-2400
1886,942500.000us,3560,1080,-2480
1887,943000.000us,3560,1120,-2440
1888,943500.000us,3360,1000,-2360
1889,944000.000us,3360,1000,-2360
1890,944500.000us,3320,1000,-2320
1891,945000.000us,3320,1040,-2280
1892,945500.000us,3040,920,-2120
1893,946000.000us,3040,960,-2080
1894,946500.000us,2960,920,-2040
1895,947000.000us,3040,960,-2080
1896,947500.000us,2960,920,-2040
1897,948000.000us,2960,960,-2000
1898,948500.000us,2960,920,-2040
1899,949000.000us,3000,960,-2040
1900,949500.000us,2960,920,-2040
1901,950000.000us,2960,960,-2000
1902,950500.000us,2960,960,-2000
1903,951000.000us,3000,960,-2040
1904,951500.000us,2960,920,-2040
1905,952000.000us,3000,920,-2080
1906,952500.000us,2960,960,-2000
1907,953000.000us,3040,960,-2080
1908,953500.000us,2960,920,-2040
1909,954000.000us,3000,920,-2080
1910,954500.000us,3000,960,-2040
1911,955000.000us,3040,960,-2080
1912,955500.000us,3000,920,-2080
1913,956000.000us,3040,960,-2080
1914,956500.000us,3040,960,-2080
1915,957000.000us,3040,960,-2080
1916,957500.000us,3040,920,-2120
1917,958000.000us,3040,960,-2080
1918,958500.000us,3080,960,-2120
1919,959000.000us,3240,1040,-2200
1920,959500.000us,3040,920,-2120
1921,960000.000us,3240,1040,-2200
1922,960500.000us,3360,1040,-2320
1923,961000.000us,3520,1120,-2400
1924,961500.000us,3360,1000,-2360
1925,962000.000us,3520,1120,-2400
1926,962500.000us,3480,1120,-2360
1927,963000.000us,3520,1120,-2400
1928,963500.000us,3360,1040,-2320
1929,964000.000us,3360,1040,-2320
1930,964500.000us,3320,1040,-2280
1931,965000.000us,3320,1040,-2280
1932,965500.000us,3000,920,-2080
1933,966000.000us,3000,960,-2040
1934,966500.000us,3000,920,-2080
1935,967000.000us,3000,960,-2040
1936,967500.000us,2960,920,-2040
1937,968000.000us,3000,960,-2040
1938,968500.000us,3000,960,-2040
1939,969000.000us,3040,960,-2080
1940,969500.000us,2960,920,-2040
1941,970000.000us,2960,960,-2000
1942,970500.000us,2960,920,-2040
1943,971000.000us,3000,960,-2040
1944,971500.000us,2960,920,-2040
1945,972000.000us,2960,960,-2000
1946,972500.000us,3000,920,-2080
1947,973000.000us,3040,960,-2080
1948,973500.000us,2960,920,-2040
1949,974000.000us,3040,960,-2080
1950,974500.000us,3000,920,-2080
1951,975000.000us,3040,1000,-2040
1952,975500.000us,3000,920,-2080
1953,976000.000us,3000,920,-2080
1954,976500.000us,3040,920,-2120
1955,977000.000us,3080,1000,-2080
1956,977500.000us,3000,920,-2080
1957,978000.000us,3080,960,-2120
1958,978500.000us,3080,960,-2120
1959,979000.000us,3280,1040,-2240
1960,979500.000us,3040,960,-2080
1961,980000.000us,3280,1000,-2280
1962,980500.000us,3320,1040,-2280
1963,981000.000us,3520,1120,-2400
1964,981500.000us,3320,1040,-2280
1965,982000.000us,3520,1080,-2440
1966,982500.000us,3480,1120,-2360
1967,983000.000us,3520,1120,-2400
1968,983500.000us,3400,1040,-2360
1969,984000.000us,3400,1040,-2360
1970,984500.000us,3280,1000,-2280
1971,985000.000us,3280,1000,-2280
1972,985500.000us,3000,880,-2120
1973,986000.000us,3040,920,-2120
1974,986500.000us,2960,960,-2000
1975,987000.000us,3040,960,-2080
1976,987500.000us,2960,920,-2040
1977,988000.000us,2960,960,-2000
1978,988500.000us,2920,960,-1960
1979,989000.000us,3000,960,-2040
1980,989500.000us,2920,880,-2040
1981,990000.000us,2960,920,-2040
1982,990500.000us,2960,960,-2000
1983,991000.000us,3000,960,-2040
1984,991500.000us,2960,920,-2040
1985,992000.000us,2960,960,-2000
1986,992500.000us,3000,960,-2040
1987,993000.000us,3040,2880,-160
1988,993500.000us,2960,920,-2040
1989,994000.000us,3000,2880,-120
1990,994500.000us,3000,3200,200
1991,995000.000us,3040,3320,280
1992,995500.000us,3000,3200,200
1993,996000.000us,3040,3320,280
1994,996500.000us,3000,3280,280
1995,997000.000us,3120,3360,240
1996,997500.000us,3000,3280,280
1997,998000.000us,3080,3320,240
1998,998500.000us,3080,3320,240
1999,999000.000us,3360,3600,240
2000,999500.000us,3080,3320,240
2001,1000000.000us,3360,3600,240
2002,1000500.000us,3400,3640,240
2003,1001000.000us,3600,3880,280
2004,1001500.000us,3400,3640,240
2005,1002000.000us,3600,3880,280
2006,1002500.000us,3640,3880,240
2007,1003000.000us,3640,3880,240
2008,1003500.000us,3520,3760,240
2009,1004000.000us,3560,3760,200
2010,1004500.000us,3520,3760,240
2011,1005000.000us,3520,3760,240
2012,1005500.000us,3160,3400,240
2013,1006000.000us,3160,3400,240
2014,1006500.000us,3120,3360,240
2015,1007000.000us,3120,3360,240
2016,1007500.000us,2960,3240,280
2017,1008000.000us,2960,3240,280
2018,1008500.000us,3000,3280,280
2019,1009000.000us,3000,3280,280
2020,1009500.000us,2960,3200,240
2021,1010000.000us,2960,3240,280
2022,1010500.000us,2960,3200,240
2023,1011000.000us,3000,3280,280
2024,1011500.000us,2960,3200,240
2025,1012000.000us,2960,3240,280
2026,1012500.000us,3000,3280,280
2027,1013000.000us,3040,3280,240
2028,1013500.000us,2960,3240,280
2029,1014000.000us,3000,3240,240
2030,1014500.000us,3040,3280,240
2031,1015000.000us,3080,3320,240
2032,1015500.000us,3000,3240,240
2033,1016000.000us,3040,3320,280
2034,1016500.000us,3040,3320,280
2035,1017000.000us,3120,3400,280
2036,1017500.000us,3040,3280,240
2037,1018000.000us,3120,3360,240
2038,1018500.000us,3120,3400,280
2039,1019000.000us,3360,3600,240
2040,1019500.000us,3080,3360,280
2041,1020000.000us,3360,3600,240
2042,1020500.000us,3440,3680,240
2043,1021000.000us,3640,3920,280
2044,1021500.000us,3440,3680,240
2045,1022000.000us,3600,3880,280
2046,1022500.000us,3600,3880,280
2047,1023000.000us,3680,3920,240
2048,1023500.000us,3560,3800,240
2049,1024000.000us,3560,3840,280
2050,1024500.000us,3480,3760,280
2051,1025000.000us,3480,3760,280
2052,1025500.000us,3200,3440,240
2053,1026000.000us,3200,3440,240
2054,1026500.000us,3120,3400,280
2055,1027000.000us,3120,3400,280
2056,1027500.000us,2960,3200,240
2057,1028000.000us,3000,3240,240
2058,1028500.000us,3040,3240,200
2059,1029000.000us,3040,3240,200
2060,1029500.000us,2960,3200,240
2061,1030000.000us,2960,3240,280
2062,1030500.000us,2960,3240,280
2063,1031000.000us,3000,3280,280
2064,1031500.000us,2960,3200,240
2065,1032000.000us,2960,3240,280
2066,1032500.000us,3000,3200,200
2067,1033000.000us,3040,3280,240
2068,1033500.000us,2960,3200,240
2069,1034000.000us,3000,3240,240
2070,1034500.000us,3040,3240,200
2071,1035000.000us,3040,3280,240
2072,1035500.000us,3000,3240,240
2073,1036000.000us,3040,3280,240
2074,1036500.000us,3040,3280,240
2075,1037000.000us,3120,3360,240
2076,1037500.000us,3040,3280,240
2077,1038000.000us,3080,3360,280
2078,1038500.000us,3120,3360,240
2079,1039000.000us,3360,3640,280
2080,1039500.000us,3080,3320,240
2081,1040000.000us,3360,3640,280
2082,1040500.000us,3400,3640,240
2083,1041000.000us,3640,3880,240
2084,1041500.000us,3400,3640,240
2085,1042000.000us,3640,3880,240
2086,1042500.000us,3640,3920,280
2087,1043000.000us,3680,3920,240
2088,1043500.000us,3520,3800,280
2089,1044000.000us,3520,3800,280
2090,1044500.000us,3520,3800,280
2091,1045000.000us,3520,3800,280
2092,1045500.000us,3160,3440,280
2093,1046000.000us,3160,3440,280
2094,1046500.000us,3200,3440,240
2095,1047000.000us,3200,3440,240
2096,1047500.000us,2960,3200,240
2097,1048000.000us,3000,3280,280
2098,1048500.000us,3040,3240,200
2099,1049000.000us,3040,3280,240
2100,1049500.000us,2960,3240,280
2101,1050000.000us,3000,3240,240
2102,1050500.000us,2960,3240,280
2103,1051000.000us,3000,3280,280
2104,1051500.000us,2960,3200,240
2105,1052000.000us,3000,3200,200
2106,1052500.000us,2960,3240,280
2107,1053000.000us,3040,3280,240
2108,1053500.000us,2960,3200,240
2109,1054000.000us,3000,3240,240
2110,1054500.000us,3000,3280,280
2111,1055000.000us,3080,3320,240
2112,1055500.000us,3000,3240,240
2113,1056000.000us,3000,3320,320
2114,1056500.000us,3080,3280,200
2115,1057000.000us,3080,3360,280
2116,1057500.000us,3040,3280,240
2117,1058000.000us,3080,3360,280
2118,1058500.000us,3120,3360,240
2119,1059000.000us,3360,3600,240
2120,1059500.000us,3080,3360,280
2121,1060000.000us,3360,3600,240
2122,1060500.000us,3360,3680,320
2123,1061000.000us,3640,3880,240
2124,1061500.000us,3360,3680,320
2125,1062000.000us,3640,3840,200
2126,1062500.000us,3680,3920,240
2127,1063000.000us,3680,3920,240
2128,1063500.000us,3560,3800,240
2129,1064000.000us,3600,3800,200
2130,1064500.000us,3560,3840,280
2131,1065000.000us,3560,3840,280
2132,1065500.000us,3160,3400,240
2133,1066000.000us,3160,3400,240
2134,1066500.000us,3120,3360,240
2135,1067000.000us,3120,3360,240
2136,1067500.000us,3000,3240,240
2137,1068000.000us,3000,3240,240
2138,1068500.000us,3000,3240,240
2139,1069000.000us,3040,3240,200
2140,1069500.000us,2960,3200,240
2141,1070000.000us,3000,3240,240
2142,1070500.000us,3000,3240,240
2143,1071000.000us,3040,3280,240
2144,1071500.000us,2960,3240,280
2145,1072000.000us,3000,3240,240
2146,1072500.000us,3000,3240,240
2147,1073000.000us,3040,3280,240
2148,1073500.000us,2960,3200,240
2149,1074000.000us,3000,3240,240
2150,1074500.000us,3000,3280,280
2151,1075000.000us,3080,3320,240
2152,1075500.000us,3000,3240,240
2153,1076000.000us,3080,3240,160
2154,1076500.000us,3000,3320,320
2155,1077000.000us,3120,3360,240
2156,1077500.000us,3000,3280,280
2157,1078000.000us,3120,3320,200
2158,1078500.000us,3160,3360,200
2159,1079000.000us,3360,3600,240
2160,1079500.000us,3040,3320,280
2161,1080000.000us,3360,3600,240
2162,1080500.000us,3360,3600,240
2163,1081000.000us,3640,3880,240
2164,1081500.000us,3360,3600,240
2165,1082000.000us,3640,3880,240
2166,1082500.000us,3680,3920,240
2167,1083000.000us,3680,3920,240
2168,1083500.000us,3520,3800,280
2169,1084000.000us,3520,3800,280
2170,1084500.000us,3520,3800,280
2171,1085000.000us,3520,3800,280
2172,1085500.000us,3200,3480,280
2173,1086000.000us,3200,3480,280
2174,1086500.000us,3160,3400,240
2175,1087000.000us,3160,3400,240
2176,1087500.000us,3000,3200,200
2177,1088000.000us,3000,3240,240
2178,1088500.000us,3000,3240,240
2179,1089000.000us,3040,3240,200
2180,1089500.000us,2960,3200,240
2181,1090000.000us,3000,3200,200
2182,1090500.000us,2960,3240,280
2183,1091000.000us,3040,3240,200
2184,1091500.000us,2960,3200,240
2185,1092000.000us,3040,3240,200
2186,1092500.000us,3000,3200,200
2187,1093000.000us,3040,3280,240
2188,1093500.000us,2960,3200,240
2189,1094000.000us,3040,3280,240
2190,1094500.000us,3000,3280,280
2191,1095000.000us,3040,3360,320
2192,1095500.000us,3000,3240,240
2193,1096000.000us,3040,3280,240
2194,1096500.000us,3000,3280,280
2195,1097000.000us,3120,3360,240
2196,1097500.000us,3000,3280,280
2197,1098000.000us,3080,3360,280
2198,1098500.000us,3080,3320,240
2199,1099000.000us,3360,3600,240
2200,1099500.000us,3080,3320,240
2201,1100000.000us,3360,3600,240
2202,1100500.000us,3400,3680,280
2203,1101000.000us,3680,3880,200
2204,1101500.000us,3400,3680,280
2205,1102000.000us,3680,3880,200
2206,1102500.000us,3680,3920,240
2207,1103000.000us,3680,3920,240
2208,1103500.000us,3560,3800,240
2209,1104000.000us,3560,3800,240
2210,1104500.000us,3520,3800,280
2211,1105000.000us,3520,3800,280
2212,1105500.000us,3200,3400,200
2213,1106000.000us,3200,3400,200
2214,1106500.000us,3160,3400,240
2215,1107000.000us,3160,3400,240
2216,1107500.000us,3000,3240,240
2217,1108000.000us,3000,3240,240
2218,1108500.000us,2960,3240,280
2219,1109000.000us,3000,3240,240
2220,1109500.000us,2960,3240,280
2221,1110000.000us,3000,3240,240
2222,1110500.000us,2960,3200,240
2223,1111000.000us,3040,3240,200
2224,1111500.000us,2960,3200,240
2225,1112000.000us,3040,3240,200
2226,1112500.000us,3000,3240,240
2227,1113000.000us,3040,3280,240
2228,1113500.000us,2960,3240,280
2229,1114000.000us,3000,3280,280
2230,1114500.000us,3000,3280,280
2231,1115000.000us,3080,3320,240
2232,1115500.000us,3000,3240,240
2233,1116000.000us,3040,3240,200
2234,1116500.000us,3040,3320,280
2235,1117000.000us,3120,3360,240
2236,1117500.000us,3040,3280,240
2237,1118000.000us,3120,3360,240
2238,1118500.000us,3080,3360,280
2239,1119000.000us,3360,3560,200
2240,1119500.000us,3080,3360,280
2241,1120000.000us,3360,3560,200
2242,1120500.000us,3400,3600,200
2243,1121000.000us,3680,3920,240
2244,1121500.000us,3400,3600,200
2245,1122000.000us,3680,3920,240
2246,1122500.000us,3640,3880,240
2247,1123000.000us,3680,3920,240
2248,1123500.000us,3560,3800,240
2249,1124000.000us,3560,3840,280
2250,1124500.000us,3560,3760,200
2251,1125000.000us,3560,3760,200
2252,1125500.000us,3200,3440,240
2253,1126000.000us,3200,3440,240
2254,1126500.000us,3160,3440,280
2255,1127000.000us,3160,3440,280
2256,1127500.000us,2960,3200,240
2257,1128000.000us,2960,3240,280
2258,1128500.000us,2960,3280,320
2259,1129000.000us,3000,3280,280
2260,1129500.000us,2960,3240,280
2261,1130000.000us,2960,3240,280
2262,1130500.000us,3000,3240,240
2263,1131000.000us,3000,3240,240
2264,1131500.000us,2960,3200,240
2265,1132000.000us,3000,3200,200
2266,1132500.000us,3000,3240,240
2267,1133000.000us,3040,3280,240
2268,1133500.000us,2960,3200,240
2269,1134000.000us,3000,3240,240
2270,1134500.000us,3000,3240,240
2271,1135000.000us,3080,3280,200
2272,1135500.000us,3000,3240,240
2273,1136000.000us,3040,3280,240
2274,1136500.000us,3040,3280,240
2275,1137000.000us,3080,3360,280
2276,1137500.000us,3040,3280,240
2277,1138000.000us,3080,3360,280
2278,1138500.000us,3120,3360,240
2279,1139000.000us,3360,3560,200
2280,1139500.000us,3080,3360,280
2281,1140000.000us,3360,3560,200
2282,1140500.000us,3400,3640,240
2283,1141000.000us,3680,3920,240
2284,1141500.000us,3400,3640,240
2285,1142000.000us,3640,3880,240
2286,1142500.000us,3680,3920,240
2287,1143000.000us,3680,3920,240
2288,1143500.000us,3600,3840,240
2289,1144000.000us,3600,3840,240
2290,1144500.000us,3520,3800,280
2291,1145000.000us,3520,3800,280
2292,1145500.000us,3200,3480,280
2293,1146000.000us,3200,3480,280
2294,1146500.000us,3160,3440,280
2295,1147000.000us,3160,3440,280
2296,1147500.000us,2960,3240,280
2297,1148000.000us,3000,3280,280
2298,1148500.000us,2960,3240,280
2299,1149000.000us,3000,3280,280
2300,1149500.000us,2960,3200,240
2301,1150000.000us,3000,3200,200
2302,1150500.000us,3000,3240,240
2303,1151000.000us,3000,3280,280
2304,1151500.000us,2960,3240,280
2305,1152000.000us,2960,3240,280
2306,1152500.000us,3000,3240,240
2307,1153000.000us,3040,3280,240
2308,1153500.000us,2960,3240,280
2309,1154000.000us,3040,3280,240
2310,1154500.000us,3000,3240,240
2311,1155000.000us,3040,3320,280
2312,1155500.000us,3000,3240,240
2313,1156000.000us,3040,3320,280
2314,1156500.000us,3040,3280,240
2315,1157000.000us,3120,3360,240
2316,1157500.000us,3040,3280,240
2317,1158000.000us,3080,3360,280
2318,1158500.000us,3080,3360,280
2319,1159000.000us,3360,3560,200
2320,1159500.000us,3080,3320,240
2321,1160000.000us,3360,3560,200
2322,1160500.000us,3360,3640,280
2323,1161000.000us,3680,3920,240
2324,1161500.000us,3360,3640,280
2325,1162000.000us,3680,3920,240
2326,1162500.000us,3680,3920,240
2327,1163000.000us,3720,3960,240
2328,1163500.000us,3560,3840,280
2329,1164000.000us,3560,3840,280
2330,1164500.000us,3600,3800,200
2331,1165000.000us,3600,3800,200
2332,1165500.000us,3240,3480,240
2333,1166000.000us,3240,3480,240
2334,1166500.000us,3200,3400,200
2335,1167000.000us,3200,3400,200
2336,1167500.000us,2960,3240,280
2337,1168000.000us,3000,3240,240
2338,1168500.000us,3000,3240,240
2339,1169000.000us,3040,3280,240
2340,1169500.000us,2960,3200,240
2341,1170000.000us,3040,3240,200
2342,1170500.000us,3000,3240,240
2343,1171000.000us,3000,3240,240
2344,1171500.000us,2960,3200,240
2345,1172000.000us,3000,3240,240
2346,1172500.000us,3000,3240,240
2347,1173000.000us,3040,3280,240
2348,1173500.000us,2960,3200,240
2349,1174000.000us,3000,3240,240
2350,1174500.000us,3040,3280,240
2351,1175000.000us,3040,3320,280
2352,1175500.000us,3000,3240,240
2353,1176000.000us,3040,3320,280
2354,1176500.000us,3040,3280,240
2355,1177000.000us,3080,3360,280
2356,1177500.000us,3040,3280,240
2357,1178000.000us,3080,3320,240
2358,1178500.000us,3120,3320,200
2359,1179000.000us,3360,3600,240
2360,1179500.000us,3080,3320,240
2361,1180000.000us,3360,3600,240
2362,1180500.000us,3400,3640,240
2363,1181000.000us,3680,3920,240
2364,1181500.000us,3400,3640,240
2365,1182000.000us,3680,3920,240
2366,1182500.000us,3680,3920,240
2367,1183000.000us,3680,3960,280
2368,1183500.000us,3600,3800,200
2369,1184000.000us,3600,3800,200
2370,1184500.000us,3600,3800,200
2371,1185000.000us,3600,3800,200
2372,1185500.000us,3240,3480,240
2373,1186000.000us,3240,3480,240
2374,1186500.000us,3200,3400,200
2375,1187000.000us,3200,3400,200
2376,1187500.000us,2960,3240,280
2377,1188000.000us,3000,3240,240
2378,1188500.000us,3000,3240,240
2379,1189000.000us,3000,3280,280
2380,1189500.000us,2960,3200,240
2381,1190000.000us,2960,3240,280
2382,1190500.000us,2960,3240,280
2383,1191000.000us,3000,3280,280
2384,1191500.000us,2960,3240,280
2385,1192000.000us,3000,3240,240
2386,1192500.000us,3000,3240,240
2387,1193000.000us,3040,3280,240
2388,1193500.000us,3000,3240,240
2389,1194000.000us,3040,3280,240
2390,1194500.000us,3040,3280,240
2391,1195000.000us,3080,3320,240
2392,1195500.000us,3000,3240,240
2393,1196000.000us,3000,3280,280
2394,1196500.000us,3040,3280,240
2395,1197000.000us,3120,3360,240
2396,1197500.000us,3040,3280,240
2397,1198000.000us,3120,3320,200
2398,1198500.000us,3080,3360,280
2399,1199000.000us,3360,3600,240
2400,1199500.000us,3080,3360,280
2401,1200000.000us,3360,3600,240
2402,1200500.000us,3400,3600,200
2403,1201000.000us,3680,3920,240
2404,1201500.000us,3400,3600,200
2405,1202000.000us,3640,3920,280
2406,1202500.000us,3680,3880,200
2407,1203000.000us,3720,3920,200
2408,1203500.000us,3560,3800,240
2409,1204000.000us,3560,3800,240
2410,1204500.000us,3520,3840,320
2411,1205000.000us,3560,3840,280
2412,1205500.000us,3240,3480,240
2413,1206000.000us,3240,3480,240
2414,1206500.000us,3200,3440,240
2415,1207000.000us,3200,3440,240
2416,1207500.000us,2960,3200,240
2417,1208000.000us,3000,3200,200
2418,1208500.000us,3000,3240,240
2419,1209000.000us,3040,3280,240
2420,1209500.000us,2960,3240,280
2421,1210000.000us,3000,3280,280
2422,1210500.000us,2960,3240,280
2423,1211000.000us,3000,3240,240
2424,1211500.000us,2960,3200,240
2425,1212000.000us,3000,3240,240
2426,1212500.000us,3040,3280,240
2427,1213000.000us,3040,3320,280
2428,1213500.000us,2960,3200,240
2429,1214000.000us,3040,3320,280
2430,1214500.000us,3000,3240,240
2431,1215000.000us,3080,3320,240
2432,1215500.000us,3000,3240,240
2433,1216000.000us,3040,3320,280
2434,1216500.000us,3040,3240,200
2435,1217000.000us,3120,3360,240
2436,1217500.000us,3040,3240,200
2437,1218000.000us,3080,3360,280
2438,1218500.000us,3120,3360,240
2439,1219000.000us,3360,3600,240
2440,1219500.000us,3120,3320,200
2441,1220000.000us,3360,3600,240
2442,1220500.000us,3360,3640,280
2443,1221000.000us,3680,3920,240
2444,1221500.000us,3360,3640,280
2445,1222000.000us,3680,3920,240
2446,1222500.000us,3680,3920,240
2447,1223000.000us,3680,3960,280
2448,1223500.000us,3600,3800,200
2449,1224000.000us,3600,3800,200
2450,1224500.000us,3560,3800,240
2451,1225000.000us,3560,3800,240
2452,1225500.000us,3200,3480,280
2453,1226000.000us,3200,3480,280
2454,1226500.000us,3200,3440,240
2455,1227000.000us,3200,3440,240
2456,1227500.000us,2960,3200,240
2457,1228000.000us,3000,3240,240
2458,1228500.000us,2960,3240,280
2459,1229000.000us,3040,3280,240
2460,1229500.000us,2960,3200,240
2461,1230000.000us,3000,3200,200
2462,1230500.000us,2960,3200,240
2463,1231000.000us,3000,3280,280
2464,1231500.000us,2960,3200,240
2465,1232000.000us,3000,3280,280
2466,1232500.000us,2960,3240,280
2467,1233000.000us,3040,3320,280
2468,1233500.000us,2960,3240,280
2469,1234000.000us,3040,3240,200
2470,1234500.000us,3000,3280,280
2471,1235000.000us,3080,3320,240
2472,1235500.000us,3000,3240,240
2473,1236000.000us,3040,3240,200
2474,1236500.000us,3040,3280,240
2475,1237000.000us,3120,3360,240
2476,1237500.000us,3040,3280,240
2477,1238000.000us,3120,3360,240
2478,1238500.000us,3080,3320,240
2479,1239000.000us,3360,3600,240
2480,1239500.000us,3080,3320,240
2481,1240000.000us,3360,3600,240
2482,1240500.000us,3400,3600,200
2483,1241000.000us,3680,3920,240
2484,1241500.000us,3400,3600,200
2485,1242000.000us,3680,3920,240
2486,1242500.000us,3640,3880,240
2487,1243000.000us,3680,3960,280
2488,1243500.000us,3600,3840,240
2489,1244000.000us,3600,3840,240
2490,1244500.000us,3560,3800,240
2491,1245000.000us,3560,3800,240
2492,1245500.000us,3240,3480,240
2493,1246000.000us,3240,3480,240
2494,1246500.000us,3200,3440,240
2495,1247000.000us,3200,3440,240
2496,1247500.000us,2960,3240,280
2497,1248000.000us,2960,3240,280
2498,1248500.000us,2960,3200,240
2499,1249000.000us,3000,3240,240
2500,1249500.000us,2960,3200,240
2501,1250000.000us,3000,3240,240
2502,1250500.000us,3000,3240,240
2503,1251000.000us,3000,3240,240
2504,1251500.000us,2960,3200,240
2505,1252000.000us,3000,3240,240
2506,1252500.000us,2960,3240,280
2507,1253000.000us,3040,3280,240
2508,1253500.000us,2960,3240,280
2509,1254000.000us,3040,3280,240
2510,1254500.000us,3000,3240,240
2511,1255000.000us,3040,3320,280
2512,1255500.000us,3000,3240,240
2513,1256000.000us,3040,3280,240
2514,1256500.000us,3040,3320,280
2515,1257000.000us,3120,3360,240
2516,1257500.000us,3000,3280,280
2517,1258000.000us,3120,3320,200
2518,1258500.000us,3080,3320,240
2519,1259000.000us,3320,3600,280
2520,1259500.000us,3080,3320,240
2521,1260000.000us,3320,3600,280
2522,1260500.000us,3360,3600,240
2523,1261000.000us,3680,3920,240
2524,1261500.000us,3360,3600,240
2525,1262000.000us,3680,3920,240
2526,1262500.000us,3680,3920,240
2527,1263000.000us,3680,3920,240
2528,1263500.000us,3600,3840,240
2529,1264000.000us,3600,3840,240
2530,1264500.000us,3560,3800,240
2531,1265000.000us,3560,3800,240
2532,1265500.000us,3240,3480,240
2533,1266000.000us,3240,3480,240
2534,1266500.000us,3200,3440,240
2535,1267000.000us,3200,3440,240
2536,1267500.000us,3000,3240,240
2537,1268000.000us,3000,3240,240
2538,1268500.000us,3000,3240,240
2539,1269000.000us,3000,3280,280
2540,1269500.000us,2960,3200,240
2541,1270000.000us,3000,3240,240
2542,1270500.000us,3000,3240,240
2543,1271000.000us,3040,3240,200
2544,1271500.000us,2960,3200,240
2545,1272000.000us,3040,3240,200
2546,1272500.000us,3000,3280,280
2547,1273000.000us,3040,3280,240
2548,1273500.000us,2960,3240,280
2549,1274000.000us,3040,3280,240
2550,1274500.000us,3040,3280,240
2551,1275000.000us,3080,3320,240
2552,1275500.000us,3000,3240,240
2553,1276000.000us,3080,3280,200
2554,1276500.000us,3080,3280,200
2555,1277000.000us,3080,3360,280
2556,1277500.000us,3040,3280,240
2557,1278000.000us,3080,3360,280
2558,1278500.000us,3120,3320,200
2559,1279000.000us,3360,3600,240
2560,1279500.000us,3080,3320,240
2561,1280000.000us,3360,3600,240
2562,1280500.000us,3440,3640,200
2563,1281000.000us,3680,3920,240
2564,1281500.000us,3440,3640,200
2565,1282000.000us,3680,3880,200
2566,1282500.000us,3640,3880,240
2567,1283000.000us,3680,3920,240
2568,1283500.000us,3520,3840,320
2569,1284000.000us,3520,3840,320
2570,1284500.000us,3560,3800,240
2571,1285000.000us,3560,3800,240
2572,1285500.000us,3240,3480,240
2573,1286000.000us,3240,3480,240
2574,1286500.000us,3200,3440,240
2575,1287000.000us,3200,3440,240
2576,1287500.000us,2960,3240,280
2577,1288000.000us,2960,3240,280
2578,1288500.000us,3000,3280,280
2579,1289000.000us,3000,3280,280
2580,1289500.000us,2960,3240,280
2581,1290000.000us,3000,3240,240
2582,1290500.000us,3000,3200,200
2583,1291000.000us,3000,3240,240
2584,1291500.000us,2960,3200,240
2585,1292000.000us,3000,3240,240
2586,1292500.000us,3000,3240,240
2587,1293000.000us,3040,3280,240
2588,1293500.000us,2960,3240,280
2589,1294000.000us,3040,3280,240
2590,1294500.000us,3000,3280,280
2591,1295000.000us,3040,3320,280
2592,1295500.000us,3000,3240,240
2593,1296000.000us,3040,3320,280
2594,1296500.000us,3000,3240,240
2595,1297000.000us,3080,3360,280
2596,1297500.000us,3000,3240,240
2597,1298000.000us,3080,3360,280
2598,1298500.000us,3120,3320,200
2599,1299000.000us,3360,3600,240
2600,1299500.000us,3080,3320,240
2601,1300000.000us,3360,3600,240
2602,1300500.000us,3360,3640,280
2603,1301000.000us,3680,3920,240
2604,1301500.000us,3360,3640,280
2605,1302000.000us,3680,3920,240
2606,1302500.000us,3640,3880,240
2607,1303000.000us,3680,3920,240
2608,1303500.000us,3600,3840,240
2609,1304000.000us,3600,3840,240
2610,1304500.000us,3600,3800,200
2611,1305000.000us,3600,3800,200
2612,1305500.000us,3200,3480,280
2613,1306000.000us,3200,3480,280
2614,1306500.000us,3200,3400,200
2615,1307000.000us,3200,3400,200
2616,1307500.000us,2960,3200,240
2617,1308000.000us,3000,3240,240
2618,1308500.000us,3000,3240,240
2619,1309000.000us,3000,3280,280
2620,1309500.000us,2960,3200,240
2621,1310000.000us,2960,3200,240
2622,1310500.000us,2960,3200,240
2623,1311000.000us,3000,3280,280
2624,1311500.000us,2960,3200,240
2625,1312000.000us,3000,3240,240
2626,1312500.000us,3000,3240,240
2627,1313000.000us,3040,3280,240
2628,1313500.000us,2960,3200,240
2629,1314000.000us,3000,3240,240
2630,1314500.000us,3040,3280,240
2631,1315000.000us,3040,3320,280
2632,1315500.000us,3000,3240,240
2633,1316000.000us,3040,3280,240
2634,1316500.000us,3040,3280,240
2635,1317000.000us,3120,3360,240
2636,1317500.000us,3000,3280,280
2637,1318000.000us,3080,3360,280
2638,1318500.000us,3120,3320,200
2639,1319000.000us,3360,3600,240
2640,1319500.000us,3080,3320,240
2641,1320000.000us,3360,3600,240
2642,1320500.000us,3360,3640,280
2643,1321000.000us,3680,3920,240
2644,1321500.000us,3360,3640,280
2645,1322000.000us,3680,3920,240
2646,1322500.000us,3680,3920,240
2647,1323000.000us,3680,3960,280
2648,1323500.000us,3560,3840,280
2649,1324000.000us,3600,3840,240
2650,1324500.000us,3560,3840,280
2651,1325000.000us,3560,3840,280
2652,1325500.000us,3200,3480,280
2653,1326000.000us,3200,3480,280
2654,1326500.000us,3200,3480,280
2655,1327000.000us,3200,3480,280
2656,1327500.000us,2960,3240,280
2657,1328000.000us,3000,3240,240
2658,1328500.000us,3000,3240,240
2659,1329000.000us,3000,3280,280
2660,1329500.000us,2960,3240,280
2661,1330000.000us,2960,3240,280
2662,1330500.000us,2960,3240,280
2663,1331000.000us,3000,3280,280
2664,1331500.000us,2960,3200,240
2665,1332000.000us,2960,3240,280
2666,1332500.000us,3000,3240,240
2667,1333000.000us,3040,3280,240
2668,1333500.000us,2960,3240,280
2669,1334000.000us,3000,3280,280
2670,1334500.000us,3000,3280,280
2671,1335000.000us,3080,3320,240
2672,1335500.000us,3000,3240,240
2673,1336000.000us,3040,3320,280
2674,1336500.000us,3040,3320,280
2675,1337000.000us,3080,3360,280
2676,1337500.000us,3000,3280,280
2677,1338000.000us,3080,3360,280
2678,1338500.000us,3120,3320,200
2679,1339000.000us,3320,3560,240
2680,1339500.000us,3120,3320,200
2681,1340000.000us,3320,3560,240
2682,1340500.000us,3360,3640,280
2683,1341000.000us,3640,3880,240
2684,1341500.000us,3360,3640,280
2685,1342000.000us,3640,3880,240
2686,1342500.000us,3680,3920,240
2687,1343000.000us,3680,3960,280
2688,1343500.000us,3560,3840,280
2689,1344000.000us,3560,3840,280
2690,1344500.000us,3560,3800,240
2691,1345000.000us,3560,3800,240
2692,1345500.000us,3240,3480,240
2693,1346000.000us,3240,3480,240
2694,1346500.000us,3160,3480,320
2695,1347000.000us,3160,3480,320
2696,1347500.000us,3000,3240,240
2697,1348000.000us,3000,3240,240
2698,1348500.000us,3040,3280,240
2699,1349000.000us,3040,3280,240
2700,1349500.000us,2960,3200,240
2701,1350000.000us,2960,3240,280
2702,1350500.000us,2960,3240,280
2703,1351000.000us,3000,3280,280
2704,1351500.000us,2960,3200,240
2705,1352000.000us,3000,3280,280
2706,1352500.000us,2960,3200,240
2707,1353000.000us,3040,3280,240
2708,1353500.000us,2960,3200,240
2709,1354000.000us,3000,3240,240
2710,1354500.000us,3000,3240,240
2711,1355000.000us,3040,3280,240
2712,1355500.000us,2960,3240,280
2713,1356000.000us,3040,3240,200
2714,1356500.000us,3040,3320,280
2715,1357000.000us,3120,3320,200
2716,1357500.000us,3040,3280,240
2717,1358000.000us,3080,3320,240
2718,1358500.000us,3120,3360,240
2719,1359000.000us,3320,3600,280
2720,1359500.000us,3080,3360,280
2721,1360000.000us,3320,3600,280
2722,1360500.000us,3400,3640,240
2723,1361000.000us,3640,3920,280
2724,1361500.000us,3400,3640,240
2725,1362000.000us,3640,3920,280
2726,1362500.000us,3680,3920,240
2727,1363000.000us,3680,3960,280
2728,1363500.000us,3560,3840,280
2729,1364000.000us,3560,3840,280
2730,1364500.000us,3560,3800,240
2731,1365000.000us,3560,3800,240
2732,1365500.000us,3240,3520,280
2733,1366000.000us,3240,3520,280
2734,1366500.000us,3200,3480,280
2735,1367000.000us,3200,3480,280
2736,1367500.000us,2960,3240,280
2737,1368000.000us,2960,3240,280
2738,1368500.000us,3040,3240,200
2739,1369000.000us,3040,3240,200
2740,1369500.000us,2960,3200,240
2741,1370000.000us,2960,3240,280
2742,1370500.000us,2960,3240,280
2743,1371000.000us,3040,3240,200
2744,1371500.000us,2960,3200,240
2745,1372000.000us,3000,3240,240
2746,1372500.000us,3000,3200,200
2747,1373000.000us,3000,3280,280
2748,1373500.000us,2960,3200,240
2749,1374000.000us,3000,3240,240
2750,1374500.000us,3000,3240,240
2751,1375000.000us,3040,3320,280
2752,1375500.000us,3000,3240,240
2753,1376000.000us,3040,3280,240
2754,1376500.000us,3040,3320,280
2755,1377000.000us,3120,3360,240
2756,1377500.000us,3040,3320,280
2757,1378000.000us,3040,3320,280
2758,1378500.000us,3080,3320,240
2759,1379000.000us,3360,3560,200
2760,1379500.000us,3080,3320,240
2761,1380000.000us,3360,3560,200
2762,1380500.000us,3400,3640,240
2763,1381000.000us,3640,3920,280
2764,1381500.000us,3400,3640,240
2765,1382000.000us,3600,3920,320
2766,1382500.000us,3680,3880,200
2767,1383000.000us,3680,3960,280
2768,1383500.000us,3600,3840,240
2769,1384000.000us,3600,3840,240
2770,1384500.000us,3560,3800,240
2771,1385000.000us,3560,3800,240
2772,1385500.000us,3240,3480,240
2773,1386000.000us,3240,3480,240
2774,1386500.000us,3200,3480,280
2775,1387000.000us,3200,3480,280
2776,1387500.000us,2960,3240,280
2777,1388000.000us,3000,3240,240
2778,1388500.000us,3000,3280,280
2779,1389000.000us,3040,3280,240
2780,1389500.000us,2920,3200,280
2781,1390000.000us,2920,3200,280
2782,1390500.000us,2960,3200,240
2783,1391000.000us,3040,3280,240
2784,1391500.000us,2960,3200,240
2785,1392000.000us,3000,3240,240
2786,1392500.000us,3000,3280,280
2787,1393000.000us,3040,3280,240
2788,1393500.000us,2960,3240,280
2789,1394000.000us,3000,3280,280
2790,1394500.000us,2960,3240,280
2791,1395000.000us,3080,3280,200
2792,1395500.000us,2960,3240,280
2793,1396000.000us,3080,3280,200
2794,1396500.000us,3080,3320,240
2795,1397000.000us,3120,3360,240
2796,1397500.000us,3040,3320,280
2797,1398000.000us,3120,3360,240
2798,1398500.000us,3120,3360,240
2799,1399000.000us,3360,3600,240
2800,1399500.000us,3120,3360,240
2801,1400000.000us,3360,3600,240
2802,1400500.000us,3400,3600,200
2803,1401000.000us,3680,3880,200
2804,1401500.000us,3400,3600,200
2805,1402000.000us,3680,3880,200
2806,1402500.000us,3680,3880,200
2807,1403000.000us,3680,3920,240
2808,1403500.000us,3600,3840,240
2809,1404000.000us,3600,3840,240
2810,1404500.000us,3560,3840,280
2811,1405000.000us,3560,3840,280
2812,1405500.000us,3200,3480,280
2813,1406000.000us,3200,3480,280
2814,1406500.000us,3200,3480,280
2815,1407000.000us,3200,3480,280
2816,1407500.000us,3000,3240,240
2817,1408000.000us,3000,3280,280
2818,1408500.000us,3000,3240,240
2819,1409000.000us,3040,3280,240
2820,1409500.000us,2960,3240,280
2821,1410000.000us,2960,3240,280
2822,1410500.000us,3000,3200,200
2823,1411000.000us,3040,3280,240
2824,1411500.000us,2960,3200,240
2825,1412000.000us,3040,3240,200
2826,1412500.000us,2960,3240,280
2827,1413000.000us,3040,3280,240
2828,1413500.000us,2960,3240,280
2829,1414000.000us,3000,3240,240
2830,1414500.000us,3000,3240,240
2831,1415000.000us,3080,3280,200
2832,1415500.000us,3000,3240,240
2833,1416000.000us,3040,3240,200
2834,1416500.000us,3040,3280,240
2835,1417000.000us,3120,3360,240
2836,1417500.000us,3040,3280,240
2837,1418000.000us,3080,3320,240
2838,1418500.000us,3120,3320,200
2839,1419000.000us,3320,3560,240
2840,1419500.000us,3080,3320,240
2841,1420000.000us,3320,3560,240
2842,1420500.000us,3400,3600,200
2843,1421000.000us,3680,3920,240
2844,1421500.000us,3400,3600,200
2845,1422000.000us,3680,3920,240
2846,1422500.000us,3680,3920,240
2847,1423000.000us,3680,3960,280
2848,1423500.000us,3600,3800,200
2849,1424000.000us,3600,3800,200
2850,1424500.000us,3520,3800,280
2851,1425000.000us,3520,3840,320
2852,1425500.000us,3240,3480,240
2853,1426000.000us,3240,3480,240
2854,1426500.000us,3200,3440,240
2855,1427000.000us,3200,3440,240
2856,1427500.000us,2960,3200,240
2857,1428000.000us,2960,3240,280
2858,1428500.000us,3000,3240,240
2859,1429000.000us,3000,3240,240
2860,1429500.000us,2960,3200,240
2861,1430000.000us,3000,3200,200
2862,1430500.000us,3040,3240,200
2863,1431000.000us,3040,3280,240
2864,1431500.000us,2960,3240,280
2865,1432000.000us,3000,3240,240
2866,1432500.000us,3000,3240,240
2867,1433000.000us,3040,3240,200
2868,1433500.000us,2960,3240,280
2869,1434000.000us,3000,3240,240
2870,1434500.000us,3000,3240,240
2871,1435000.000us,3040,3320,280
2872,1435500.000us,2960,3240,280
2873,1436000.000us,3000,3320,320
2874,1436500.000us,3040,3320,280
2875,1437000.000us,3080,3360,280
2876,1437500.000us,3040,3280,240
2877,1438000.000us,3080,3360,280
2878,1438500.000us,3120,3360,240
2879,1439000.000us,3280,3560,280
2880,1439500.000us,3080,3360,280
2881,1440000.000us,3280,3560,280
2882,1440500.000us,3360,3640,280
2883,1441000.000us,3640,3880,240
2884,1441500.000us,3360,3640,280
2885,1442000.000us,3640,3880,240
2886,1442500.000us,3680,3880,200
2887,1443000.000us,3720,3960,240
2888,1443500.000us,3600,3840,240
2889,1444000.000us,3600,3840,240
2890,1444500.000us,3560,3800,240
2891,1445000.000us,3560,3800,240
2892,1445500.000us,3240,3480,240
2893,1446000.000us,3240,3480,240
2894,1446500.000us,3240,3480,240
2895,1447000.000us,3240,3480,240
2896,1447500.000us,2960,3200,240
2897,1448000.000us,2960,3240,280
2898,1448500.000us,3040,3240,200
2899,1449000.000us,3040,3280,240
2900,1449500.000us,2960,3200,240
2901,1450000.000us,2960,3200,240
2902,1450500.000us,3000,3200,200
2903,1451000.000us,3000,3240,240
2904,1451500.000us,2960,3200,240
2905,1452000.000us,2960,3240,280
2906,1452500.000us,3000,3200,200
2907,1453000.000us,3040,3280,240
2908,1453500.000us,2960,3200,240
2909,1454000.000us,3000,3240,240
2910,1454500.000us,3000,3240,240
2911,1455000.000us,3080,3320,240
2912,1455500.000us,3000,3240,240
2913,1456000.000us,3040,3320,280
2914,1456500.000us,3040,3320,280
2915,1457000.000us,3120,3320,200
2916,1457500.000us,3040,3280,240
2917,1458000.000us,3120,3320,200
2918,1458500.000us,3080,3360,280
2919,1459000.000us,3320,3560,240
2920,1459500.000us,3080,3320,240
2921,1460000.000us,3320,3560,240
2922,1460500.000us,3360,3600,240
2923,1461000.000us,3640,3920,280
2924,1461500.000us,3360,3600,240
2925,1462000.000us,3640,3880,240
2926,1462500.000us,3680,3920,240
2927,1463000.000us,3720,3920,200
2928,1463500.000us,3600,3840,240
2929,1464000.000us,3600,3840,240
2930,1464500.000us,3520,3800,280
2931,1465000.000us,3520,3840,320
2932,1465500.000us,3240,3520,280
2933,1466000.000us,3240,3520,280
2934,1466500.000us,3200,3480,280
2935,1467000.000us,3200,3480,280
2936,1467500.000us,2960,3200,240
2937,1468000.000us,3000,3200,200
2938,1468500.000us,3000,3240,240
2939,1469000.000us,3040,3280,240
2940,1469500.000us,2960,3200,240
2941,1470000.000us,2960,3200,240
2942,1470500.000us,3040,3240,200
2943,1471000.000us,3040,3280,240
2944,1471500.000us,2960,3200,240
2945,1472000.000us,3000,3240,240
2946,1472500.000us,3000,3240,240
2947,1473000.000us,3040,3280,240
2948,1473500.000us,2960,3240,280
2949,1474000.000us,3040,3240,200
2950,1474500.000us,3000,3240,240
2951,1475000.000us,3080,3320,240
2952,1475500.000us,3000,3240,240
2953,1476000.000us,3040,3320,280
2954,1476500.000us,3040,3240,200
2955,1477000.000us,3120,3320,200
2956,1477500.000us,3040,3240,200
2957,1478000.000us,3120,3320,200
2958,1478500.000us,3120,3360,240
2959,1479000.000us,3360,3560,200
2960,1479500.000us,3120,3320,200
2961,1480000.000us,3360,3560,200
2962,1480500.000us,3360,3600,240
2963,1481000.000us,3680,3880,200
2964,1481500.000us,3360,3600,240
2965,1482000.000us,3640,3880,240
2966,1482500.000us,3680,3880,200
2967,1483000.000us,3680,3960,280
2968,1483500.000us,3600,3840,240
2969,1484000.000us,3600,3840,240
2970,1484500.000us,3600,3840,240
2971,1485000.000us,3600,3840,240
2972,1485500.000us,3240,3480,240
2973,1486000.000us,3240,3480,240
2974,1486500.000us,3200,3480,280
2975,1487000.000us,3200,3480,280
2976,1487500.000us,2960,3200,240
2977,1488000.000us,3000,3240,240
2978,1488500.000us,3000,3240,240
2979,1489000.000us,3040,3280,240
2980,1489500.000us,2960,3200,240
2981,1490000.000us,2960,3240,280
2982,1490500.000us,3000,3240,240
2983,1491000.000us,3000,3240,240
2984,1491500.000us,2960,3200,240
2985,1492000.000us,2960,3240,280
2986,1492500.000us,3000,3240,240
2987,1493000.000us,3040,3280,240
2988,1493500.000us,2960,3200,240
2989,1494000.000us,3040,3280,240
2990,1494500.000us,3000,3280,280
2991,1495000.000us,3080,3280,200
2992,1495500.000us,3000,3240,240
2993,1496000.000us,3040,3240,200
2994,1496500.000us,3040,3280,240
2995,1497000.000us,3120,3360,240
2996,1497500.000us,3040,3280,240
2997,1498000.000us,3120,3360,240
2998,1498500.000us,3120,3360,240
2999,1499000.000us,3320,3560,240
3000,1499500.000us,3080,3320,240
3001,1500000.000us,3320,3560,240
3002,1500500.000us,3360,3600,240
3003,1501000.000us,3640,3920,280
3004,1501500.000us,3360,3600,240
3005,1502000.000us,3640,3920,280
3006,1502500.000us,3640,3920,280
3007,1503000.000us,3720,3960,240
3008,1503500.000us,3600,3840,240
3009,1504000.000us,3600,3840,240
3010,1504500.000us,3520,3840,320
3011,1505000.000us,3520,3840,320
3012,1505500.000us,3240,3520,280
3013,1506000.000us,3240,3520,280
3014,1506500.000us,3200,3480,280
3015,1507000.000us,3200,3480,280
3016,1507500.000us,2960,3240,280
3017,1508000.000us,3000,3240,240
3018,1508500.000us,3000,3280,280
3019,1509000.000us,3000,3280,280
3020,1509500.000us,2960,3200,240
3021,1510000.000us,2960,3240,280
3022,1510500.000us,3000,3200,200
3023,1511000.000us,3040,3240,200
3024,1511500.000us,2960,3200,240
3025,1512000.000us,3000,3240,240
3026,1512500.000us,3000,3280,280
3027,1513000.000us,3040,3320,280
3028,1513500.000us,2960,3200,240
3029,1514000.000us,3000,3240,240
3030,1514500.000us,3040,3280,240
3031,1515000.000us,3080,3320,240
3032,1515500.000us,3000,3280,280
3033,1516000.000us,3000,3280,280
3034,1516500.000us,3040,3320,280
3035,1517000.000us,3120,3360,240
3036,1517500.000us,3040,3280,240
3037,1518000.000us,3120,3320,200
3038,1518500.000us,3120,3320,200
3039,1519000.000us,3320,3600,280
3040,1519500.000us,3080,3320,240
,1520000.000us,3320,3600,280
