Save Time:,2026-07-14 15:14:45,,
,,CH1,CH2
Frequency:,,1.422 Hz,?
Period:,,703.000 mS,?
SP:,,1000.000 uS,1000.000 uS
PK-PK:,,3.760 V,6.320 V
,,,
Units:(mV),,,
1,1000.000us,2880,5760
2,2000.000us,2880,5840
3,3000.000us,2720,5760
4,4000.000us,2800,5760
5,5000.000us,2720,5760
6,6000.000us,2880,5840
7,7000.000us,2720,5760
8,8000.000us,2800,5840
9,9000.000us,2880,5840
10,10000.000us,2880,5840
11,11000.000us,2800,5680
12,12000.000us,2880,5760
13,13000.000us,2800,5760
14,14000.000us,2880,5840
15,15000.000us,2800,5760
16,16000.000us,2800,5760
17,17000.000us,2800,5760
18,18000.000us,2880,5840
19,19000.000us,2800,5760
20,20000.000us,2800,5840
21,21000.000us,2880,5760
22,22000.000us,2960,5840
23,23000.000us,2800,5760
24,24000.000us,2880,5840
25,25000.000us,2880,5760
26,26000.000us,2880,5840
27,27000.000us,2800,5680
28,28000.000us,2880,5760
29,29000.000us,2800,5760
30,30000.000us,2960,5840
31,31000.000us,2800,5760
32,32000.000us,2800,5840
33,33000.000us,2800,5840
34,34000.000us,2880,5840
35,35000.000us,2720,5760
36,36000.000us,2800,5760
37,37000.000us,2800,5760
38,38000.000us,2880,5840
39,39000.000us,2800,5760
40,40000.000us,2880,5760
41,41000.000us,2800,5760
42,42000.000us,2880,5840
43,43000.000us,2800,5760
44,44000.000us,2880,5760
45,45000.000us,2880,5760
46,46000.000us,2880,5840
47,47000.000us,2800,5760
48,48000.000us,2880,5760
49,49000.000us,2800,5760
50,50000.000us,2880,5840
51,51000.000us,2800,5760
52,52000.000us,2880,5840
53,53000.000us,2800,5760
54,54000.000us,2880,5840
55,55000.000us,2720,5760
56,56000.000us,2800,5840
57,57000.000us,2880,5840
58,58000.000us,2880,5840
59,59000.000us,2800,5760
60,60000.000us,2800,5760
61,61000.000us,2800,5760
62,62000.000us,2880,5840
63,63000.000us,2800,5760
64,64000.000us,2800,5760
65,65000.000us,2800,5840
66,66000.000us,2880,5840
67,67000.000us,2800,5760
68,68000.000us,2880,5840
69,69000.000us,2800,5760
70,70000.000us,2880,5840
71,71000.000us,2720,5760
72,72000.000us,2880,5760
73,73000.000us,2800,5840
74,74000.000us,2880,5840
75,75000.000us,2800,5760
76,76000.000us,2880,5840
77,77000.000us,2800,5760
78,78000.000us,2880,5840
79,79000.000us,2720,5760
80,80000.000us,2800,5760
81,81000.000us,2800,5760
82,82000.000us,2880,5840
83,83000.000us,2800,5760
84,84000.000us,2880,5760
85,85000.000us,2880,5840
86,86000.000us,2880,5840
87,87000.000us,2800,5760
88,88000.000us,2880,5760
89,89000.000us,2880,5840
90,90000.000us,2880,5840
91,91000.000us,2800,5760
92,92000.000us,2800,5840
93,93000.000us,2800,5760
94,94000.000us,2880,5840
95,95000.000us,2800,5760
96,96000.000us,2800,5840
97,97000.000us,2880,5760
98,98000.000us,2880,5840
99,99000.000us,2800,5760
100,100000.000us,2800,5760
101,101000.000us,3360,5840
102,102000.000us,3440,5920
103,103000.000us,3360,5760
104,104000.000us,3360,5920
105,105000.000us,3280,5840
106,106000.000us,3440,5840
107,107000.000us,3280,5760
108,108000.000us,3440,5840
109,109000.000us,3440,5840
110,110000.000us,3440,5920
111,111000.000us,3360,5760
112,112000.000us,3360,5840
113,113000.000us,3360,5760
114,114000.000us,3440,5840
115,115000.000us,3280,5760
116,116000.000us,3440,5840
117,117000.000us,3360,5840
118,118000.000us,3440,5920
119,119000.000us,3360,5760
120,120000.000us,3440,5840
121,121000.000us,3360,5840
122,122000.000us,3440,5840
123,123000.000us,3360,5760
124,124000.000us,3360,5760
125,125000.000us,3440,5840
126,126000.000us,3440,5920
127,127000.000us,3360,5760
128,128000.000us,3440,5840
129,129000.000us,3440,5840
130,130000.000us,3440,5840
131,131000.000us,3360,5760
132,132000.000us,3360,5760
133,133000.000us,3440,5760
134,134000.000us,3440,5840
135,135000.000us,3360,5760
136,136000.000us,3440,5840
137,137000.000us,3360,5840
138,138000.000us,3440,5920
139,139000.000us,3360,5760
140,140000.000us,3440,5920
141,141000.000us,3360,5760
142,142000.000us,3440,5840
143,143000.000us,3360,5760
144,144000.000us,3360,5840
145,145000.000us,3440,5760
146,146000.000us,3440,5840
147,147000.000us,3360,5760
148,148000.000us,3360,5840
149,149000.000us,3360,5840
150,150000.000us,3440,5840
151,151000.000us,3360,5760
152,152000.000us,3440,5760
153,153000.000us,3360,5840
154,154000.000us,3360,6160
155,155000.000us,80,5760
156,156000.000us,160,6080
157,157000.000us,80,6080
158,158000.000us,160,6160
159,159000.000us,80,6080
160,160000.000us,80,6160
161,161000.000us,160,6160
162,162000.000us,160,6160
163,163000.000us,80,6080
164,164000.000us,80,6080
165,165000.000us,80,6080
166,166000.000us,160,6160
167,167000.000us,80,6080
168,168000.000us,80,6160
169,169000.000us,160,6160
170,170000.000us,240,6160
171,171000.000us,80,6080
172,172000.000us,160,6160
173,173000.000us,160,6160
174,174000.000us,160,6160
175,175000.000us,80,6080
176,176000.000us,80,6080
177,177000.000us,160,6160
178,178000.000us,160,6160
179,179000.000us,80,6080
180,180000.000us,160,6160
181,181000.000us,80,6160
182,182000.000us,160,6160
183,183000.000us,80,6080
184,184000.000us,160,6080
185,185000.000us,160,6160
186,186000.000us,160,6160
187,187000.000us,80,6080
188,188000.000us,80,6160
189,189000.000us,160,6160
190,190000.000us,160,6160
191,191000.000us,160,6080
192,192000.000us,160,6160
193,193000.000us,160,6160
194,194000.000us,160,6160
195,195000.000us,80,6080
196,196000.000us,80,6080
197,197000.000us,160,6160
198,198000.000us,240,6160
199,199000.000us,80,6080
200,200000.000us,80,6160
201,201000.000us,160,6160
202,202000.000us,160,6160
203,203000.000us,80,6080
204,204000.000us,160,6160
205,205000.000us,80,6160
206,206000.000us,240,6160
207,207000.000us,80,6080
208,208000.000us,240,6080
209,209000.000us,80,6080
210,210000.000us,160,6160
211,211000.000us,80,6080
212,212000.000us,160,6160
213,213000.000us,160,6160
214,214000.000us,240,6160
215,215000.000us,80,6080
216,216000.000us,160,6160
217,217000.000us,160,6080
218,218000.000us,160,6160
219,219000.000us,80,6080
220,220000.000us,80,6080
221,221000.000us,160,6080
222,222000.000us,240,6160
223,223000.000us,80,6080
224,224000.000us,80,6160
225,225000.000us,160,6080
226,226000.000us,240,6160
227,227000.000us,80,6080
228,228000.000us,160,6160
229,229000.000us,80,6160
230,230000.000us,160,6160
231,231000.000us,80,6080
232,232000.000us,160,6160
233,233000.000us,160,6080
234,234000.000us,160,6160
235,235000.000us,80,6080
236,236000.000us,160,6160
237,237000.000us,160,6160
238,238000.000us,160,6160
239,239000.000us,80,6080
240,240000.000us,80,6160
241,241000.000us,160,6160
242,242000.000us,160,6160
243,243000.000us,80,6080
244,244000.000us,160,6160
245,245000.000us,160,6160
246,246000.000us,240,6160
247,247000.000us,80,6080
248,248000.000us,160,6080
249,249000.000us,80,6160
250,250000.000us,240,6160
251,251000.000us,80,6080
252,252000.000us,160,6080
253,253000.000us,160,6080
254,254000.000us,240,6160
255,255000.000us,80,6080
256,256000.000us,160,6160
257,257000.000us,160,6160
258,258000.000us,160,6160
259,259000.000us,80,6080
260,260000.000us,160,6080
261,261000.000us,160,6160
262,262000.000us,160,6160
263,263000.000us,80,6080
264,264000.000us,80,6080
265,265000.000us,160,6080
266,266000.000us,160,6160
267,267000.000us,80,6080
268,268000.000us,80,6160
269,269000.000us,160,6080
270,270000.000us,160,6160
271,271000.000us,80,6080
272,272000.000us,160,6160
273,273000.000us,160,6160
274,274000.000us,240,6160
275,275000.000us,80,6080
276,276000.000us,160,6080
277,277000.000us,160,6080
278,278000.000us,160,6160
279,279000.000us,80,6080
280,280000.000us,160,6160
281,281000.000us,160,6080
282,282000.000us,240,6160
283,283000.000us,80,6080
284,284000.000us,160,6160
285,285000.000us,160,6160
286,286000.000us,160,6160
287,287000.000us,80,6080
288,288000.000us,160,6160
289,289000.000us,160,6160
290,290000.000us,160,6160
291,291000.000us,80,6080
292,292000.000us,160,6160
293,293000.000us,160,6080
294,294000.000us,160,6160
295,295000.000us,80,6080
296,296000.000us,160,6080
297,297000.000us,160,6160
298,298000.000us,240,6160
299,299000.000us,80,6080
300,300000.000us,160,6080
301,301000.000us,80,6080
302,302000.000us,160,6160
303,303000.000us,80,6080
304,304000.000us,160,6080
305,305000.000us,240,6080
306,306000.000us,240,6160
307,307000.000us,80,6080
308,308000.000us,80,6080
309,309000.000us,240,6160
310,310000.000us,240,6160
311,311000.000us,80,6080
312,312000.000us,80,6160
313,313000.000us,160,6080
314,314000.000us,160,6160
315,315000.000us,80,6080
316,316000.000us,80,6160
317,317000.000us,80,6160
318,318000.000us,240,6160
319,319000.000us,80,6080
320,320000.000us,80,6160
321,321000.000us,80,6080
322,322000.000us,160,6160
323,323000.000us,80,6080
324,324000.000us,80,6160
325,325000.000us,80,6080
326,326000.000us,160,6160
327,327000.000us,80,6080
328,328000.000us,160,6160
329,329000.000us,80,6160
330,330000.000us,240,6160
331,331000.000us,80,6000
332,332000.000us,160,6000
333,333000.000us,160,6160
334,334000.000us,240,6160
335,335000.000us,80,6080
336,336000.000us,160,6160
337,337000.000us,160,6080
338,338000.000us,160,6160
339,339000.000us,80,6080
340,340000.000us,80,6160
341,341000.000us,160,6160
342,342000.000us,240,6160
343,343000.000us,80,6080
344,344000.000us,80,6080
345,345000.000us,160,6080
346,346000.000us,160,6160
347,347000.000us,80,6080
348,348000.000us,160,6160
349,349000.000us,160,6160
350,350000.000us,160,6160
351,351000.000us,80,6080
352,352000.000us,160,6160
353,353000.000us,160,6080
354,354000.000us,160,6160
355,355000.000us,80,6080
356,356000.000us,80,6160
357,357000.000us,160,6160
358,358000.000us,160,6160
359,359000.000us,80,6080
360,360000.000us,160,6080
361,361000.000us,80,6160
362,362000.000us,160,6160
363,363000.000us,80,6080
364,364000.000us,160,6160
365,365000.000us,80,6160
366,366000.000us,240,6160
367,367000.000us,80,6080
368,368000.000us,160,6160
369,369000.000us,80,6080
370,370000.000us,240,6160
371,371000.000us,80,6080
372,372000.000us,80,6080
373,373000.000us,80,6080
374,374000.000us,160,6160
375,375000.000us,80,6080
376,376000.000us,160,6160
377,377000.000us,160,6080
378,378000.000us,160,6160
379,379000.000us,80,6000
380,380000.000us,80,6000
381,381000.000us,80,6080
382,382000.000us,160,6160
383,383000.000us,80,6080
384,384000.000us,160,6080
385,385000.000us,160,6160
386,386000.000us,240,6160
387,387000.000us,80,6080
388,388000.000us,240,6080
389,389000.000us,80,6160
390,390000.000us,160,6160
391,391000.000us,80,6080
392,392000.000us,160,6160
393,393000.000us,160,6160
394,394000.000us,160,6160
395,395000.000us,80,6080
396,396000.000us,80,6080
397,397000.000us,160,6160
398,398000.000us,160,6160
399,399000.000us,80,6000
400,400000.000us,160,6160
401,401000.000us,80,6160
402,402000.000us,160,6160
403,403000.000us,80,6080
404,404000.000us,160,6080
405,405000.000us,160,6080
406,406000.000us,240,6160
407,407000.000us,80,6080
408,408000.000us,240,6160
409,409000.000us,80,6080
410,410000.000us,160,6160
411,411000.000us,80,6080
412,412000.000us,160,6160
413,413000.000us,160,6080
414,414000.000us,160,6160
415,415000.000us,80,6080
416,416000.000us,160,6160
417,417000.000us,160,6080
418,418000.000us,160,6160
419,419000.000us,160,6080
420,420000.000us,160,6080
421,421000.000us,160,6160
422,422000.000us,160,6160
423,423000.000us,80,6080
424,424000.000us,80,6080
425,425000.000us,160,6080
426,426000.000us,160,6160
427,427000.000us,80,6080
428,428000.000us,80,6080
429,429000.000us,160,6080
430,430000.000us,160,6160
431,431000.000us,80,6000
432,432000.000us,80,6160
433,433000.000us,160,6080
434,434000.000us,240,6160
435,435000.000us,80,6080
436,436000.000us,240,6160
437,437000.000us,160,6080
438,438000.000us,160,6160
439,439000.000us,80,6080
440,440000.000us,160,6160
441,441000.000us,80,6160
442,442000.000us,240,6160
443,443000.000us,80,6080
444,444000.000us,80,6080
445,445000.000us,160,6080
446,446000.000us,160,6160
447,447000.000us,80,6080
448,448000.000us,160,6160
449,449000.000us,160,6080
450,450000.000us,3600,6160
451,451000.000us,80,5840
452,452000.000us,3440,5840
453,453000.000us,3440,5760
454,454000.000us,3520,5840
455,455000.000us,3360,5760
456,456000.000us,3360,5840
457,457000.000us,3440,5840
458,458000.000us,3440,5840
459,459000.000us,3360,5760
460,460000.000us,3360,5840
461,461000.000us,3360,5840
462,462000.000us,3440,5840
463,463000.000us,3360,5760
464,464000.000us,3440,5840
465,465000.000us,3440,5840
466,466000.000us,3440,5840
467,467000.000us,3360,5760
468,468000.000us,3440,5840
469,469000.000us,3360,5760
470,470000.000us,3440,5840
471,471000.000us,3280,5760
472,472000.000us,3360,5760
473,473000.000us,3440,5840
474,474000.000us,3440,5840
475,475000.000us,3360,5760
476,476000.000us,3360,5840
477,477000.000us,3360,5840
478,478000.000us,3440,5840
479,479000.000us,3360,5760
480,480000.000us,3440,5840
481,481000.000us,3360,5760
482,482000.000us,3440,5840
483,483000.000us,3360,5760
484,484000.000us,3360,5840
485,485000.000us,3360,5760
486,486000.000us,3440,5840
487,487000.000us,3360,5760
488,488000.000us,3360,5840
489,489000.000us,3440,5840
490,490000.000us,3440,5840
491,491000.000us,3360,5760
492,492000.000us,3440,5840
493,493000.000us,3440,5840
494,494000.000us,3440,5840
495,495000.000us,3280,5760
496,496000.000us,3440,5840
497,497000.000us,3360,5840
498,498000.000us,3520,5920
499,499000.000us,3360,5760
500,500000.000us,3440,5760
501,501000.000us,3360,5760
502,502000.000us,3440,5840
503,503000.000us,2800,5760
504,504000.000us,2800,5840
505,505000.000us,2880,5840
506,506000.000us,2880,5840
507,507000.000us,2720,5760
508,508000.000us,2800,5840
509,509000.000us,2800,5840
510,510000.000us,2880,5840
511,511000.000us,2800,5760
512,512000.000us,2800,5840
513,513000.000us,2800,5840
514,514000.000us,2880,5840
515,515000.000us,2720,5760
516,516000.000us,2800,5760
517,517000.000us,2800,5840
518,518000.000us,2880,5840
519,519000.000us,2800,5760
520,520000.000us,2800,5760
521,521000.000us,2800,5760
522,522000.000us,2880,5840
523,523000.000us,2720,5680
524,524000.000us,2880,5760
525,525000.000us,2880,5760
526,526000.000us,2880,5840
527,527000.000us,2800,5760
528,528000.000us,2800,5760
529,529000.000us,2880,5760
530,530000.000us,2880,5840
531,531000.000us,2720,5680
532,532000.000us,2800,5840
533,533000.000us,2800,5760
534,534000.000us,2880,5840
535,535000.000us,2800,5760
536,536000.000us,2800,5760
537,537000.000us,2720,5840
538,538000.000us,2880,5840
539,539000.000us,2720,5760
540,540000.000us,2800,5760
541,541000.000us,2800,5840
542,542000.000us,2880,5840
543,543000.000us,2800,5680
544,544000.000us,2880,5680
545,545000.000us,2800,5680
546,546000.000us,2800,5840
547,547000.000us,2720,5680
548,548000.000us,2800,5840
549,549000.000us,2880,5760
550,550000.000us,2880,5840
551,551000.000us,2720,5760
552,552000.000us,2800,5760
553,553000.000us,2800,5760
554,554000.000us,2800,5840
555,555000.000us,2800,5760
556,556000.000us,2800,5840
557,557000.000us,2800,5840
558,558000.000us,2880,5840
559,559000.000us,2800,5760
560,560000.000us,2800,5760
561,561000.000us,2880,5840
562,562000.000us,2880,5840
563,563000.000us,2800,5680
564,564000.000us,2800,5840
565,565000.000us,2800,5760
566,566000.000us,2880,5840
567,567000.000us,2800,5760
568,568000.000us,2880,5840
569,569000.000us,2800,5760
570,570000.000us,2880,5840
571,571000.000us,2720,5680
572,572000.000us,2800,5760
573,573000.000us,2880,5760
574,574000.000us,2880,5840
575,575000.000us,2720,5680
576,576000.000us,2880,5840
577,577000.000us,2880,5760
578,578000.000us,2880,5760
579,579000.000us,2800,5680
580,580000.000us,2800,5760
581,581000.000us,2800,5760
582,582000.000us,2880,5840
583,583000.000us,2720,5760
584,584000.000us,2800,5840
585,585000.000us,2800,5840
586,586000.000us,2880,5840
587,587000.000us,2800,5760
588,588000.000us,2800,5760
589,589000.000us,2800,5760
590,590000.000us,2880,5840
591,591000.000us,2720,5760
592,592000.000us,2800,5840
593,593000.000us,2800,5760
594,594000.000us,2880,5840
595,595000.000us,2800,5760
596,596000.000us,2800,5760
597,597000.000us,2800,5760
598,598000.000us,2880,5840
599,599000.000us,2720,5760
600,600000.000us,2800,5760
601,601000.000us,2800,5760
602,602000.000us,2880,5840
603,603000.000us,2800,5680
604,604000.000us,2800,5680
605,605000.000us,2800,5760
606,606000.000us,2880,5840
607,607000.000us,2800,5760
608,608000.000us,2800,5760
609,609000.000us,2800,5760
610,610000.000us,2880,5840
611,611000.000us,2800,5760
612,612000.000us,2800,5760
613,613000.000us,2800,5840
614,614000.000us,2880,5840
615,615000.000us,2720,5760
616,616000.000us,2800,5760
617,617000.000us,2800,5760
618,618000.000us,2880,5840
619,619000.000us,2800,5760
620,620000.000us,2800,5760
621,621000.000us,2800,5760
622,622000.000us,2880,5840
623,623000.000us,2800,5760
624,624000.000us,2800,5760
625,625000.000us,2800,5760
626,626000.000us,2880,5760
627,627000.000us,2720,5760
628,628000.000us,2800,5760
629,629000.000us,2800,5760
630,630000.000us,2880,5840
631,631000.000us,2800,5680
632,632000.000us,2800,5760
633,633000.000us,2800,5760
634,634000.000us,2880,5840
635,635000.000us,2800,5760
636,636000.000us,2800,5840
637,637000.000us,2880,5840
638,638000.000us,2880,5840
639,639000.000us,2720,5680
640,640000.000us,2880,5760
641,641000.000us,2800,5760
642,642000.000us,2880,5840
643,643000.000us,2720,5680
644,644000.000us,2800,5760
645,645000.000us,2800,5760
646,646000.000us,2880,5760
647,647000.000us,2720,5680
648,648000.000us,2800,5760
649,649000.000us,2720,5760
650,650000.000us,2880,5840
651,651000.000us,2720,5760
652,652000.000us,2800,5760
653,653000.000us,2800,5760
654,654000.000us,2880,5840
655,655000.000us,2720,5760
656,656000.000us,2800,5760
657,657000.000us,2800,5680
658,658000.000us,2880,5840
659,659000.000us,2800,5680
660,660000.000us,2880,5760
661,661000.000us,2800,5760
662,662000.000us,2880,5840
663,663000.000us,2800,5760
664,664000.000us,2800,5760
665,665000.000us,2880,5760
666,666000.000us,2880,5840
667,667000.000us,2720,5680
668,668000.000us,2800,5760
669,669000.000us,2800,5760
670,670000.000us,2960,5840
671,671000.000us,2720,5680
672,672000.000us,2800,5840
673,673000.000us,2800,5760
674,674000.000us,2880,5840
675,675000.000us,2800,5760
676,676000.000us,2800,5840
677,677000.000us,2800,5760
678,678000.000us,2880,5840
679,679000.000us,2800,5760
680,680000.000us,2800,5760
681,681000.000us,2800,5760
682,682000.000us,2880,5840
683,683000.000us,2800,5680
684,684000.000us,2800,5760
685,685000.000us,2800,5840
686,686000.000us,2880,5840
687,687000.000us,2720,5760
688,688000.000us,2800,5760
689,689000.000us,2800,5760
690,690000.000us,2880,5840
691,691000.000us,2800,5760
692,692000.000us,2800,5760
693,693000.000us,2800,5760
694,694000.000us,2880,5840
695,695000.000us,2800,5680
696,696000.000us,2800,5680
697,697000.000us,2800,5840
698,698000.000us,2880,5840
699,699000.000us,2800,5760
700,700000.000us,2880,5840
701,701000.000us,2800,5840
702,702000.000us,2880,5840
703,703000.000us,2800,5680
704,704000.000us,2800,5760
705,705000.000us,2880,5760
706,706000.000us,2880,5840
707,707000.000us,2800,5760
708,708000.000us,2800,5760
709,709000.000us,2800,5760
710,710000.000us,2880,5840
711,711000.000us,2800,5760
712,712000.000us,2800,5760
713,713000.000us,2800,5760
714,714000.000us,2880,5840
715,715000.000us,2800,5760
716,716000.000us,2800,5760
717,717000.000us,2800,5760
718,718000.000us,2880,5840
719,719000.000us,2800,5760
720,720000.000us,2800,5760
721,721000.000us,2800,5840
722,722000.000us,2880,5840
723,723000.000us,2720,5680
724,724000.000us,2800,5760
725,725000.000us,2800,5760
726,726000.000us,2880,5840
727,727000.000us,2800,5680
728,728000.000us,2800,5760
729,729000.000us,2720,5760
730,730000.000us,2880,5840
731,731000.000us,2720,5760
732,732000.000us,2800,5760
733,733000.000us,2800,5840
734,734000.000us,2880,5840
735,735000.000us,2800,5760
736,736000.000us,2800,5760
737,737000.000us,2800,5760
738,738000.000us,2880,5840
739,739000.000us,2800,5680
740,740000.000us,2880,5760
741,741000.000us,2880,5760
742,742000.000us,2880,5840
743,743000.000us,2800,5760
744,744000.000us,2800,5760
745,745000.000us,2880,5760
746,746000.000us,2880,5840
747,747000.000us,2720,5680
748,748000.000us,2880,5760
749,749000.000us,2800,5680
750,750000.000us,2800,5840
751,751000.000us,2720,5680
752,752000.000us,2800,5760
753,753000.000us,2880,5760
754,754000.000us,2880,5840
755,755000.000us,2720,5680
756,756000.000us,2800,5760
757,757000.000us,2800,5760
758,758000.000us,2880,5840
759,759000.000us,2800,5760
760,760000.000us,2800,5760
761,761000.000us,2800,5760
762,762000.000us,2880,5840
763,763000.000us,2720,5760
764,764000.000us,2720,5760
765,765000.000us,2880,5760
766,766000.000us,2880,5840
767,767000.000us,2720,5760
768,768000.000us,2880,5760
769,769000.000us,2880,5840
770,770000.000us,2880,5840
771,771000.000us,2800,5760
772,772000.000us,2800,5840
773,773000.000us,2880,5840
774,774000.000us,2880,5840
775,775000.000us,2800,5680
776,776000.000us,2880,5760
777,777000.000us,2800,5760
778,778000.000us,2880,5840
779,779000.000us,2800,5760
780,780000.000us,2880,5840
781,781000.000us,2800,5680
782,782000.000us,2880,5840
783,783000.000us,2800,5680
784,784000.000us,2880,5840
785,785000.000us,2800,5840
786,786000.000us,2880,5840
787,787000.000us,2800,5680
788,788000.000us,2800,5760
789,789000.000us,2880,5840
790,790000.000us,2880,5840
791,791000.000us,2800,5760
792,792000.000us,2800,5760
793,793000.000us,2800,5760
794,794000.000us,2880,5840
795,795000.000us,2800,5680
796,796000.000us,2880,5760
797,797000.000us,2720,5760
798,798000.000us,2880,5840
799,799000.000us,2720,5760
800,800000.000us,2800,5760
801,801000.000us,2800,5760
802,802000.000us,3440,5840
803,803000.000us,2800,5680
804,804000.000us,3440,5760
805,805000.000us,3440,5760
806,806000.000us,3440,5840
807,807000.000us,3360,5760
808,808000.000us,3360,5840
809,809000.000us,3360,5840
810,810000.000us,3440,5840
811,811000.000us,3360,5760
812,812000.000us,3440,5840
813,813000.000us,3440,5840
814,814000.000us,3520,5840
815,815000.000us,3360,5760
816,816000.000us,3360,5840
817,817000.000us,3440,5760
818,818000.000us,3440,5840
819,819000.000us,3360,5760
820,820000.000us,3360,5760
821,821000.000us,3360,5760
822,822000.000us,3440,5840
823,823000.000us,3360,5760
824,824000.000us,3440,5840
825,825000.000us,3360,5760
826,826000.000us,3440,5840
827,827000.000us,3360,5760
828,828000.000us,3360,5760
829,829000.000us,3360,5760
830,830000.000us,3440,5840
831,831000.000us,3360,5680
832,832000.000us,3440,5840
833,833000.000us,3360,5840
834,834000.000us,3440,5840
835,835000.000us,3360,5760
836,836000.000us,3440,5840
837,837000.000us,3440,5840
838,838000.000us,3440,5840
839,839000.000us,3360,5760
840,840000.000us,3440,5840
841,841000.000us,3360,5760
842,842000.000us,3440,5840
843,843000.000us,3360,5760
844,844000.000us,3360,5840
845,845000.000us,3440,5840
846,846000.000us,3440,5840
847,847000.000us,3360,5760
848,848000.000us,3360,5840
849,849000.000us,3440,5840
850,850000.000us,3440,5840
851,851000.000us,3360,5760
852,852000.000us,3440,5840
853,853000.000us,3360,5840
854,854000.000us,3440,5840
855,855000.000us,3360,5760
856,856000.000us,3440,5840
857,857000.000us,160,6080
858,858000.000us,160,6160
859,859000.000us,80,6080
860,860000.000us,160,6080
861,861000.000us,80,6080
862,862000.000us,160,6160
863,863000.000us,80,6080
864,864000.000us,160,6160
865,865000.000us,160,6080
866,866000.000us,160,6160
867,867000.000us,80,6080
868,868000.000us,160,6080
869,869000.000us,160,6160
870,870000.000us,240,6160
871,871000.000us,80,6080
872,872000.000us,160,6080
873,873000.000us,80,6080
874,874000.000us,160,6160
875,875000.000us,80,6080
876,876000.000us,160,6080
877,877000.000us,160,6160
878,878000.000us,240,6160
879,879000.000us,80,6080
880,880000.000us,160,6080
881,881000.000us,160,6080
882,882000.000us,160,6160
883,883000.000us,80,6080
884,884000.000us,160,6080
885,885000.000us,160,6080
886,886000.000us,160,6160
887,887000.000us,80,6080
888,888000.000us,80,6080
889,889000.000us,160,6080
890,890000.000us,240,6160
891,891000.000us,80,6080
892,892000.000us,160,6080
893,893000.000us,160,6160
894,894000.000us,240,6160
895,895000.000us,80,6000
896,896000.000us,160,6080
897,897000.000us,80,6160
898,898000.000us,160,6160
899,899000.000us,80,6080
900,900000.000us,160,6080
901,901000.000us,80,6160
902,902000.000us,160,6160
903,903000.000us,80,6080
904,904000.000us,160,6080
905,905000.000us,160,6080
906,906000.000us,160,6240
907,907000.000us,80,6000
908,908000.000us,160,6080
909,909000.000us,160,6080
910,910000.000us,160,6160
911,911000.000us,80,6080
912,912000.000us,80,6080
913,913000.000us,160,6160
914,914000.000us,240,6160
915,915000.000us,80,6080
916,916000.000us,240,6160
917,917000.000us,80,6160
918,918000.000us,160,6160
919,919000.000us,80,6080
920,920000.000us,80,6080
921,921000.000us,80,6080
922,922000.000us,240,6160
923,923000.000us,80,6000
924,924000.000us,80,6080
925,925000.000us,80,6080
926,926000.000us,160,6160
927,927000.000us,80,6080
928,928000.000us,160,6080
929,929000.000us,160,6080
930,930000.000us,160,6160
931,931000.000us,80,6080
932,932000.000us,80,6160
933,933000.000us,160,6160
934,934000.000us,240,6160
935,935000.000us,80,6080
936,936000.000us,160,6160
937,937000.000us,160,6080
938,938000.000us,160,6160
939,939000.000us,80,6080
940,940000.000us,80,6080
941,941000.000us,160,6160
942,942000.000us,240,6160
943,943000.000us,80,6080
944,944000.000us,240,6080
945,945000.000us,160,6160
946,946000.000us,160,6160
947,947000.000us,80,6080
948,948000.000us,160,6160
949,949000.000us,80,6080
950,950000.000us,160,6160
951,951000.000us,80,6080
952,952000.000us,160,6080
953,953000.000us,160,6160
954,954000.000us,160,6160
955,955000.000us,80,6080
956,956000.000us,160,6160
957,957000.000us,160,6160
958,958000.000us,160,6160
959,959000.000us,80,6080
960,960000.000us,160,6080
961,961000.000us,240,6080
962,962000.000us,240,6160
963,963000.000us,80,6080
964,964000.000us,80,6080
965,965000.000us,160,6160
966,966000.000us,160,6160
967,967000.000us,80,6080
968,968000.000us,160,6160
969,969000.000us,160,6080
970,970000.000us,160,6160
971,971000.000us,80,6080
972,972000.000us,80,6080
973,973000.000us,160,6080
974,974000.000us,240,6160
975,975000.000us,80,6080
976,976000.000us,240,6080
977,977000.000us,160,6080
978,978000.000us,160,6160
979,979000.000us,80,6080
980,980000.000us,80,6160
981,981000.000us,80,6080
982,982000.000us,160,6160
983,983000.000us,80,6080
984,984000.000us,160,6080
985,985000.000us,160,6080
986,986000.000us,160,6160
987,987000.000us,80,6080
988,988000.000us,80,6080
989,989000.000us,160,6080
990,990000.000us,240,6160
991,991000.000us,80,6080
992,992000.000us,80,6080
993,993000.000us,160,6080
994,994000.000us,240,6080
995,995000.000us,80,6000
996,996000.000us,80,6080
997,997000.000us,80,6080
998,998000.000us,160,6160
999,999000.000us,80,6080
1000,1000000.000us,80,6080
1001,1001000.000us,160,6080
1002,1002000.000us,240,6160
1003,1003000.000us,80,6080
1004,1004000.000us,160,6080
1005,1005000.000us,160,6080
1006,1006000.000us,160,6160
1007,1007000.000us,80,6000
1008,1008000.000us,80,6000
1009,1009000.000us,160,6080
1010,1010000.000us,160,6080
1011,1011000.000us,80,6000
1012,1012000.000us,80,6080
1013,1013000.000us,240,6000
1014,1014000.000us,240,6160
1015,1015000.000us,80,6000
1016,1016000.000us,80,6080
1017,1017000.000us,160,6080
1018,1018000.000us,160,6160
1019,1019000.000us,80,6000
1020,1020000.000us,160,6160
1021,1021000.000us,160,6080
1022,1022000.000us,240,6160
1023,1023000.000us,80,6080
1024,1024000.000us,240,6080
1025,1025000.000us,80,6080
1026,1026000.000us,240,6160
1027,1027000.000us,80,6000
1028,1028000.000us,80,6080
1029,1029000.000us,80,6000
1030,1030000.000us,160,6160
1031,1031000.000us,80,6000
1032,1032000.000us,160,6080
1033,1033000.000us,160,6080
1034,1034000.000us,240,6160
1035,1035000.000us,80,6000
1036,1036000.000us,80,6080
1037,1037000.000us,160,6080
1038,1038000.000us,160,6080
1039,1039000.000us,80,6080
1040,1040000.000us,80,6080
1041,1041000.000us,240,6080
1042,1042000.000us,240,6160
1043,1043000.000us,80,6080
1044,1044000.000us,80,6080
1045,1045000.000us,160,6080
1046,1046000.000us,240,6160
1047,1047000.000us,80,6080
1048,1048000.000us,80,6160
1049,1049000.000us,160,6080
1050,1050000.000us,160,6160
1051,1051000.000us,80,6080
1052,1052000.000us,80,6080
1053,1053000.000us,160,6160
1054,1054000.000us,240,6160
1055,1055000.000us,80,6080
1056,1056000.000us,160,6080
1057,1057000.000us,80,6160
1058,1058000.000us,160,6160
1059,1059000.000us,80,6000
1060,1060000.000us,160,6080
1061,1061000.000us,160,6000
1062,1062000.000us,160,6160
1063,1063000.000us,80,6000
1064,1064000.000us,80,6080
1065,1065000.000us,160,6080
1066,1066000.000us,160,6160
1067,1067000.000us,80,6000
1068,1068000.000us,80,6080
1069,1069000.000us,80,6080
1070,1070000.000us,240,6160
1071,1071000.000us,80,6080
1072,1072000.000us,160,6080
1073,1073000.000us,80,6000
1074,1074000.000us,240,6080
1075,1075000.000us,80,6000
1076,1076000.000us,160,6080
1077,1077000.000us,160,6080
1078,1078000.000us,240,6160
1079,1079000.000us,80,6080
1080,1080000.000us,240,6080
1081,1081000.000us,80,6080
1082,1082000.000us,160,6080
1083,1083000.000us,80,6000
1084,1084000.000us,160,6000
1085,1085000.000us,160,6080
1086,1086000.000us,160,6160
1087,1087000.000us,80,6080
1088,1088000.000us,160,6080
1089,1089000.000us,160,6080
1090,1090000.000us,160,6160
1091,1091000.000us,80,6080
1092,1092000.000us,80,6080
1093,1093000.000us,160,6080
1094,1094000.000us,160,6160
1095,1095000.000us,80,6080
1096,1096000.000us,160,6160
1097,1097000.000us,160,6080
1098,1098000.000us,160,6080
1099,1099000.000us,80,6000
1100,1100000.000us,80,6080
1101,1101000.000us,80,6000
1102,1102000.000us,240,6080
1103,1103000.000us,80,6000
1104,1104000.000us,240,6080
1105,1105000.000us,160,6080
1106,1106000.000us,160,6160
1107,1107000.000us,80,6000
1108,1108000.000us,80,6080
1109,1109000.000us,160,6080
1110,1110000.000us,160,6160
1111,1111000.000us,80,6080
1112,1112000.000us,80,6080
1113,1113000.000us,160,6080
1114,1114000.000us,240,6160
1115,1115000.000us,80,6080
1116,1116000.000us,80,6080
1117,1117000.000us,160,6080
1118,1118000.000us,160,6160
1119,1119000.000us,80,6000
1120,1120000.000us,160,6080
1121,1121000.000us,160,6080
1122,1122000.000us,160,6160
1123,1123000.000us,80,6080
1124,1124000.000us,160,6080
1125,1125000.000us,160,6080
1126,1126000.000us,160,6160
1127,1127000.000us,80,6080
1128,1128000.000us,80,6160
1129,1129000.000us,160,6080
1130,1130000.000us,240,6160
1131,1131000.000us,80,6080
1132,1132000.000us,160,6080
1133,1133000.000us,80,6160
1134,1134000.000us,160,6160
1135,1135000.000us,80,6080
1136,1136000.000us,160,6080
1137,1137000.000us,80,6160
1138,1138000.000us,160,6160
1139,1139000.000us,80,6080
1140,1140000.000us,80,6080
1141,1141000.000us,80,6080
1142,1142000.000us,160,6160
1143,1143000.000us,80,6000
1144,1144000.000us,160,6080
1145,1145000.000us,160,6160
1146,1146000.000us,160,6160
1147,1147000.000us,80,6080
1148,1148000.000us,160,6080
1149,1149000.000us,160,6080
1150,1150000.000us,240,6160
1151,1151000.000us,80,6080
1152,1152000.000us,160,6080
1153,1153000.000us,160,6080
1154,1154000.000us,3520,6160
1155,1155000.000us,80,5840
1156,1156000.000us,3360,5840
1157,1157000.000us,3360,5840
1158,1158000.000us,3440,5840
1159,1159000.000us,3360,5760
1160,1160000.000us,3440,5760
1161,1161000.000us,3440,5840
1162,1162000.000us,3440,5840
1163,1163000.000us,3360,5760
1164,1164000.000us,3440,5840
1165,1165000.000us,3360,5840
1166,1166000.000us,3440,5840
1167,1167000.000us,3360,5760
1168,1168000.000us,3360,5840
1169,1169000.000us,3440,5760
1170,1170000.000us,3440,5920
1171,1171000.000us,3360,5760
1172,1172000.000us,3440,5840
1173,1173000.000us,3360,5840
1174,1174000.000us,3440,5920
1175,1175000.000us,3280,5760
1176,1176000.000us,3360,5920
1177,1177000.000us,3360,5920
1178,1178000.000us,3440,5920
1179,1179000.000us,3360,5760
1180,1180000.000us,3440,5840
1181,1181000.000us,3360,5840
1182,1182000.000us,3440,5840
1183,1183000.000us,3360,5760
1184,1184000.000us,3440,5760
1185,1185000.000us,3360,5760
1186,1186000.000us,3440,5840
1187,1187000.000us,3360,5760
1188,1188000.000us,3360,5760
1189,1189000.000us,3520,5760
1190,1190000.000us,3520,5840
1191,1191000.000us,3360,5760
1192,1192000.000us,3440,5840
1193,1193000.000us,3360,5760
1194,1194000.000us,3520,5840
1195,1195000.000us,3360,5760
1196,1196000.000us,3440,5840
1197,1197000.000us,3360,5840
1198,1198000.000us,3440,5840
1199,1199000.000us,3360,5760
1200,1200000.000us,3360,5840
1201,1201000.000us,3440,5840
1202,1202000.000us,3440,5840
1203,1203000.000us,3360,5760
1204,1204000.000us,3360,5840
1205,1205000.000us,3360,5760
1206,1206000.000us,3440,5840
1207,1207000.000us,2800,5760
1208,1208000.000us,2800,5760
1209,1209000.000us,2800,5840
1210,1210000.000us,2880,5840
1211,1211000.000us,2800,5760
1212,1212000.000us,2800,5760
1213,1213000.000us,2800,5760
1214,1214000.000us,2880,5840
1215,1215000.000us,2800,5760
1216,1216000.000us,2800,5760
1217,1217000.000us,2800,5760
1218,1218000.000us,2880,5840
1219,1219000.000us,2720,5760
1220,1220000.000us,2720,5760
1221,1221000.000us,2880,5760
1222,1222000.000us,2880,5840
1223,1223000.000us,2720,5680
1224,1224000.000us,2720,5760
1225,1225000.000us,2800,5760
1226,1226000.000us,2880,5840
1227,1227000.000us,2800,5680
1228,1228000.000us,2880,5760
1229,1229000.000us,2800,5760
1230,1230000.000us,2880,5840
1231,1231000.000us,2800,5760
1232,1232000.000us,2800,5760
1233,1233000.000us,2880,5840
1234,1234000.000us,2880,5840
1235,1235000.000us,2800,5760
1236,1236000.000us,2800,5760
1237,1237000.000us,2800,5760
1238,1238000.000us,2880,5840
1239,1239000.000us,2720,5760
1240,1240000.000us,2880,5760
1241,1241000.000us,2880,5760
1242,1242000.000us,2880,5840
1243,1243000.000us,2720,5760
1244,1244000.000us,2800,5760
1245,1245000.000us,2800,5760
1246,1246000.000us,2880,5840
1247,1247000.000us,2720,5680
1248,1248000.000us,2720,5760
1249,1249000.000us,2800,5760
1250,1250000.000us,2880,5840
1251,1251000.000us,2720,5680
1252,1252000.000us,2880,5760
1253,1253000.000us,2800,5760
1254,1254000.000us,2880,5840
1255,1255000.000us,2720,5760
1256,1256000.000us,2800,5760
1257,1257000.000us,2800,5840
1258,1258000.000us,2880,5840
1259,1259000.000us,2800,5760
1260,1260000.000us,2880,5840
1261,1261000.000us,2800,5760
1262,1262000.000us,2880,5840
1263,1263000.000us,2800,5760
1264,1264000.000us,2800,5760
1265,1265000.000us,2800,5840
1266,1266000.000us,2880,5840
1267,1267000.000us,2800,5760
1268,1268000.000us,2800,5840
1269,1269000.000us,2800,5680
1270,1270000.000us,2880,5840
1271,1271000.000us,2720,5680
1272,1272000.000us,2880,5760
1273,1273000.000us,2800,5840
1274,1274000.000us,2880,5840
1275,1275000.000us,2720,5760
1276,1276000.000us,2800,5760
1277,1277000.000us,2800,5760
1278,1278000.000us,2880,5840
1279,1279000.000us,2800,5680
1280,1280000.000us,2800,5760
1281,1281000.000us,2800,5840
1282,1282000.000us,2880,5840
1283,1283000.000us,2800,5760
1284,1284000.000us,2880,5840
1285,1285000.000us,2880,5760
1286,1286000.000us,2880,5760
1287,1287000.000us,2720,5760
1288,1288000.000us,2720,5760
1289,1289000.000us,2880,5760
1290,1290000.000us,2880,5840
1291,1291000.000us,2800,5760
1292,1292000.000us,2800,5760
1293,1293000.000us,2800,5760
1294,1294000.000us,2880,5840
1295,1295000.000us,2800,5760
1296,1296000.000us,2800,5760
1297,1297000.000us,2880,5760
1298,1298000.000us,2880,5840
1299,1299000.000us,2800,5680
1300,1300000.000us,2800,5680
1301,1301000.000us,2800,5760
1302,1302000.000us,2880,5840
1303,1303000.000us,2800,5760
1304,1304000.000us,2880,5840
1305,1305000.000us,2800,5760
1306,1306000.000us,2880,5840
1307,1307000.000us,2720,5760
1308,1308000.000us,2720,5760
1309,1309000.000us,2880,5840
1310,1310000.000us,2880,5840
1311,1311000.000us,2720,5680
1312,1312000.000us,2880,5760
1313,1313000.000us,2800,5760
1314,1314000.000us,2880,5840
1315,1315000.000us,2720,5680
1316,1316000.000us,2880,5680
1317,1317000.000us,2800,5840
1318,1318000.000us,2880,5840
1319,1319000.000us,2720,5680
1320,1320000.000us,2800,5760
1321,1321000.000us,2800,5760
1322,1322000.000us,2880,5840
1323,1323000.000us,2800,5760
1324,1324000.000us,2880,5760
1325,1325000.000us,2800,5840
1326,1326000.000us,2880,5840
1327,1327000.000us,2720,5760
1328,1328000.000us,2800,5760
1329,1329000.000us,2800,5760
1330,1330000.000us,2880,5840
1331,1331000.000us,2720,5760
1332,1332000.000us,2800,5760
1333,1333000.000us,2800,5760
1334,1334000.000us,2880,5840
1335,1335000.000us,2800,5760
1336,1336000.000us,2800,5760
1337,1337000.000us,2880,5760
1338,1338000.000us,2880,5840
1339,1339000.000us,2800,5760
1340,1340000.000us,2800,5760
1341,1341000.000us,2880,5840
1342,1342000.000us,2880,5840
1343,1343000.000us,2720,5760
1344,1344000.000us,2800,5840
1345,1345000.000us,2800,5760
1346,1346000.000us,2880,5840
1347,1347000.000us,2800,5760
1348,1348000.000us,2800,5840
1349,1349000.000us,2800,5760
1350,1350000.000us,2880,5840
1351,1351000.000us,2720,5760
1352,1352000.000us,2800,5840
1353,1353000.000us,2800,5760
1354,1354000.000us,2880,5840
1355,1355000.000us,2800,5680
1356,1356000.000us,2800,5760
1357,1357000.000us,2800,5840
1358,1358000.000us,2880,5840
1359,1359000.000us,2800,5760
1360,1360000.000us,2800,5760
1361,1361000.000us,2800,5760
1362,1362000.000us,2880,5840
1363,1363000.000us,2720,5680
1364,1364000.000us,2800,5840
1365,1365000.000us,2800,5840
1366,1366000.000us,2880,5840
1367,1367000.000us,2800,5680
1368,1368000.000us,2800,5680
1369,1369000.000us,2800,5840
1370,1370000.000us,2800,5840
1371,1371000.000us,2720,5680
1372,1372000.000us,2800,5680
1373,1373000.000us,2800,5760
1374,1374000.000us,2880,5840
1375,1375000.000us,2720,5760
1376,1376000.000us,2800,5840
1377,1377000.000us,2880,5840
1378,1378000.000us,2880,5840
1379,1379000.000us,2800,5760
1380,1380000.000us,2800,5760
1381,1381000.000us,2800,5760
1382,1382000.000us,2880,5840
1383,1383000.000us,2720,5760
1384,1384000.000us,2800,5840
1385,1385000.000us,2880,5760
1386,1386000.000us,2880,5840
1387,1387000.000us,2800,5760
1388,1388000.000us,2800,5760
1389,1389000.000us,2880,5840
1390,1390000.000us,2880,5840
1391,1391000.000us,2800,5680
1392,1392000.000us,2800,5760
1393,1393000.000us,2800,5680
1394,1394000.000us,2880,5840
1395,1395000.000us,2800,5680
1396,1396000.000us,2800,5760
1397,1397000.000us,2800,5760
1398,1398000.000us,2880,5760
1399,1399000.000us,2720,5760
1400,1400000.000us,2800,5760
1401,1401000.000us,2800,5760
1402,1402000.000us,2880,5840
1403,1403000.000us,2800,5760
1404,1404000.000us,2880,5840
1405,1405000.000us,2800,5760
1406,1406000.000us,2880,5760
1407,1407000.000us,2800,5680
1408,1408000.000us,2880,5760
1409,1409000.000us,2880,5840
1410,1410000.000us,2880,5840
1411,1411000.000us,2800,5760
1412,1412000.000us,2880,5760
1413,1413000.000us,2880,5760
1414,1414000.000us,2880,5840
1415,1415000.000us,2800,5680
1416,1416000.000us,2880,5680
1417,1417000.000us,2800,5760
1418,1418000.000us,2880,5840
1419,1419000.000us,2720,5680
1420,1420000.000us,2800,5840
1421,1421000.000us,2800,5760
1422,1422000.000us,2880,5840
1423,1423000.000us,2800,5760
1424,1424000.000us,2800,5840
1425,1425000.000us,2800,5840
1426,1426000.000us,2880,5840
1427,1427000.000us,2800,5760
1428,1428000.000us,2880,5840
1429,1429000.000us,2880,5840
1430,1430000.000us,2880,5840
1431,1431000.000us,2800,5760
1432,1432000.000us,2800,5760
1433,1433000.000us,2800,5840
1434,1434000.000us,2880,5840
1435,1435000.000us,2800,5760
1436,1436000.000us,2800,5840
1437,1437000.000us,2800,5760
1438,1438000.000us,2880,5840
1439,1439000.000us,2800,5760
1440,1440000.000us,2800,5760
1441,1441000.000us,2880,5760
1442,1442000.000us,2880,5840
1443,1443000.000us,2800,5680
1444,1444000.000us,2880,5680
1445,1445000.000us,2800,5680
1446,1446000.000us,2880,5840
1447,1447000.000us,2720,5680
1448,1448000.000us,2800,5760
1449,1449000.000us,2800,5760
1450,1450000.000us,2880,5840
1451,1451000.000us,2720,5760
1452,1452000.000us,2800,5760
1453,1453000.000us,2880,5760
1454,1454000.000us,2880,5840
1455,1455000.000us,2720,5760
1456,1456000.000us,2800,5760
1457,1457000.000us,2800,5840
1458,1458000.000us,2880,5840
1459,1459000.000us,2800,5760
1460,1460000.000us,2800,5760
1461,1461000.000us,2800,5760
1462,1462000.000us,2880,5840
1463,1463000.000us,2720,5680
1464,1464000.000us,2800,5840
1465,1465000.000us,2800,5760
1466,1466000.000us,2880,5840
1467,1467000.000us,2720,5760
1468,1468000.000us,2720,5760
1469,1469000.000us,2800,5760
1470,1470000.000us,2880,5840
1471,1471000.000us,2800,5760
1472,1472000.000us,2800,5760
1473,1473000.000us,2800,5760
1474,1474000.000us,2880,5840
1475,1475000.000us,2800,5760
1476,1476000.000us,2800,5840
1477,1477000.000us,2800,5760
1478,1478000.000us,2880,5840
1479,1479000.000us,2800,5760
1480,1480000.000us,2800,5760
1481,1481000.000us,2800,5840
1482,1482000.000us,2880,5840
1483,1483000.000us,2800,5760
1484,1484000.000us,2800,5760
1485,1485000.000us,2800,5760
1486,1486000.000us,2880,5840
1487,1487000.000us,2720,5760
1488,1488000.000us,2880,5840
1489,1489000.000us,2800,5760
1490,1490000.000us,2880,5840
1491,1491000.000us,2720,5760
1492,1492000.000us,2800,5760
1493,1493000.000us,2880,5760
1494,1494000.000us,2880,5840
1495,1495000.000us,2800,5760
1496,1496000.000us,2880,5840
1497,1497000.000us,2800,5840
1498,1498000.000us,2880,5840
1499,1499000.000us,2720,5760
1500,1500000.000us,2800,5840
1501,1501000.000us,2880,5840
1502,1502000.000us,2880,5840
1503,1503000.000us,2800,5760
1504,1504000.000us,2800,5760
1505,1505000.000us,2880,5840
1506,1506000.000us,3440,5840
1507,1507000.000us,2800,5760
1508,1508000.000us,3360,5840
1509,1509000.000us,3360,5840
1510,1510000.000us,3440,5920
1511,1511000.000us,3280,5760
1512,1512000.000us,3440,5760
1513,1513000.000us,3360,5920
1514,1514000.000us,3440,5920
1515,1515000.000us,3360,5760
1516,1516000.000us,3360,5840
1517,1517000.000us,3440,5840
1518,1518000.000us,3440,5920
1519,1519000.000us,3280,5760
1520,1520000.000us,3360,5840
1521,1521000.000us,3360,5840
1522,1522000.000us,3440,5840
1523,1523000.000us,3360,5760
1524,1524000.000us,3440,5840
1525,1525000.000us,3360,5840
1526,1526000.000us,3520,5840
1527,1527000.000us,3360,5760
1528,1528000.000us,3360,5760
1529,1529000.000us,3360,5760
1530,1530000.000us,3520,5840
1531,1531000.000us,3360,5760
1532,1532000.000us,3360,5840
1533,1533000.000us,3360,5840
1534,1534000.000us,3360,5840
1535,1535000.000us,3360,5760
1536,1536000.000us,3360,5840
1537,1537000.000us,3360,5840
1538,1538000.000us,3440,5840
1539,1539000.000us,3360,5680
1540,1540000.000us,3440,5840
1541,1541000.000us,3360,5840
1542,1542000.000us,3440,5840
1543,1543000.000us,3360,5760
1544,1544000.000us,3440,5760
1545,1545000.000us,3440,5760
1546,1546000.000us,3440,5840
1547,1547000.000us,3360,5760
1548,1548000.000us,3360,5840
1549,1549000.000us,3440,5760
1550,1550000.000us,3440,5840
1551,1551000.000us,3360,5760
1552,1552000.000us,3440,5840
1553,1553000.000us,3360,5840
1554,1554000.000us,3440,5840
1555,1555000.000us,3360,5760
1556,1556000.000us,3360,5840
1557,1557000.000us,3440,5840
1558,1558000.000us,3440,6160
1559,1559000.000us,160,5760
1560,1560000.000us,160,6160
1561,1561000.000us,160,6160
1562,1562000.000us,240,6160
1563,1563000.000us,80,6080
1564,1564000.000us,160,6080
1565,1565000.000us,160,6160
1566,1566000.000us,160,6160
1567,1567000.000us,80,6080
1568,1568000.000us,160,6160
1569,1569000.000us,160,6160
1570,1570000.000us,160,6160
1571,1571000.000us,80,6080
1572,1572000.000us,160,6080
1573,1573000.000us,160,6080
1574,1574000.000us,160,6160
1575,1575000.000us,80,6080
1576,1576000.000us,160,6080
1577,1577000.000us,240,6080
1578,1578000.000us,240,6160
1579,1579000.000us,80,6080
1580,1580000.000us,240,6080
1581,1581000.000us,160,6080
1582,1582000.000us,160,6160
1583,1583000.000us,80,6080
1584,1584000.000us,160,6080
1585,1585000.000us,160,6080
1586,1586000.000us,240,6160
1587,1587000.000us,80,6080
1588,1588000.000us,240,6160
1589,1589000.000us,160,6160
1590,1590000.000us,240,6160
1591,1591000.000us,80,6080
1592,1592000.000us,160,6080
1593,1593000.000us,80,6080
1594,1594000.000us,160,6160
1595,1595000.000us,80,6080
1596,1596000.000us,160,6080
1597,1597000.000us,160,6160
1598,1598000.000us,160,6160
1599,1599000.000us,80,6080
1600,1600000.000us,160,6080
1601,1601000.000us,160,6080
1602,1602000.000us,240,6160
1603,1603000.000us,80,6080
1604,1604000.000us,160,6160
1605,1605000.000us,160,6080
1606,1606000.000us,160,6160
1607,1607000.000us,80,6000
1608,1608000.000us,160,6160
1609,1609000.000us,160,6160
1610,1610000.000us,240,6160
1611,1611000.000us,80,6080
1612,1612000.000us,160,6080
1613,1613000.000us,80,6080
1614,1614000.000us,160,6160
1615,1615000.000us,80,6080
1616,1616000.000us,160,6080
1617,1617000.000us,160,6080
1618,1618000.000us,160,6160
1619,1619000.000us,80,6080
1620,1620000.000us,160,6080
1621,1621000.000us,80,6080
1622,1622000.000us,160,6160
1623,1623000.000us,80,6080
1624,1624000.000us,80,6080
1625,1625000.000us,160,6080
1626,1626000.000us,240,6160
1627,1627000.000us,80,6080
1628,1628000.000us,160,6080
1629,1629000.000us,160,6160
1630,1630000.000us,240,6160
1631,1631000.000us,80,6080
1632,1632000.000us,80,6160
1633,1633000.000us,80,6160
1634,1634000.000us,160,6160
1635,1635000.000us,80,6080
1636,1636000.000us,80,6160
1637,1637000.000us,80,6160
1638,1638000.000us,160,6160
1639,1639000.000us,80,6080
1640,1640000.000us,80,6160
1641,1641000.000us,160,6160
1642,1642000.000us,160,6160
1643,1643000.000us,80,6000
1644,1644000.000us,80,6080
1645,1645000.000us,80,6080
1646,1646000.000us,240,6160
1647,1647000.000us,80,6000
1648,1648000.000us,160,6080
1649,1649000.000us,160,6160
1650,1650000.000us,240,6160
1651,1651000.000us,80,6080
1652,1652000.000us,80,6160
1653,1653000.000us,80,6160
1654,1654000.000us,240,6160
1655,1655000.000us,80,6080
1656,1656000.000us,80,6160
1657,1657000.000us,160,6160
1658,1658000.000us,160,6160
1659,1659000.000us,80,6080
1660,1660000.000us,80,6080
1661,1661000.000us,160,6080
1662,1662000.000us,240,6240
1663,1663000.000us,80,6080
1664,1664000.000us,80,6160
1665,1665000.000us,160,6080
1666,1666000.000us,240,6160
1667,1667000.000us,80,6000
1668,1668000.000us,160,6080
1669,1669000.000us,160,6160
1670,1670000.000us,160,6160
1671,1671000.000us,80,6080
1672,1672000.000us,160,6080
1673,1673000.000us,160,6080
1674,1674000.000us,160,6160
1675,1675000.000us,80,6080
1676,1676000.000us,160,6080
1677,1677000.000us,160,6080
1678,1678000.000us,160,6160
1679,1679000.000us,80,6080
1680,1680000.000us,80,6080
1681,1681000.000us,160,6160
1682,1682000.000us,240,6160
1683,1683000.000us,80,6080
1684,1684000.000us,160,6080
1685,1685000.000us,80,6080
1686,1686000.000us,160,6160
1687,1687000.000us,80,6080
1688,1688000.000us,160,6080
1689,1689000.000us,80,6080
1690,1690000.000us,160,6160
1691,1691000.000us,80,6080
1692,1692000.000us,160,6160
1693,1693000.000us,240,6160
1694,1694000.000us,240,6160
1695,1695000.000us,80,6080
1696,1696000.000us,160,6080
1697,1697000.000us,160,6080
1698,1698000.000us,240,6160
1699,1699000.000us,80,6080
1700,1700000.000us,240,6160
1701,1701000.000us,160,6160
1702,1702000.000us,160,6160
1703,1703000.000us,80,6000
1704,1704000.000us,160,6080
1705,1705000.000us,160,6080
1706,1706000.000us,240,6160
1707,1707000.000us,80,6080
1708,1708000.000us,240,6160
1709,1709000.000us,160,6160
1710,1710000.000us,240,6160
1711,1711000.000us,80,6080
1712,1712000.000us,80,6160
1713,1713000.000us,80,6080
1714,1714000.000us,160,6160
1715,1715000.000us,80,6080
1716,1716000.000us,80,6160
1717,1717000.000us,160,6080
1718,1718000.000us,240,6160
1719,1719000.000us,80,6080
1720,1720000.000us,160,6080
1721,1721000.000us,160,6160
1722,1722000.000us,160,6160
1723,1723000.000us,80,6000
1724,1724000.000us,160,6080
1725,1725000.000us,160,6080
1726,1726000.000us,240,6160
1727,1727000.000us,80,6080
1728,1728000.000us,80,6080
1729,1729000.000us,80,6080
1730,1730000.000us,240,6160
1731,1731000.000us,80,6080
1732,1732000.000us,80,6080
1733,1733000.000us,80,6080
1734,1734000.000us,160,6160
1735,1735000.000us,80,6080
1736,1736000.000us,160,6080
1737,1737000.000us,160,6080
1738,1738000.000us,160,6160
1739,1739000.000us,80,6080
1740,1740000.000us,80,6080
1741,1741000.000us,160,6000
1742,1742000.000us,240,6080
1743,1743000.000us,80,6000
1744,1744000.000us,160,6080
1745,1745000.000us,80,6080
1746,1746000.000us,160,6160
1747,1747000.000us,80,6080
1748,1748000.000us,160,6080
1749,1749000.000us,240,6160
1750,1750000.000us,240,6160
1751,1751000.000us,80,6080
1752,1752000.000us,80,6080
1753,1753000.000us,160,6160
1754,1754000.000us,160,6160
1755,1755000.000us,80,6080
1756,1756000.000us,160,6080
1757,1757000.000us,240,6080
1758,1758000.000us,240,6160
1759,1759000.000us,80,6000
1760,1760000.000us,80,6160
1761,1761000.000us,160,6080
1762,1762000.000us,240,6160
1763,1763000.000us,80,6080
1764,1764000.000us,160,6160
1765,1765000.000us,160,6160
1766,1766000.000us,240,6160
1767,1767000.000us,80,6080
1768,1768000.000us,160,6080
1769,1769000.000us,160,6080
1770,1770000.000us,160,6160
1771,1771000.000us,80,6080
1772,1772000.000us,160,6160
1773,1773000.000us,80,6080
1774,1774000.000us,240,6160
1775,1775000.000us,80,6080
1776,1776000.000us,160,6080
1777,1777000.000us,160,6160
1778,1778000.000us,160,6160
1779,1779000.000us,80,6080
1780,1780000.000us,160,6080
1781,1781000.000us,160,6160
1782,1782000.000us,160,6160
1783,1783000.000us,80,6080
1784,1784000.000us,80,6160
1785,1785000.000us,160,6160
1786,1786000.000us,160,6160
1787,1787000.000us,80,6080
1788,1788000.000us,160,6080
1789,1789000.000us,160,6080
1790,1790000.000us,240,6160
1791,1791000.000us,80,6000
1792,1792000.000us,160,6000
1793,1793000.000us,80,6160
1794,1794000.000us,240,6160
1795,1795000.000us,80,6080
1796,1796000.000us,160,6080
1797,1797000.000us,160,6080
1798,1798000.000us,240,6160
1799,1799000.000us,80,6080
1800,1800000.000us,160,6080
1801,1801000.000us,160,6160
1802,1802000.000us,160,6160
1803,1803000.000us,80,6080
1804,1804000.000us,80,6080
1805,1805000.000us,160,6160
1806,1806000.000us,160,6160
1807,1807000.000us,80,6080
1808,1808000.000us,160,6160
1809,1809000.000us,80,6080
1810,1810000.000us,240,6160
1811,1811000.000us,80,6000
1812,1812000.000us,80,6000
1813,1813000.000us,160,6080
1814,1814000.000us,160,6160
1815,1815000.000us,80,6080
1816,1816000.000us,160,6080
1817,1817000.000us,160,6080
1818,1818000.000us,160,6160
1819,1819000.000us,80,6080
1820,1820000.000us,160,6160
1821,1821000.000us,80,6080
1822,1822000.000us,160,6160
1823,1823000.000us,80,6080
1824,1824000.000us,160,6080
1825,1825000.000us,80,6080
1826,1826000.000us,160,6160
1827,1827000.000us,80,6000
1828,1828000.000us,160,6080
1829,1829000.000us,160,6160
1830,1830000.000us,240,6160
1831,1831000.000us,80,6080
1832,1832000.000us,80,6080
1833,1833000.000us,160,6080
1834,1834000.000us,160,6160
1835,1835000.000us,80,6000
1836,1836000.000us,160,6160
1837,1837000.000us,160,6160
1838,1838000.000us,160,6160
1839,1839000.000us,80,6080
1840,1840000.000us,160,6080
1841,1841000.000us,240,6160
1842,1842000.000us,240,6160
1843,1843000.000us,80,6080
1844,1844000.000us,160,6080
1845,1845000.000us,80,6080
1846,1846000.000us,160,6160
1847,1847000.000us,80,6080
1848,1848000.000us,80,6160
1849,1849000.000us,240,6080
1850,1850000.000us,240,6160
1851,1851000.000us,80,6080
1852,1852000.000us,160,6080
1853,1853000.000us,80,6160
1854,1854000.000us,160,6160
1855,1855000.000us,80,6080
1856,1856000.000us,160,6080
1857,1857000.000us,80,6160
1858,1858000.000us,3520,6160
1859,1859000.000us,80,5760
1860,1860000.000us,3360,5840
1861,1861000.000us,3440,5920
1862,1862000.000us,3440,5920
1863,1863000.000us,3360,5760
1864,1864000.000us,3360,5840
1865,1865000.000us,3360,5840
1866,1866000.000us,3440,5840
1867,1867000.000us,3360,5760
1868,1868000.000us,3440,5760
1869,1869000.000us,3360,5760
1870,1870000.000us,3440,5840
1871,1871000.000us,3360,5760
1872,1872000.000us,3440,5760
1873,1873000.000us,3440,5760
1874,1874000.000us,3440,5920
1875,1875000.000us,3360,5760
1876,1876000.000us,3440,5840
1877,1877000.000us,3440,5840
1878,1878000.000us,3440,5840
1879,1879000.000us,3360,5760
1880,1880000.000us,3440,5760
1881,1881000.000us,3440,5840
1882,1882000.000us,3440,5840
1883,1883000.000us,3360,5760
1884,1884000.000us,3440,5840
1885,1885000.000us,3360,5760
1886,1886000.000us,3440,5840
1887,1887000.000us,3360,5760
1888,1888000.000us,3360,5840
1889,1889000.000us,3360,5840
1890,1890000.000us,3440,5840
1891,1891000.000us,3360,5760
1892,1892000.000us,3360,5840
1893,1893000.000us,3440,5840
1894,1894000.000us,3440,5840
1895,1895000.000us,3360,5760
1896,1896000.000us,3360,5760
1897,1897000.000us,3360,5840
1898,1898000.000us,3440,5840
1899,1899000.000us,3360,5760
1900,1900000.000us,3360,5840
1901,1901000.000us,3440,5760
1902,1902000.000us,3520,5840
1903,1903000.000us,3360,5760
1904,1904000.000us,3360,5840
1905,1905000.000us,3440,5760
1906,1906000.000us,3440,5840
1907,1907000.000us,3360,5760
1908,1908000.000us,3360,5840
1909,1909000.000us,3360,5840
1910,1910000.000us,3440,5840
1911,1911000.000us,2800,5680
1912,1912000.000us,2880,5760
1913,1913000.000us,2800,5760
1914,1914000.000us,2880,5920
1915,1915000.000us,2800,5760
1916,1916000.000us,2880,5840
1917,1917000.000us,2800,5760
1918,1918000.000us,2880,5840
1919,1919000.000us,2800,5760
1920,1920000.000us,2880,5760
1921,1921000.000us,2800,5840
1922,1922000.000us,2880,5840
1923,1923000.000us,2800,5760
1924,1924000.000us,2800,5840
1925,1925000.000us,2880,5760
1926,1926000.000us,2880,5840
1927,1927000.000us,2800,5760
1928,1928000.000us,2880,5760
1929,1929000.000us,2800,5760
1930,1930000.000us,2880,5840
1931,1931000.000us,2800,5760
1932,1932000.000us,2880,5840
1933,1933000.000us,2800,5760
1934,1934000.000us,2880,5840
1935,1935000.000us,2720,5760
1936,1936000.000us,2800,5840
1937,1937000.000us,2720,5760
1938,1938000.000us,2880,5920
1939,1939000.000us,2720,5760
1940,1940000.000us,2800,5760
1941,1941000.000us,2800,5760
1942,1942000.000us,2880,5840
1943,1943000.000us,2800,5680
1944,1944000.000us,2880,5760
1945,1945000.000us,2720,5760
1946,1946000.000us,2880,5840
1947,1947000.000us,2720,5760
1948,1948000.000us,2800,5840
1949,1949000.000us,2880,5840
1950,1950000.000us,2880,5840
1951,1951000.000us,2720,5680
1952,1952000.000us,2800,5760
1953,1953000.000us,2800,5760
1954,1954000.000us,2880,5840
1955,1955000.000us,2800,5760
1956,1956000.000us,2800,5840
1957,1957000.000us,2800,5840
1958,1958000.000us,2880,5840
1959,1959000.000us,2720,5760
1960,1960000.000us,2880,5840
1961,1961000.000us,2800,5760
1962,1962000.000us,2880,5840
1963,1963000.000us,2800,5760
1964,1964000.000us,2800,5760
1965,1965000.000us,2800,5760
1966,1966000.000us,2880,5840
1967,1967000.000us,2800,5760
1968,1968000.000us,2880,5760
1969,1969000.000us,2720,5680
1970,1970000.000us,2880,5920
1971,1971000.000us,2720,5680
1972,1972000.000us,2880,5840
1973,1973000.000us,2880,5840
1974,1974000.000us,2880,5840
1975,1975000.000us,2720,5760
1976,1976000.000us,2880,5760
1977,1977000.000us,2800,5760
1978,1978000.000us,2880,5840
1979,1979000.000us,2800,5760
1980,1980000.000us,2880,5760
1981,1981000.000us,2800,5760
1982,1982000.000us,2880,5840
1983,1983000.000us,2800,5760
1984,1984000.000us,2800,5760
1985,1985000.000us,2720,5680
1986,1986000.000us,2880,5840
1987,1987000.000us,2720,5680
1988,1988000.000us,2800,5760
1989,1989000.000us,2800,5840
1990,1990000.000us,2880,5840
1991,1991000.000us,2800,5760
1992,1992000.000us,2880,5840
1993,1993000.000us,2800,5760
1994,1994000.000us,2880,5840
1995,1995000.000us,2800,5760
1996,1996000.000us,2800,5760
1997,1997000.000us,2880,5760
1998,1998000.000us,2880,5840
1999,1999000.000us,2720,5760
2000,2000000.000us,2880,5760
2001,2001000.000us,2800,5840
2002,2002000.000us,2880,5840
2003,2003000.000us,2800,5760
2004,2004000.000us,2880,5760
2005,2005000.000us,2880,5760
2006,2006000.000us,2880,5840
2007,2007000.000us,2800,5760
2008,2008000.000us,2880,5760
2009,2009000.000us,2720,5760
2010,2010000.000us,2800,5840
2011,2011000.000us,2720,5760
2012,2012000.000us,2800,5840
2013,2013000.000us,2800,5760
2014,2014000.000us,2880,5840
2015,2015000.000us,2800,5760
2016,2016000.000us,2800,5840
2017,2017000.000us,2800,5840
2018,2018000.000us,2800,5840
2019,2019000.000us,2800,5760
2020,2020000.000us,2800,5760
2021,2021000.000us,2880,5840
2022,2022000.000us,2880,5840
2023,2023000.000us,2720,5760
2024,2024000.000us,2800,5760
2025,2025000.000us,2800,5760
2026,2026000.000us,2880,5840
2027,2027000.000us,2720,5760
2028,2028000.000us,2800,5840
2029,2029000.000us,2880,5840
2030,2030000.000us,2880,5840
2031,2031000.000us,2720,5760
2032,2032000.000us,2880,5760
2033,2033000.000us,2880,5760
2034,2034000.000us,2880,5840
2035,2035000.000us,2720,5760
2036,2036000.000us,2800,5760
2037,2037000.000us,2800,5840
2038,2038000.000us,2880,5840
2039,2039000.000us,2720,5760
2040,2040000.000us,2800,5840
2041,2041000.000us,2720,5760
2042,2042000.000us,2880,5840
2043,2043000.000us,2720,5760
2044,2044000.000us,2800,5760
2045,2045000.000us,2800,5760
2046,2046000.000us,2880,5840
2047,2047000.000us,2720,5760
2048,2048000.000us,2720,5760
2049,2049000.000us,2800,5760
2050,2050000.000us,2880,5920
2051,2051000.000us,2800,5760
2052,2052000.000us,2800,5760
2053,2053000.000us,2800,5760
2054,2054000.000us,2880,5840
2055,2055000.000us,2720,5680
2056,2056000.000us,2720,5760
2057,2057000.000us,2800,5840
2058,2058000.000us,2880,5840
2059,2059000.000us,2800,5760
2060,2060000.000us,2880,5840
2061,2061000.000us,2800,5840
2062,2062000.000us,2880,5840
2063,2063000.000us,2800,5760
2064,2064000.000us,2800,5760
2065,2065000.000us,2800,5840
2066,2066000.000us,2880,5840
2067,2067000.000us,2800,5760
2068,2068000.000us,2800,5760
2069,2069000.000us,2800,5760
2070,2070000.000us,2880,5840
2071,2071000.000us,2720,5760
2072,2072000.000us,2800,5840
2073,2073000.000us,2800,5840
2074,2074000.000us,2880,5840
2075,2075000.000us,2800,5760
2076,2076000.000us,2800,5760
2077,2077000.000us,2800,5840
2078,2078000.000us,2880,5840
2079,2079000.000us,2800,5760
2080,2080000.000us,2880,5840
2081,2081000.000us,2800,5760
2082,2082000.000us,2880,5840
2083,2083000.000us,2720,5680
2084,2084000.000us,2880,5840
2085,2085000.000us,2720,5760
2086,2086000.000us,2880,5840
2087,2087000.000us,2720,5760
2088,2088000.000us,2800,5760
2089,2089000.000us,2880,5760
2090,2090000.000us,2880,5840
2091,2091000.000us,2720,5760
2092,2092000.000us,2800,5840
2093,2093000.000us,2800,5680
2094,2094000.000us,2880,5840
2095,2095000.000us,2720,5680
2096,2096000.000us,2880,5760
2097,2097000.000us,2800,5760
2098,2098000.000us,2880,5840
2099,2099000.000us,2800,5760
2100,2100000.000us,2800,5760
2101,2101000.000us,2800,5760
2102,2102000.000us,2880,5840
2103,2103000.000us,2800,5760
2104,2104000.000us,2800,5760
2105,2105000.000us,2880,5760
2106,2106000.000us,2880,5840
2107,2107000.000us,2800,5760
2108,2108000.000us,2880,5760
2109,2109000.000us,2880,5760
2110,2110000.000us,2880,5920
2111,2111000.000us,2800,5760
2112,2112000.000us,2800,5840
2113,2113000.000us,2800,5840
2114,2114000.000us,2880,5840
2115,2115000.000us,2800,5760
2116,2116000.000us,2880,5760
2117,2117000.000us,2800,5840
2118,2118000.000us,2880,5840
2119,2119000.000us,2800,5760
2120,2120000.000us,2800,5760
2121,2121000.000us,2880,5760
2122,2122000.000us,2880,5840
2123,2123000.000us,2800,5760
2124,2124000.000us,2800,5840
2125,2125000.000us,2800,5760
2126,2126000.000us,2880,5840
2127,2127000.000us,2800,5760
2128,2128000.000us,2880,5760
2129,2129000.000us,2800,5840
2130,2130000.000us,2880,5840
2131,2131000.000us,2720,5760
2132,2132000.000us,2800,5760
2133,2133000.000us,2800,5840
2134,2134000.000us,2880,5840
2135,2135000.000us,2800,5760
2136,2136000.000us,2880,5760
2137,2137000.000us,2800,5760
2138,2138000.000us,2880,5840
2139,2139000.000us,2720,5760
2140,2140000.000us,2880,5840
2141,2141000.000us,2880,5760
2142,2142000.000us,2880,5840
2143,2143000.000us,2720,5760
2144,2144000.000us,2800,5760
2145,2145000.000us,2800,5840
2146,2146000.000us,2880,5840
2147,2147000.000us,2720,5760
2148,2148000.000us,2800,5840
2149,2149000.000us,2800,5760
2150,2150000.000us,2880,5840
2151,2151000.000us,2800,5760
2152,2152000.000us,2880,5760
2153,2153000.000us,2880,5760
2154,2154000.000us,2880,5840
2155,2155000.000us,2720,5680
2156,2156000.000us,2880,5840
2157,2157000.000us,2800,5840
2158,2158000.000us,2880,5840
2159,2159000.000us,2720,5760
2160,2160000.000us,2800,5840
2161,2161000.000us,2880,5760
2162,2162000.000us,2880,5840
2163,2163000.000us,2800,5760
2164,2164000.000us,2800,5840
2165,2165000.000us,2880,5760
2166,2166000.000us,2880,5840
2167,2167000.000us,2720,5760
2168,2168000.000us,2800,5840
2169,2169000.000us,2800,5760
2170,2170000.000us,2880,5840
2171,2171000.000us,2800,5680
2172,2172000.000us,2800,5760
2173,2173000.000us,2800,5760
2174,2174000.000us,2880,5920
2175,2175000.000us,2720,5760
2176,2176000.000us,2880,5840
2177,2177000.000us,2800,5760
2178,2178000.000us,2880,5840
2179,2179000.000us,2800,5760
2180,2180000.000us,2800,5760
2181,2181000.000us,2800,5840
2182,2182000.000us,2880,5840
2183,2183000.000us,2800,5760
2184,2184000.000us,2800,5840
2185,2185000.000us,2880,5760
2186,2186000.000us,2880,5840
2187,2187000.000us,2800,5760
2188,2188000.000us,2880,5760
2189,2189000.000us,2800,5760
2190,2190000.000us,2880,5840
2191,2191000.000us,2720,5760
2192,2192000.000us,2880,5840
2193,2193000.000us,2800,5760
2194,2194000.000us,2800,5840
2195,2195000.000us,2800,5760
2196,2196000.000us,2800,5840
2197,2197000.000us,2800,5840
2198,2198000.000us,2880,5840
2199,2199000.000us,2800,5760
2200,2200000.000us,2880,5840
2201,2201000.000us,2800,5760
2202,2202000.000us,2880,5840
2203,2203000.000us,2720,5760
2204,2204000.000us,2800,5840
2205,2205000.000us,2880,5840
2206,2206000.000us,2880,5840
2207,2207000.000us,2720,5760
2208,2208000.000us,2800,5840
2209,2209000.000us,2800,5840
2210,2210000.000us,3440,5840
2211,2211000.000us,2720,5760
2212,2212000.000us,3360,5760
2213,2213000.000us,3440,5840
2214,2214000.000us,3440,5840
2215,2215000.000us,3360,5760
2216,2216000.000us,3360,5760
2217,2217000.000us,3440,5840
2218,2218000.000us,3440,5920
2219,2219000.000us,3360,5760
2220,2220000.000us,3360,5760
2221,2221000.000us,3360,5840
2222,2222000.000us,3520,5840
2223,2223000.000us,3360,5760
2224,2224000.000us,3440,5760
2225,2225000.000us,3360,5840
2226,2226000.000us,3440,5920
2227,2227000.000us,3360,5840
2228,2228000.000us,3360,5840
2229,2229000.000us,3440,5840
2230,2230000.000us,3440,5840
2231,2231000.000us,3360,5760
2232,2232000.000us,3360,5760
2233,2233000.000us,3360,5840
2234,2234000.000us,3440,5840
2235,2235000.000us,3360,5760
2236,2236000.000us,3440,5840
2237,2237000.000us,3440,5840
2238,2238000.000us,3440,5920
2239,2239000.000us,3360,5840
2240,2240000.000us,3440,5840
2241,2241000.000us,3360,5840
2242,2242000.000us,3440,5840
2243,2243000.000us,3360,5760
2244,2244000.000us,3440,5760
2245,2245000.000us,3360,5760
2246,2246000.000us,3440,5840
2247,2247000.000us,3360,5760
2248,2248000.000us,3440,5840
2249,2249000.000us,3360,5840
2250,2250000.000us,3520,5840
2251,2251000.000us,3360,5760
2252,2252000.000us,3360,5840
2253,2253000.000us,3280,5840
2254,2254000.000us,3520,5840
2255,2255000.000us,3280,5760
2256,2256000.000us,3440,5840
2257,2257000.000us,3360,5760
2258,2258000.000us,3440,5840
2259,2259000.000us,3360,5760
2260,2260000.000us,3440,5840
2261,2261000.000us,3520,5920
2262,2262000.000us,3520,6160
2263,2263000.000us,80,5840
2264,2264000.000us,160,6080
2265,2265000.000us,160,6080
2266,2266000.000us,240,6160
2267,2267000.000us,80,6080
2268,2268000.000us,240,6080
2269,2269000.000us,160,6080
2270,2270000.000us,160,6160
2271,2271000.000us,80,6080
2272,2272000.000us,160,6160
2273,2273000.000us,160,6080
2274,2274000.000us,160,6160
2275,2275000.000us,80,6080
2276,2276000.000us,160,6160
2277,2277000.000us,160,6160
2278,2278000.000us,160,6160
2279,2279000.000us,80,6080
2280,2280000.000us,160,6080
2281,2281000.000us,80,6080
2282,2282000.000us,240,6160
2283,2283000.000us,80,6080
2284,2284000.000us,80,6160
2285,2285000.000us,160,6080
2286,2286000.000us,160,6160
2287,2287000.000us,80,6080
2288,2288000.000us,160,6160
2289,2289000.000us,160,6080
2290,2290000.000us,160,6160
2291,2291000.000us,80,6080
2292,2292000.000us,160,6160
2293,2293000.000us,160,6080
2294,2294000.000us,240,6160
2295,2295000.000us,80,6080
2296,2296000.000us,160,6080
2297,2297000.000us,160,6160
2298,2298000.000us,160,6160
2299,2299000.000us,80,6000
2300,2300000.000us,160,6080
2301,2301000.000us,80,6160
2302,2302000.000us,160,6160
2303,2303000.000us,80,6080
2304,2304000.000us,80,6160
2305,2305000.000us,80,6160
2306,2306000.000us,160,6160
2307,2307000.000us,80,6080
2308,2308000.000us,160,6160
2309,2309000.000us,80,6160
2310,2310000.000us,160,6160
2311,2311000.000us,80,6080
2312,2312000.000us,80,6080
2313,2313000.000us,240,6080
2314,2314000.000us,240,6160
2315,2315000.000us,80,6080
2316,2316000.000us,160,6160
2317,2317000.000us,160,6160
2318,2318000.000us,160,6160
2319,2319000.000us,80,6080
2320,2320000.000us,160,6080
2321,2321000.000us,80,6160
2322,2322000.000us,240,6160
2323,2323000.000us,80,6080
2324,2324000.000us,160,6160
2325,2325000.000us,80,6160
2326,2326000.000us,160,6160
2327,2327000.000us,80,6080
2328,2328000.000us,160,6080
2329,2329000.000us,160,6160
2330,2330000.000us,160,6160
2331,2331000.000us,80,6080
2332,2332000.000us,80,6160
2333,2333000.000us,160,6080
2334,2334000.000us,160,6160
2335,2335000.000us,80,6080
2336,2336000.000us,80,6080
2337,2337000.000us,80,6160
2338,2338000.000us,160,6160
2339,2339000.000us,80,6080
2340,2340000.000us,160,6080
2341,2341000.000us,160,6080
2342,2342000.000us,160,6160
2343,2343000.000us,80,6080
2344,2344000.000us,160,6160
2345,2345000.000us,160,6160
2346,2346000.000us,160,6160
2347,2347000.000us,80,6080
2348,2348000.000us,160,6080
2349,2349000.000us,240,6160
2350,2350000.000us,240,6160
2351,2351000.000us,80,6080
2352,2352000.000us,80,6080
2353,2353000.000us,160,6160
2354,2354000.000us,240,6160
2355,2355000.000us,80,6080
2356,2356000.000us,160,6160
2357,2357000.000us,80,6160
2358,2358000.000us,160,6160
2359,2359000.000us,80,6080
2360,2360000.000us,160,6160
2361,2361000.000us,160,6080
2362,2362000.000us,160,6160
2363,2363000.000us,80,6080
2364,2364000.000us,80,6160
2365,2365000.000us,80,6160
2366,2366000.000us,160,6160
2367,2367000.000us,80,6080
2368,2368000.000us,80,6160
2369,2369000.000us,160,6080
2370,2370000.000us,160,6160
2371,2371000.000us,80,6080
2372,2372000.000us,160,6080
2373,2373000.000us,80,6080
2374,2374000.000us,160,6160
2375,2375000.000us,80,6080
2376,2376000.000us,160,6080
2377,2377000.000us,80,6160
2378,2378000.000us,240,6160
2379,2379000.000us,80,6080
2380,2380000.000us,160,6160
2381,2381000.000us,80,6160
2382,2382000.000us,160,6160
2383,2383000.000us,80,6080
2384,2384000.000us,160,6080
2385,2385000.000us,80,6160
2386,2386000.000us,160,6160
2387,2387000.000us,80,6080
2388,2388000.000us,160,6080
2389,2389000.000us,160,6080
2390,2390000.000us,240,6160
2391,2391000.000us,80,6000
2392,2392000.000us,160,6080
2393,2393000.000us,160,6080
2394,2394000.000us,240,6160
2395,2395000.000us,80,6080
2396,2396000.000us,160,6080
2397,2397000.000us,160,6160
2398,2398000.000us,160,6160
2399,2399000.000us,80,6080
2400,2400000.000us,80,6160
2401,2401000.000us,160,6240
2402,2402000.000us,160,6240
2403,2403000.000us,80,6080
2404,2404000.000us,160,6080
2405,2405000.000us,80,6160
2406,2406000.000us,240,6160
2407,2407000.000us,80,6080
2408,2408000.000us,160,6160
2409,2409000.000us,160,6160
2410,2410000.000us,240,6240
2411,2411000.000us,80,6080
2412,2412000.000us,160,6080
2413,2413000.000us,160,6160
2414,2414000.000us,240,6160
2415,2415000.000us,160,6080
2416,2416000.000us,160,6160
2417,2417000.000us,80,6160
2418,2418000.000us,240,6160
2419,2419000.000us,80,6080
2420,2420000.000us,160,6160
2421,2421000.000us,160,6160
2422,2422000.000us,160,6160
2423,2423000.000us,80,6080
2424,2424000.000us,160,6160
2425,2425000.000us,80,6160
2426,2426000.000us,160,6160
2427,2427000.000us,80,6080
2428,2428000.000us,80,6080
2429,2429000.000us,160,6160
2430,2430000.000us,240,6160
2431,2431000.000us,80,6080
2432,2432000.000us,160,6160
2433,2433000.000us,80,6160
2434,2434000.000us,160,6160
2435,2435000.000us,80,6080
2436,2436000.000us,80,6160
2437,2437000.000us,160,6160
2438,2438000.000us,240,6160
2439,2439000.000us,80,6080
2440,2440000.000us,160,6080
2441,2441000.000us,160,6160
2442,2442000.000us,240,6160
2443,2443000.000us,80,6080
2444,2444000.000us,160,6160
2445,2445000.000us,80,6160
2446,2446000.000us,160,6160
2447,2447000.000us,80,6080
2448,2448000.000us,80,6080
2449,2449000.000us,160,6160
2450,2450000.000us,240,6160
2451,2451000.000us,80,6080
2452,2452000.000us,160,6160
2453,2453000.000us,160,6160
2454,2454000.000us,160,6160
2455,2455000.000us,80,6080
2456,2456000.000us,160,6080
2457,2457000.000us,160,6080
2458,2458000.000us,160,6160
2459,2459000.000us,80,6080
2460,2460000.000us,160,6080
2461,2461000.000us,80,6160
2462,2462000.000us,160,6160
2463,2463000.000us,80,6080
2464,2464000.000us,160,6080
2465,2465000.000us,160,6080
2466,2466000.000us,160,6160
2467,2467000.000us,80,6080
2468,2468000.000us,80,6160
2469,2469000.000us,80,6160
2470,2470000.000us,160,6160
2471,2471000.000us,80,6080
2472,2472000.000us,160,6080
2473,2473000.000us,160,6080
2474,2474000.000us,240,6160
2475,2475000.000us,80,6080
2476,2476000.000us,160,6160
2477,2477000.000us,160,6160
2478,2478000.000us,160,6160
2479,2479000.000us,80,6080
2480,2480000.000us,160,6160
2481,2481000.000us,80,6080
2482,2482000.000us,240,6160
2483,2483000.000us,80,6080
2484,2484000.000us,160,6160
2485,2485000.000us,160,6160
2486,2486000.000us,240,6160
2487,2487000.000us,80,6080
2488,2488000.000us,80,6160
2489,2489000.000us,160,6080
2490,2490000.000us,160,6160
2491,2491000.000us,80,6000
2492,2492000.000us,80,6080
2493,2493000.000us,160,6160
2494,2494000.000us,240,6160
2495,2495000.000us,80,6080
2496,2496000.000us,80,6160
2497,2497000.000us,80,6080
2498,2498000.000us,160,6160
2499,2499000.000us,80,6080
2500,2500000.000us,160,6160
2501,2501000.000us,80,6160
2502,2502000.000us,160,6160
2503,2503000.000us,80,6080
2504,2504000.000us,80,6080
2505,2505000.000us,160,6160
2506,2506000.000us,240,6160
2507,2507000.000us,80,6080
2508,2508000.000us,80,6080
2509,2509000.000us,160,6160
2510,2510000.000us,160,6160
2511,2511000.000us,80,6080
2512,2512000.000us,80,6160
2513,2513000.000us,80,6160
2514,2514000.000us,240,6160
2515,2515000.000us,80,6080
2516,2516000.000us,160,6160
2517,2517000.000us,160,6160
2518,2518000.000us,160,6160
2519,2519000.000us,80,6080
2520,2520000.000us,160,6160
2521,2521000.000us,160,6160
2522,2522000.000us,160,6160
2523,2523000.000us,80,6080
2524,2524000.000us,160,6080
2525,2525000.000us,80,6160
2526,2526000.000us,160,6160
2527,2527000.000us,80,6080
2528,2528000.000us,160,6160
2529,2529000.000us,160,6080
2530,2530000.000us,160,6160
2531,2531000.000us,80,6080
2532,2532000.000us,80,6080
2533,2533000.000us,160,6160
2534,2534000.000us,240,6160
2535,2535000.000us,80,6080
2536,2536000.000us,80,6080
2537,2537000.000us,160,6080
2538,2538000.000us,160,6160
2539,2539000.000us,80,6000
2540,2540000.000us,160,6160
2541,2541000.000us,160,6160
2542,2542000.000us,160,6160
2543,2543000.000us,80,6080
2544,2544000.000us,160,6080
2545,2545000.000us,160,6080
2546,2546000.000us,240,6160
2547,2547000.000us,0,6080
2548,2548000.000us,80,6160
2549,2549000.000us,80,6160
2550,2550000.000us,240,6160
2551,2551000.000us,80,6080
2552,2552000.000us,80,6160
2553,2553000.000us,160,6080
2554,2554000.000us,160,6160
2555,2555000.000us,80,6080
2556,2556000.000us,160,6080
2557,2557000.000us,80,6080
2558,2558000.000us,3680,6160
2559,2559000.000us,80,6080
2560,2560000.000us,3680,6080
2561,2561000.000us,3440,5840
2562,2562000.000us,3440,5920
2563,2563000.000us,3360,5760
2564,2564000.000us,3360,5840
2565,2565000.000us,3360,5840
2566,2566000.000us,3440,5840
2567,2567000.000us,3360,5760
2568,2568000.000us,3440,5840
2569,2569000.000us,3360,5840
2570,2570000.000us,3440,5840
2571,2571000.000us,3360,5760
2572,2572000.000us,3360,5840
2573,2573000.000us,3360,5840
2574,2574000.000us,3440,5840
2575,2575000.000us,3360,5760
2576,2576000.000us,3360,5760
2577,2577000.000us,3360,5840
2578,2578000.000us,3440,5840
2579,2579000.000us,3360,5760
2580,2580000.000us,3360,5840
2581,2581000.000us,3360,5840
2582,2582000.000us,3440,5840
2583,2583000.000us,3360,5760
2584,2584000.000us,3360,5760
2585,2585000.000us,3360,5840
2586,2586000.000us,3440,5840
2587,2587000.000us,3360,5760
2588,2588000.000us,3360,5840
2589,2589000.000us,3440,5840
2590,2590000.000us,3520,5840
2591,2591000.000us,3360,5760
2592,2592000.000us,3440,5840
2593,2593000.000us,3360,5760
2594,2594000.000us,3440,5840
2595,2595000.000us,3360,5760
2596,2596000.000us,3360,5840
2597,2597000.000us,3360,5840
2598,2598000.000us,3440,5920
2599,2599000.000us,3280,5760
2600,2600000.000us,3440,5840
2601,2601000.000us,3440,5840
2602,2602000.000us,3440,5840
2603,2603000.000us,3360,5760
2604,2604000.000us,3360,5760
2605,2605000.000us,3440,5680
2606,2606000.000us,3440,5840
2607,2607000.000us,3360,5680
2608,2608000.000us,3360,5760
2609,2609000.000us,3440,5840
2610,2610000.000us,3440,5840
2611,2611000.000us,3360,5760
2612,2612000.000us,3360,5840
2613,2613000.000us,3360,5840
2614,2614000.000us,3360,5840
2615,2615000.000us,2800,5760
2616,2616000.000us,2800,5840
2617,2617000.000us,2800,5840
2618,2618000.000us,2880,5840
2619,2619000.000us,2800,5760
2620,2620000.000us,2880,5840
2621,2621000.000us,2800,5840
2622,2622000.000us,2880,5840
2623,2623000.000us,2800,5760
2624,2624000.000us,2880,5840
2625,2625000.000us,2800,5760
2626,2626000.000us,2880,5840
2627,2627000.000us,2800,5760
2628,2628000.000us,2800,5840
2629,2629000.000us,2880,5760
2630,2630000.000us,2880,5840
2631,2631000.000us,2720,5760
2632,2632000.000us,2720,5840
2633,2633000.000us,2800,5760
2634,2634000.000us,2880,5840
2635,2635000.000us,2720,5760
2636,2636000.000us,2800,5840
2637,2637000.000us,2800,5840
2638,2638000.000us,2880,5840
2639,2639000.000us,2720,5760
2640,2640000.000us,2880,5840
2641,2641000.000us,2800,5760
2642,2642000.000us,2880,5840
2643,2643000.000us,2800,5760
2644,2644000.000us,2880,5840
2645,2645000.000us,2880,5840
2646,2646000.000us,2880,5840
2647,2647000.000us,2720,5760
2648,2648000.000us,2720,5840
2649,2649000.000us,2800,5760
2650,2650000.000us,2880,5840
2651,2651000.000us,2800,5760
2652,2652000.000us,2880,5840
2653,2653000.000us,2800,5840
2654,2654000.000us,2880,5840
2655,2655000.000us,2800,5760
2656,2656000.000us,2800,5760
2657,2657000.000us,2880,5760
2658,2658000.000us,2880,5840
2659,2659000.000us,2800,5760
2660,2660000.000us,2800,5760
2661,2661000.000us,2800,5680
2662,2662000.000us,2880,5920
2663,2663000.000us,2800,5680
2664,2664000.000us,2880,5840
2665,2665000.000us,2800,5760
2666,2666000.000us,2880,5840
2667,2667000.000us,2800,5760
2668,2668000.000us,2800,5840
2669,2669000.000us,2800,5760
2670,2670000.000us,2880,5840
2671,2671000.000us,2720,5760
2672,2672000.000us,2800,5760
2673,2673000.000us,2800,5840
2674,2674000.000us,2880,5840
2675,2675000.000us,2800,5760
2676,2676000.000us,2800,5760
2677,2677000.000us,2800,5840
2678,2678000.000us,2880,5920
2679,2679000.000us,2720,5760
2680,2680000.000us,2880,5840
2681,2681000.000us,2800,5760
2682,2682000.000us,2880,5840
2683,2683000.000us,2800,5680
2684,2684000.000us,2800,5840
2685,2685000.000us,2800,5840
2686,2686000.000us,2880,5840
2687,2687000.000us,2800,5760
2688,2688000.000us,2880,5760
2689,2689000.000us,2800,5840
2690,2690000.000us,2880,5840
2691,2691000.000us,2800,5760
2692,2692000.000us,2800,5760
2693,2693000.000us,2800,5840
2694,2694000.000us,2880,5840
2695,2695000.000us,2800,5760
2696,2696000.000us,2800,5760
2697,2697000.000us,2880,5840
2698,2698000.000us,2880,5840
2699,2699000.000us,2800,5760
2700,2700000.000us,2800,5840
2701,2701000.000us,2880,5760
2702,2702000.000us,2880,5840
2703,2703000.000us,2800,5760
2704,2704000.000us,2800,5840
2705,2705000.000us,2880,5760
2706,2706000.000us,2880,5840
2707,2707000.000us,2800,5760
2708,2708000.000us,2800,5760
2709,2709000.000us,2800,5760
2710,2710000.000us,2880,5840
2711,2711000.000us,2720,5760
2712,2712000.000us,2720,5840
2713,2713000.000us,2800,5840
2714,2714000.000us,2880,5840
2715,2715000.000us,2720,5760
2716,2716000.000us,2800,5760
2717,2717000.000us,2880,5760
2718,2718000.000us,2880,5840
2719,2719000.000us,2720,5760
2720,2720000.000us,2880,5840
2721,2721000.000us,2800,5840
2722,2722000.000us,2880,5840
2723,2723000.000us,2800,5760
2724,2724000.000us,2800,5760
2725,2725000.000us,2800,5840
2726,2726000.000us,2880,5840
2727,2727000.000us,2720,5760
2728,2728000.000us,2800,5760
2729,2729000.000us,2800,5680
2730,2730000.000us,2880,5840
2731,2731000.000us,2720,5680
2732,2732000.000us,2880,5760
2733,2733000.000us,2880,5760
2734,2734000.000us,2880,5840
2735,2735000.000us,2800,5760
2736,2736000.000us,2800,5840
2737,2737000.000us,2880,5760
2738,2738000.000us,2880,5840
2739,2739000.000us,2800,5760
2740,2740000.000us,2880,5760
2741,2741000.000us,2880,5840
2742,2742000.000us,2880,5840
2743,2743000.000us,2720,5760
2744,2744000.000us,2720,5760
2745,2745000.000us,2800,5760
2746,2746000.000us,2880,5840
2747,2747000.000us,2800,5760
2748,2748000.000us,2800,5760
2749,2749000.000us,2800,5760
2750,2750000.000us,2800,5840
2751,2751000.000us,2720,5760
2752,2752000.000us,2800,5840
2753,2753000.000us,2800,5760
2754,2754000.000us,2880,5840
2755,2755000.000us,2720,5760
2756,2756000.000us,2880,5840
2757,2757000.000us,2800,5840
2758,2758000.000us,2880,5840
2759,2759000.000us,2800,5760
2760,2760000.000us,2880,5760
2761,2761000.000us,2880,5840
2762,2762000.000us,2880,5840
2763,2763000.000us,2800,5760
2764,2764000.000us,2800,5760
2765,2765000.000us,2720,5760
2766,2766000.000us,2880,5840
2767,2767000.000us,2720,5680
2768,2768000.000us,2800,5840
2769,2769000.000us,2800,5760
2770,2770000.000us,2880,5840
2771,2771000.000us,2720,5760
2772,2772000.000us,2800,5840
2773,2773000.000us,2800,5760
2774,2774000.000us,2880,5840
2775,2775000.000us,2800,5760
2776,2776000.000us,2800,5760
2777,2777000.000us,2800,5760
2778,2778000.000us,2880,5840
2779,2779000.000us,2800,5760
2780,2780000.000us,2800,5760
2781,2781000.000us,2800,5840
2782,2782000.000us,2880,5840
2783,2783000.000us,2800,5760
2784,2784000.000us,2880,5760
2785,2785000.000us,2800,5840
2786,2786000.000us,2880,5840
2787,2787000.000us,2800,5680
2788,2788000.000us,2800,5760
2789,2789000.000us,2800,5760
2790,2790000.000us,2880,5840
2791,2791000.000us,2800,5760
2792,2792000.000us,2800,5840
2793,2793000.000us,2880,5760
2794,2794000.000us,2880,5840
2795,2795000.000us,2800,5680
2796,2796000.000us,2800,5760
2797,2797000.000us,2800,5760
2798,2798000.000us,2880,5840
2799,2799000.000us,2720,5760
2800,2800000.000us,2880,5840
2801,2801000.000us,2880,5840
2802,2802000.000us,2880,5840
2803,2803000.000us,2800,5760
2804,2804000.000us,2880,5840
2805,2805000.000us,2800,5760
2806,2806000.000us,2880,5840
2807,2807000.000us,2720,5680
2808,2808000.000us,2800,5760
2809,2809000.000us,2880,5840
2810,2810000.000us,2880,5840
2811,2811000.000us,2800,5760
2812,2812000.000us,2880,5760
2813,2813000.000us,2800,5760
2814,2814000.000us,2880,5840
2815,2815000.000us,2800,5760
2816,2816000.000us,2800,5840
2817,2817000.000us,2880,5760
2818,2818000.000us,2880,5840
2819,2819000.000us,2800,5760
2820,2820000.000us,2880,5840
2821,2821000.000us,2800,5760
2822,2822000.000us,2880,5840
2823,2823000.000us,2800,5760
2824,2824000.000us,2800,5840
2825,2825000.000us,2800,5760
2826,2826000.000us,2880,5840
2827,2827000.000us,2800,5760
2828,2828000.000us,2800,5840
2829,2829000.000us,2800,5760
2830,2830000.000us,2880,5840
2831,2831000.000us,2720,5760
2832,2832000.000us,2720,5760
2833,2833000.000us,2800,5760
2834,2834000.000us,2880,5840
2835,2835000.000us,2800,5760
2836,2836000.000us,2880,5760
2837,2837000.000us,2880,5760
2838,2838000.000us,2880,5840
2839,2839000.000us,2720,5760
2840,2840000.000us,2800,5760
2841,2841000.000us,2880,5840
2842,2842000.000us,2880,5840
2843,2843000.000us,2800,5680
2844,2844000.000us,2800,5760
2845,2845000.000us,2800,5840
2846,2846000.000us,2880,5840
2847,2847000.000us,2800,5760
2848,2848000.000us,2800,5760
2849,2849000.000us,2880,5840
2850,2850000.000us,2880,5840
2851,2851000.000us,2720,5760
2852,2852000.000us,2880,5840
2853,2853000.000us,2800,5760
2854,2854000.000us,2880,5840
2855,2855000.000us,2800,5760
2856,2856000.000us,2800,5840
2857,2857000.000us,2880,5760
2858,2858000.000us,2880,5840
2859,2859000.000us,2800,5760
2860,2860000.000us,2800,5840
2861,2861000.000us,2720,5760
2862,2862000.000us,2880,5840
2863,2863000.000us,2720,5680
2864,2864000.000us,2880,5760
2865,2865000.000us,2880,5760
2866,2866000.000us,2880,5840
2867,2867000.000us,2800,5760
2868,2868000.000us,2880,5760
2869,2869000.000us,2800,5760
2870,2870000.000us,2880,5840
2871,2871000.000us,2800,5680
2872,2872000.000us,2880,5680
2873,2873000.000us,2800,5680
2874,2874000.000us,2880,5840
2875,2875000.000us,2800,5680
2876,2876000.000us,2880,5760
2877,2877000.000us,2800,5760
2878,2878000.000us,2880,5840
2879,2879000.000us,2720,5760
2880,2880000.000us,2800,5760
2881,2881000.000us,2880,5840
2882,2882000.000us,2880,5840
2883,2883000.000us,2720,5680
2884,2884000.000us,2800,5760
2885,2885000.000us,2800,5680
2886,2886000.000us,2880,5840
2887,2887000.000us,2720,5680
2888,2888000.000us,2800,5840
2889,2889000.000us,2880,5840
2890,2890000.000us,2880,5840
2891,2891000.000us,2800,5760
2892,2892000.000us,2800,5760
2893,2893000.000us,2880,5840
2894,2894000.000us,2880,5840
2895,2895000.000us,2800,5760
2896,2896000.000us,2800,5840
2897,2897000.000us,2800,5760
2898,2898000.000us,2880,5840
2899,2899000.000us,2720,5760
2900,2900000.000us,2800,5840
2901,2901000.000us,2800,5760
2902,2902000.000us,2880,5840
2903,2903000.000us,2720,5760
2904,2904000.000us,2720,5760
2905,2905000.000us,2880,5840
2906,2906000.000us,2880,5840
2907,2907000.000us,2800,5760
2908,2908000.000us,2800,5760
2909,2909000.000us,2800,5760
2910,2910000.000us,2880,5840
2911,2911000.000us,2800,5760
2912,2912000.000us,2800,5840
2913,2913000.000us,2800,5760
2914,2914000.000us,3440,5840
2915,2915000.000us,2800,5760
2916,2916000.000us,3360,5840
2917,2917000.000us,3360,5760
2918,2918000.000us,3440,5840
2919,2919000.000us,3360,5760
2920,2920000.000us,3440,5840
2921,2921000.000us,3440,5760
2922,2922000.000us,3440,5840
2923,2923000.000us,3360,5760
2924,2924000.000us,3440,5760
2925,2925000.000us,3360,5840
2926,2926000.000us,3440,5920
2927,2927000.000us,3360,5760
2928,2928000.000us,3360,5760
2929,2929000.000us,3360,5760
2930,2930000.000us,3440,5840
2931,2931000.000us,3360,5760
2932,2932000.000us,3360,5760
2933,2933000.000us,3360,5840
2934,2934000.000us,3440,5840
2935,2935000.000us,3360,5760
2936,2936000.000us,3360,5840
2937,2937000.000us,3360,5840
2938,2938000.000us,3440,5840
2939,2939000.000us,3360,5760
2940,2940000.000us,3440,5760
2941,2941000.000us,3360,5760
2942,2942000.000us,3440,5840
2943,2943000.000us,3360,5760
2944,2944000.000us,3360,5840
2945,2945000.000us,3440,5840
2946,2946000.000us,3440,5840
2947,2947000.000us,3360,5760
2948,2948000.000us,3360,5760
2949,2949000.000us,3360,5840
2950,2950000.000us,3520,5920
2951,2951000.000us,3360,5760
2952,2952000.000us,3360,5840
2953,2953000.000us,3360,5840
2954,2954000.000us,3440,5840
2955,2955000.000us,3360,5760
2956,2956000.000us,3360,5840
2957,2957000.000us,3440,5760
2958,2958000.000us,3440,5840
2959,2959000.000us,3280,5760
2960,2960000.000us,3440,5760
2961,2961000.000us,3440,5840
2962,2962000.000us,3440,5840
2963,2963000.000us,3360,5760
2964,2964000.000us,3360,5760
2965,2965000.000us,3360,5840
2966,2966000.000us,3360,6160
2967,2967000.000us,80,5760
2968,2968000.000us,160,6080
2969,2969000.000us,160,6160
2970,2970000.000us,160,6160
2971,2971000.000us,80,6080
2972,2972000.000us,80,6080
2973,2973000.000us,80,6080
2974,2974000.000us,160,6160
2975,2975000.000us,80,6080
2976,2976000.000us,80,6080
2977,2977000.000us,160,6080
2978,2978000.000us,240,6160
2979,2979000.000us,80,6080
2980,2980000.000us,240,6080
2981,2981000.000us,160,6080
2982,2982000.000us,240,6160
2983,2983000.000us,80,6080
2984,2984000.000us,160,6080
2985,2985000.000us,160,6080
2986,2986000.000us,240,6160
2987,2987000.000us,80,6080
2988,2988000.000us,240,6160
2989,2989000.000us,160,6080
2990,2990000.000us,160,6160
2991,2991000.000us,80,6080
2992,2992000.000us,160,6160
2993,2993000.000us,160,6160
2994,2994000.000us,160,6160
2995,2995000.000us,80,6080
2996,2996000.000us,160,6160
2997,2997000.000us,160,6080
2998,2998000.000us,160,6160
2999,2999000.000us,80,6080
3000,3000000.000us,160,6080
3001,3001000.000us,160,6080
3002,3002000.000us,240,6160
3003,3003000.000us,80,6080
3004,3004000.000us,160,6080
3005,3005000.000us,80,6080
3006,3006000.000us,160,6160
3007,3007000.000us,80,6080
3008,3008000.000us,160,6080
3009,3009000.000us,240,6160
3010,3010000.000us,240,6160
3011,3011000.000us,80,6080
3012,3012000.000us,160,6160
3013,3013000.000us,160,6080
3014,3014000.000us,160,6160
3015,3015000.000us,80,6080
3016,3016000.000us,160,6080
3017,3017000.000us,160,6160
3018,3018000.000us,160,6160
3019,3019000.000us,160,6000
3020,3020000.000us,160,6080
3021,3021000.000us,80,6080
3022,3022000.000us,240,6160
3023,3023000.000us,80,6080
3024,3024000.000us,160,6080
3025,3025000.000us,80,6160
3026,3026000.000us,160,6160
3027,3027000.000us,80,6080
3028,3028000.000us,160,6080
3029,3029000.000us,160,6080
3030,3030000.000us,160,6160
3031,3031000.000us,80,6000
3032,3032000.000us,160,6080
3033,3033000.000us,80,6080
3034,3034000.000us,240,6160
3035,3035000.000us,80,6000
3036,3036000.000us,160,6160
3037,3037000.000us,160,6160
3038,3038000.000us,160,6160
3039,3039000.000us,-80,-80
3040,3040000.000us,-80,-80
