Save Time: 2026-07-14 15:24:45,,,
Units:(mV),,,
,CH1,CH2,
Frequency:,2.845 Hz,?,
Period:,351.500 mS,?,
SP:,1000.000 uS,1000.000 uS,
PK-PK:,3.600 V,800.000 mV,
,,,
1,0,80,80
2,1000,160,80
3,2000,80,0
4,3000,160,0
5,4000,80,80
6,5000,80,80
7,6000,0,0
8,7000,80,0
9,8000,80,80
10,9000,160,80
11,10000,80,0
12,11000,80,80
13,12000,80,0
14,13000,80,80
15,14000,80,0
16,15000,80,0
17,16000,0,80
18,17000,80,160
19,18000,0,-560
20,19000,80,-480
21,20000,160,-480
22,21000,160,-480
23,22000,0,-560
24,23000,80,-480
25,24000,160,-480
26,25000,160,-480
27,26000,0,-560
28,27000,80,-560
29,28000,80,-480
30,29000,160,-480
31,30000,0,-560
32,31000,80,-560
33,32000,80,-480
34,33000,80,-480
35,34000,0,-560
36,35000,80,-560
37,36000,160,-560
38,37000,160,-400
39,38000,0,-560
40,39000,80,-480
41,40000,80,-560
42,41000,160,-480
43,42000,80,-560
44,43000,80,-480
45,44000,80,-480
46,45000,160,-480
47,46000,0,-560
48,47000,80,-480
49,48000,160,-480
50,49000,160,-480
51,50000,0,-560
52,51000,0,-480
53,52000,0,-560
54,53000,160,-480
55,54000,0,-560
56,55000,80,-560
57,56000,80,-560
58,57000,80,-480
59,58000,80,-560
60,59000,80,-560
61,60000,80,-480
62,61000,3440,-480
63,62000,80,-560
64,63000,3440,-560
65,64000,3440,-480
66,65000,3520,-400
67,66000,3360,-560
68,67000,3440,-400
69,68000,3440,-480
70,69000,3520,-400
71,70000,3360,-560
72,71000,3520,-560
73,72000,3520,-560
74,73000,3520,-480
75,74000,3360,-560
76,75000,3440,-560
77,76000,3440,-480
78,77000,3520,-480
79,78000,3360,-560
80,79000,3520,-480
81,80000,3520,-480
82,81000,3520,-400
83,82000,3360,-560
84,83000,3520,-560
85,84000,3440,-560
86,85000,3520,-400
87,86000,3440,-560
88,87000,3440,-560
89,88000,3360,-480
90,89000,3520,-480
91,90000,3360,-560
92,91000,3520,-480
93,92000,3520,-480
94,93000,3520,-400
95,94000,3440,-560
96,95000,3440,-480
97,96000,3360,-480
98,97000,3440,-400
99,98000,3360,-560
100,99000,3440,-480
101,100000,3440,-480
102,101000,3520,-400
103,102000,3360,-480
104,103000,3360,-480
105,104000,3520,-480
106,105000,3520,-400
107,106000,3440,-560
108,107000,3520,-480
109,108000,3440,-480
110,109000,3520,-400
111,110000,3440,-560
112,111000,3520,-560
113,112000,3520,-560
114,113000,3520,-480
115,114000,3440,-560
116,115000,3440,-480
117,116000,3440,-560
118,117000,3520,-480
119,118000,3360,-560
120,119000,3520,-560
121,120000,3440,-480
122,121000,3520,-480
123,122000,3440,-560
124,123000,3440,-560
125,124000,3520,-560
126,125000,3520,-400
127,126000,3440,-560
128,127000,3440,-560
129,128000,3520,-480
130,129000,3520,-480
131,130000,3440,-560
132,131000,3520,-480
133,132000,3440,-560
134,133000,3520,-480
135,134000,3440,-560
136,135000,3440,-480
137,136000,3440,-400
138,137000,3520,-400
139,138000,3440,-560
140,139000,3440,-560
141,140000,3440,-560
142,141000,3440,-400
143,142000,3360,-560
144,143000,3440,-560
145,144000,3440,-560
146,145000,3520,-480
147,146000,3360,-560
148,147000,3440,-480
149,148000,3440,-400
150,149000,3520,-400
151,150000,3440,-560
152,151000,3440,-480
153,152000,3440,-480
154,153000,3520,-400
155,154000,3360,-560
156,155000,3520,-560
157,156000,3440,-560
158,157000,3520,-400
159,158000,3360,-560
160,159000,3440,-480
161,160000,3440,-480
162,161000,3520,-400
163,162000,3440,-560
164,163000,3440,-560
165,164000,3440,-480
166,165000,3520,-480
167,166000,3360,-560
168,167000,3360,-480
169,168000,3440,-480
170,169000,3520,-480
171,170000,3360,-560
172,171000,3360,-560
173,172000,3440,-480
174,173000,3520,-400
175,174000,3440,-560
176,175000,3440,-480
177,176000,3440,-480
178,177000,3520,-480
179,178000,3360,-560
180,179000,3440,-480
181,180000,3440,-560
182,181000,3520,-480
183,182000,3440,-560
184,183000,3440,-480
185,184000,3440,-480
186,185000,3520,-400
187,186000,3440,-560
188,187000,3440,-480
189,188000,3440,-480
190,189000,3520,-480
191,190000,3360,-560
192,191000,3440,-560
193,192000,3440,-560
194,193000,3520,-480
195,194000,3360,-560
196,195000,3440,-560
197,196000,3440,-400
198,197000,3520,-400
199,198000,3440,-560
200,199000,3440,-560
201,200000,3440,-560
202,201000,3520,-400
203,202000,3360,-560
204,203000,3360,-400
205,204000,3520,-480
206,205000,3520,-400
207,206000,3360,-480
208,207000,3520,-480
209,208000,3440,-400
210,209000,3520,-400
211,210000,3440,-560
212,211000,3520,-560
213,212000,3440,-480
214,213000,3520,-480
215,214000,3360,-560
216,215000,3440,-480
217,216000,3440,-480
218,217000,3520,-400
219,218000,3440,-560
220,219000,3440,-560
221,220000,3440,-480
222,221000,3520,-480
223,222000,3440,-560
224,223000,3520,-560
225,224000,3360,-480
226,225000,3520,-480
227,226000,3360,-560
228,227000,3520,-480
229,228000,3440,-480
230,229000,3520,-400
231,230000,3360,-560
232,231000,3440,-480
233,232000,3360,-480
234,233000,3520,-480
235,234000,3360,-560
236,235000,3440,-480
237,236000,3520,-480
238,237000,3520,-400
239,238000,3440,-560
240,239000,3440,-400
241,240000,3520,-560
242,241000,3520,-480
243,242000,3360,-560
244,243000,3440,-560
245,244000,3440,-480
246,245000,3520,-480
247,246000,3440,-480
248,247000,3520,-480
249,248000,3520,-480
250,249000,3520,-400
251,250000,3440,-560
252,251000,3440,-480
253,252000,3520,-560
254,253000,3520,-400
255,254000,3440,-560
256,255000,3440,-480
257,256000,3440,-480
258,257000,3520,-480
259,258000,3440,-560
260,259000,3440,-560
261,260000,3440,-480
262,261000,3520,-480
263,262000,3440,-560
264,263000,3520,-560
265,264000,3520,-560
266,265000,3520,-480
267,266000,3440,-560
268,267000,3440,-480
269,268000,3440,-480
270,269000,3520,-400
271,270000,3360,-560
272,271000,3520,-480
273,272000,3440,-480
274,273000,3520,-400
275,274000,3440,-480
276,275000,3440,-480
277,276000,3440,-480
278,277000,3520,-400
279,278000,3440,-560
280,279000,3440,-400
281,280000,3440,-480
282,281000,3520,-400
283,282000,3360,-560
284,283000,3520,-560
285,284000,3520,-560
286,285000,3520,-400
287,286000,3440,-560
288,287000,3440,-560
289,288000,3360,-480
290,289000,3520,-480
291,290000,3360,-560
292,291000,3360,-480
293,292000,3440,-480
294,293000,3520,-400
295,294000,3440,-560
296,295000,3520,-480
297,296000,3520,-480
298,297000,3520,-400
299,298000,3440,-560
300,299000,3440,-480
301,300000,3440,-480
302,301000,3440,-480
303,302000,3360,-560
304,303000,3440,-480
305,304000,3440,-480
306,305000,3520,-400
307,306000,3440,-560
308,307000,3440,-560
309,308000,3440,-480
310,309000,3520,-480
311,310000,3440,-560
312,311000,3520,-560
313,312000,3440,-560
314,313000,3520,-480
315,314000,3440,-560
316,315000,3520,-560
317,316000,3440,-480
318,317000,3520,-400
319,318000,3440,-560
320,319000,3440,-480
321,320000,3440,-480
322,321000,3520,-400
323,322000,80,-560
324,323000,80,-480
325,324000,80,-480
326,325000,160,-400
327,326000,80,-560
328,327000,160,-480
329,328000,80,-560
330,329000,160,-480
331,330000,0,-560
332,331000,80,-480
333,332000,0,-480
334,333000,160,-400
335,334000,0,-560
336,335000,80,-560
337,336000,80,-480
338,337000,80,-480
339,338000,0,-560
340,339000,80,-480
341,340000,80,-560
342,341000,160,-480
343,342000,0,-560
344,343000,80,-560
345,344000,160,-480
346,345000,160,-480
347,346000,0,-560
348,347000,0,-560
349,348000,80,-480
350,349000,160,-480
351,350000,0,-560
352,351000,80,-480
353,352000,80,-560
354,353000,80,-480
355,354000,80,-560
356,355000,80,-480
357,356000,80,-480
358,357000,80,-400
359,358000,0,-560
360,359000,80,-480
361,360000,160,-400
362,361000,160,-400
363,362000,80,-560
364,363000,80,-560
365,364000,80,-480
366,365000,160,-400
367,366000,80,-560
368,367000,80,-480
369,368000,80,-480
370,369000,80,-480
371,370000,80,-560
372,371000,80,-560
373,372000,80,-560
374,373000,3440,-480
375,374000,80,-560
376,375000,3440,-480
377,376000,3440,-560
378,377000,3520,-400
379,378000,3360,-560
380,379000,3440,-480
381,380000,3440,-480
382,381000,3520,-480
383,382000,3360,-560
384,383000,3440,-560
385,384000,3440,-480
386,385000,3520,-480
387,386000,3360,-560
388,387000,3440,-480
389,388000,3440,-560
390,389000,3520,-480
391,390000,3360,-560
392,391000,3360,-480
393,392000,3520,-480
394,393000,3520,-480
395,394000,3440,-560
396,395000,3440,-560
397,396000,3440,-480
398,397000,3520,-480
399,398000,3440,-560
400,399000,3440,-480
401,400000,3440,-480
402,401000,3440,-320
403,402000,3360,-560
404,403000,3440,-480
405,404000,3440,-560
406,405000,3520,-400
407,406000,3360,-560
408,407000,3440,-480
409,408000,3440,-480
410,409000,3520,-480
411,410000,3360,-560
412,411000,3440,-480
413,412000,3520,-480
414,413000,3520,-400
415,414000,3360,-560
416,415000,3440,-400
417,416000,80,-480
418,417000,160,-480
419,418000,0,-560
420,419000,160,-560
421,420000,80,-560
422,421000,160,-480
423,422000,0,-560
424,423000,0,-560
425,424000,160,80
426,425000,160,80
427,426000,0,0
428,427000,80,0
429,428000,80,80
430,429000,80,80
431,430000,0,-80
432,431000,0,0
433,432000,80,80
434,433000,160,80
435,434000,0,0
436,435000,80,0
437,436000,80,80
438,437000,160,80
439,438000,80,-80
440,439000,80,-80
441,440000,80,80
442,441000,80,80
443,442000,0,-80
444,443000,80,-80
445,444000,80,0
446,445000,160,80
447,446000,0,0
448,447000,80,0
449,448000,80,0
450,449000,80,80
451,450000,80,0
452,451000,80,0
453,452000,160,80
454,453000,160,80
455,454000,0,0
456,455000,160,80
457,456000,80,0
458,457000,160,80
459,458000,0,0
460,459000,160,80
461,460000,80,80
462,461000,160,80
463,462000,0,0
464,463000,80,0
465,464000,80,0
466,465000,160,80
467,466000,80,0
468,467000,80,80
469,468000,80,0
470,469000,160,80
471,470000,0,0
472,471000,0,80
473,472000,80,0
474,473000,160,80
475,474000,0,0
476,475000,0,80
477,476000,80,0
478,477000,160,80
479,478000,0,-80
480,479000,160,0
481,480000,80,80
482,481000,160,80
483,482000,80,0
484,483000,80,0
485,484000,80,0
486,485000,160,80
487,486000,0,0
488,487000,0,80
489,488000,80,80
490,489000,160,80
491,490000,0,0
492,491000,80,80
493,492000,80,80
494,493000,80,80
495,494000,0,0
496,495000,80,0
497,496000,80,0
498,497000,160,80
499,498000,80,0
500,499000,80,80
501,500000,80,80
502,501000,80,80
503,502000,80,0
504,503000,80,80
505,504000,80,0
506,505000,80,80
507,506000,0,0
508,507000,80,0
509,508000,80,80
510,509000,160,80
511,510000,0,0
512,511000,80,0
513,512000,80,0
514,513000,80,80
515,514000,0,0
516,515000,80,80
517,516000,80,0
518,517000,160,80
519,518000,0,0
520,519000,80,80
521,520000,80,0
522,521000,160,80
523,522000,0,0
524,523000,80,80
525,524000,80,0
526,525000,160,80
527,526000,80,0
528,527000,80,80
529,528000,80,0
530,529000,160,80
531,530000,0,0
532,531000,80,0
533,532000,80,80
534,533000,160,80
535,534000,80,0
536,535000,80,0
537,536000,80,0
538,537000,80,80
539,538000,80,0
540,539000,80,80
541,540000,80,80
542,541000,80,80
543,542000,0,0
544,543000,80,0
545,544000,160,80
546,545000,160,80
547,546000,0,0
548,547000,80,0
549,548000,80,0
550,549000,80,80
551,550000,0,0
552,551000,80,0
553,552000,160,80
554,553000,160,80
555,554000,0,0
556,555000,160,0
557,556000,80,80
558,557000,240,80
559,558000,80,0
560,559000,160,0
561,560000,80,0
562,561000,80,80
563,562000,80,0
564,563000,80,80
565,564000,160,80
566,565000,160,80
567,566000,80,-80
568,567000,80,80
569,568000,80,0
570,569000,160,80
571,570000,0,-80
572,571000,160,0
573,572000,80,80
574,573000,80,80
575,574000,0,0
576,575000,80,80
577,576000,80,0
578,577000,160,80
579,578000,0,0
580,579000,80,80
581,580000,80,80
582,581000,160,80
583,582000,0,0
584,583000,160,0
585,584000,160,80
586,585000,160,80
587,586000,80,0
588,587000,80,80
589,588000,80,0
590,589000,160,80
591,590000,80,0
592,591000,160,80
593,592000,80,80
594,593000,160,80
595,594000,80,0
596,595000,80,0
597,596000,80,80
598,597000,80,160
599,598000,0,0
600,599000,0,0
601,600000,80,80
602,601000,80,80
603,602000,80,0
604,603000,80,0
605,604000,80,80
606,605000,80,80
607,606000,80,0
608,607000,80,80
609,608000,80,80
610,609000,160,80
611,610000,0,0
612,611000,80,80
613,612000,80,80
614,613000,160,80
615,614000,0,0
616,615000,160,80
617,616000,80,80
618,617000,160,160
619,618000,80,0
620,619000,80,0
621,620000,80,0
622,621000,160,80
623,622000,0,0
624,623000,80,0
625,624000,80,80
626,625000,160,80
627,626000,80,0
628,627000,160,0
629,628000,80,80
630,629000,80,80
631,630000,80,0
632,631000,80,80
633,632000,80,0
634,633000,80,80
635,634000,80,0
636,635000,80,80
637,636000,80,0
638,637000,80,80
639,638000,0,0
640,639000,80,0
641,640000,80,0
642,641000,80,80
643,642000,80,0
644,643000,80,80
645,644000,160,80
646,645000,160,80
647,646000,80,0
648,647000,80,0
649,648000,80,80
650,649000,80,80
651,650000,0,0
652,651000,80,0
653,652000,80,80
654,653000,160,80
655,654000,0,0
656,655000,80,80
657,656000,160,0
658,657000,160,80
659,658000,0,0
660,659000,80,0
661,660000,80,0
662,661000,80,80
663,662000,80,0
664,663000,80,0
665,664000,80,0
666,665000,80,80
667,666000,0,0
668,667000,80,80
669,668000,80,80
670,669000,80,80
671,670000,0,0
672,671000,80,0
673,672000,80,80
674,673000,80,80
675,674000,80,0
676,675000,80,80
677,676000,80,80
678,677000,80,80
679,678000,0,0
680,679000,80,0
681,680000,80,0
682,681000,160,80
683,682000,0,0
684,683000,80,80
685,684000,80,80
686,685000,160,80
687,686000,0,0
688,687000,160,0
689,688000,80,0
690,689000,80,80
691,690000,80,0
692,691000,80,0
693,692000,80,80
694,693000,160,80
695,694000,80,0
696,695000,80,80
697,696000,160,0
698,697000,160,80
699,698000,80,0
700,699000,80,0
701,700000,160,80
702,701000,160,80
703,702000,0,0
704,703000,160,80
705,704000,80,80
706,705000,160,80
707,706000,80,0
708,707000,80,80
709,708000,160,0
710,709000,160,80
711,710000,80,0
712,711000,80,0
713,712000,80,80
714,713000,160,80
715,714000,0,-80
716,715000,160,0
717,716000,0,80
718,717000,80,80
719,718000,0,0
720,719000,80,0
721,720000,160,80
722,721000,160,80
723,722000,80,-560
724,723000,160,-560
725,724000,0,-560
726,725000,160,-400
727,726000,0,-560
728,727000,160,-560
729,728000,80,-560
730,729000,80,-480
731,730000,80,-560
732,731000,80,-560
733,732000,80,-480
734,733000,160,-480
735,734000,0,-480
736,735000,80,-480
737,736000,80,-480
738,737000,160,-480
739,738000,0,-560
740,739000,160,-560
741,740000,80,-480
742,741000,80,-480
743,742000,0,-560
744,743000,0,-480
745,744000,80,-480
746,745000,80,-400
747,746000,80,-560
748,747000,80,-480
749,748000,80,-560
750,749000,160,-480
751,750000,0,-560
752,751000,0,-560
753,752000,0,-560
754,753000,80,-400
755,754000,0,-560
756,755000,80,-480
757,756000,80,-400
758,757000,80,-400
759,758000,80,-560
760,759000,80,-480
761,760000,80,-560
762,761000,160,-480
763,762000,80,-640
764,763000,160,-480
765,764000,80,-480
766,765000,3520,-480
767,766000,0,-560
768,767000,3520,-480
769,768000,3440,-480
770,769000,3520,-400
771,770000,3360,-560
772,771000,3360,-560
773,772000,3520,-400
774,773000,3520,-400
775,774000,3440,-560
776,775000,3440,-560
777,776000,3520,-560
778,777000,3520,-480
779,778000,3440,-560
780,779000,3440,-480
781,780000,3440,-480
782,781000,3520,-480
783,782000,3440,-560
784,783000,3440,-480
785,784000,3440,-480
786,785000,3520,-400
787,786000,3440,-560
788,787000,3440,-560
789,788000,3440,-560
790,789000,3520,-400
791,790000,3440,-560
792,791000,3520,-400
793,792000,3360,-480
794,793000,3520,-480
795,794000,3360,-560
796,795000,3440,-480
797,796000,3440,-560
798,797000,3520,-400
799,798000,3440,-560
800,799000,3440,-560
801,800000,3440,-480
802,801000,3520,-480
803,802000,3440,-560
804,803000,3440,-480
805,804000,3440,-480
806,805000,3520,-480
807,806000,3440,-560
808,807000,3440,-560
809,808000,3440,-480
810,809000,3520,-400
811,810000,3360,-560
812,811000,3520,-560
813,812000,3440,-480
814,813000,3520,-400
815,814000,3440,-560
816,815000,3440,-480
817,816000,3440,-480
818,817000,3440,-480
819,818000,3440,-560
820,819000,3440,-480
821,820000,3520,-480
822,821000,3520,-480
823,822000,3360,-560
824,823000,3520,-560
825,824000,3520,-480
826,825000,3520,-480
827,826000,3440,-560
828,827000,3440,-560
829,828000,3440,-480
830,829000,3520,-400
831,830000,3360,-560
832,831000,3440,-480
833,832000,3440,-480
834,833000,3520,-480
835,834000,3360,-560
836,835000,3360,-480
837,836000,3520,-480
838,837000,3520,-480
839,838000,3440,-560
840,839000,3520,-480
841,840000,3520,-480
842,841000,3520,-400
843,842000,3360,-560
844,843000,3520,-480
845,844000,3440,-480
846,845000,3520,-480
847,846000,3360,-560
848,847000,3440,-480
849,848000,3520,-400
850,849000,3520,-400
851,850000,3440,-560
852,851000,3440,-560
853,852000,3520,-400
854,853000,3600,-400
855,854000,3440,-560
856,855000,3440,-480
857,856000,3440,-480
858,857000,3520,-480
859,858000,3440,-560
860,859000,3440,-480
861,860000,3440,-480
862,861000,3520,-480
863,862000,3440,-560
864,863000,3520,-560
865,864000,3440,-480
866,865000,3520,-480
867,866000,3360,-560
868,867000,3440,-560
869,868000,3520,-480
870,869000,3520,-480
871,870000,3440,-480
872,871000,3520,-480
873,872000,3440,-560
874,873000,3520,-480
875,874000,3360,-560
876,875000,3520,-560
877,876000,3440,-480
878,877000,3520,-480
879,878000,3440,-560
880,879000,3440,-480
881,880000,3520,-480
882,881000,3520,-480
883,882000,3440,-560
884,883000,3440,-480
885,884000,3440,-560
886,885000,3520,-480
887,886000,3440,-560
888,887000,3520,-560
889,888000,3440,-480
890,889000,3440,-480
891,890000,3360,-560
892,891000,3360,-560
893,892000,3520,-560
894,893000,3520,-400
895,894000,3440,-560
896,895000,3440,-480
897,896000,3440,-480
898,897000,3520,-480
899,898000,3440,-560
900,899000,3440,-480
901,900000,3520,-480
902,901000,3520,-480
903,902000,3360,-560
904,903000,3520,-480
905,904000,3520,-480
906,905000,3520,-480
907,906000,3440,-560
908,907000,3440,-560
909,908000,3440,-480
910,909000,3520,-480
911,910000,3360,-560
912,911000,3440,-480
913,912000,3440,-480
914,913000,3520,-480
915,914000,3360,-560
916,915000,3520,-480
917,916000,3440,-560
918,917000,3520,-480
919,918000,3440,-560
920,919000,3440,-480
921,920000,3440,-480
922,921000,3520,-400
923,922000,3360,-560
924,923000,3360,-400
925,924000,3360,-480
926,925000,3520,-400
927,926000,3360,-560
928,927000,3520,-480
929,928000,3440,-480
930,929000,3520,-400
931,930000,3440,-560
932,931000,3440,-480
933,932000,3520,-480
934,933000,3520,-400
935,934000,3440,-560
936,935000,3440,-480
937,936000,3520,-560
938,937000,3520,-400
939,938000,3440,-560
940,939000,3440,-560
941,940000,3440,-560
942,941000,3520,-400
943,942000,3360,-560
944,943000,3440,-400
945,944000,3440,-560
946,945000,3520,-400
947,946000,3440,-560
948,947000,3440,-480
949,948000,3440,-480
950,949000,3520,-480
951,950000,3360,-560
952,951000,3440,-480
953,952000,3440,-560
954,953000,3520,-480
955,954000,3440,-560
956,955000,3440,-480
957,956000,3520,-480
958,957000,3520,-480
959,958000,3440,-560
960,959000,3440,-480
961,960000,3440,-560
962,961000,3520,-480
963,962000,3360,-560
964,963000,3440,-480
965,964000,3440,-480
966,965000,3520,-480
967,966000,3360,-560
968,967000,3440,-560
969,968000,3440,-400
970,969000,3520,-400
971,970000,3440,-560
972,971000,3440,-560
973,972000,3520,-560
974,973000,3520,-400
975,974000,3440,-560
976,975000,3440,-480
977,976000,3440,-400
978,977000,3520,-400
979,978000,3440,-560
980,979000,3440,-560
981,980000,3440,-480
982,981000,3520,-480
983,982000,3360,-560
984,983000,3520,-480
985,984000,3520,-480
986,985000,3520,-400
987,986000,3440,-560
988,987000,3440,-560
989,988000,3440,-480
990,989000,3520,-400
991,990000,3440,-560
992,991000,3440,-480
993,992000,3520,-480
994,993000,3520,-480
995,994000,3360,-560
996,995000,3360,-480
997,996000,3520,-480
998,997000,3520,-400
999,998000,3440,-560
1000,999000,3440,-480
1001,1000000,3440,-400
1002,1001000,3520,-400
1003,1002000,3440,-480
1004,1003000,3440,-480
1005,1004000,3440,-400
1006,1005000,3440,-400
1007,1006000,3440,-560
1008,1007000,3440,-480
1009,1008000,3520,-560
1010,1009000,3520,-400
1011,1010000,3440,-560
1012,1011000,3440,-480
1013,1012000,3440,-480
1014,1013000,3520,-400
1015,1014000,3440,-560
1016,1015000,3520,-480
1017,1016000,3360,-400
1018,1017000,3520,-400
1019,1018000,3360,-560
1020,1019000,3440,-480
1021,1020000,3440,-560
1022,1021000,3520,-480
1023,1022000,3440,-560
1024,1023000,3440,-480
1025,1024000,3440,-480
1026,1025000,3440,-400
1027,1026000,0,-560
1028,1027000,80,-560
1029,1028000,80,-480
1030,1029000,160,-480
1031,1030000,80,-560
1032,1031000,80,-560
1033,1032000,80,-560
1034,1033000,160,-400
1035,1034000,0,-560
1036,1035000,160,-560
1037,1036000,80,-480
1038,1037000,80,-480
1039,1038000,80,-560
1040,1039000,80,-480
1041,1040000,80,-480
1042,1041000,80,-400
1043,1042000,0,-560
1044,1043000,80,-480
1045,1044000,80,-480
1046,1045000,80,-400
1047,1046000,0,-560
1048,1047000,80,-480
1049,1048000,80,-560
1050,1049000,160,-480
1051,1050000,0,-560
1052,1051000,80,-480
1053,1052000,80,-480
1054,1053000,80,-480
1055,1054000,80,-560
1056,1055000,80,-560
1057,1056000,80,-480
1058,1057000,160,-480
1059,1058000,0,-560
1060,1059000,80,-480
1061,1060000,80,-480
1062,1061000,160,-400
1063,1062000,80,-560
1064,1063000,80,-560
1065,1064000,80,-560
1066,1065000,160,-480
1067,1066000,0,-560
1068,1067000,80,-560
1069,1068000,160,-560
1070,1069000,160,-480
1071,1070000,0,-560
1072,1071000,0,-480
1073,1072000,80,-480
1074,1073000,80,-400
1075,1074000,80,-560
1076,1075000,80,-560
1077,1076000,80,-480
1078,1077000,3520,-480
1079,1078000,80,-560
1080,1079000,3440,-560
1081,1080000,3360,-560
1082,1081000,3520,-480
1083,1082000,3360,-560
1084,1083000,3520,-480
1085,1084000,3520,-480
1086,1085000,3520,-400
1087,1086000,3360,-560
1088,1087000,3440,-480
1089,1088000,3520,-480
1090,1089000,3520,-480
1091,1090000,3440,-560
1092,1091000,3440,-480
1093,1092000,3440,-560
1094,1093000,3520,-400
1095,1094000,3360,-560
1096,1095000,3440,-480
1097,1096000,3440,-480
1098,1097000,3520,-480
1099,1098000,3440,-560
1100,1099000,3520,-480
1101,1100000,3440,-560
1102,1101000,3520,-480
1103,1102000,3360,-560
1104,1103000,3440,-480
1105,1104000,3440,-480
1106,1105000,3520,-400
1107,1106000,3440,-480
1108,1107000,3520,-480
1109,1108000,3520,-480
1110,1109000,3520,-480
1111,1110000,3360,-560
1112,1111000,3440,-480
1113,1112000,3440,-560
1114,1113000,3520,-480
1115,1114000,3440,-560
1116,1115000,3520,-560
1117,1116000,3440,-560
1118,1117000,3520,-480
1119,1118000,80,-560
1120,1119000,80,-560
1121,1120000,80,-480
1122,1121000,160,-480
1123,1122000,80,-560
1124,1123000,80,-480
1125,1124000,160,-480
1126,1125000,160,0
1127,1126000,0,-560
1128,1127000,80,0
1129,1128000,80,80
1130,1129000,80,80
1131,1130000,0,0
1132,1131000,0,80
1133,1132000,80,80
1134,1133000,80,80
1135,1134000,80,0
1136,1135000,80,0
1137,1136000,80,80
1138,1137000,160,80
1139,1138000,80,0
1140,1139000,160,80
1141,1140000,80,0
1142,1141000,160,80
1143,1142000,80,0
1144,1143000,80,0
1145,1144000,80,80
1146,1145000,160,80
1147,1146000,0,0
1148,1147000,80,80
1149,1148000,80,80
1150,1149000,160,80
1151,1150000,0,0
1152,1151000,80,0
1153,1152000,80,0
1154,1153000,160,160
1155,1154000,80,0
1156,1155000,80,0
1157,1156000,80,80
1158,1157000,160,80
1159,1158000,0,0
1160,1159000,80,80
1161,1160000,80,0
1162,1161000,160,80
1163,1162000,80,0
1164,1163000,80,0
1165,1164000,80,0
1166,1165000,160,80
1167,1166000,80,0
1168,1167000,80,80
1169,1168000,0,0
1170,1169000,80,80
1171,1170000,0,-80
1172,1171000,0,0
1173,1172000,80,80
1174,1173000,80,80
1175,1174000,0,0
1176,1175000,0,80
1177,1176000,80,0
1178,1177000,80,80
1179,1178000,80,0
1180,1179000,80,0
1181,1180000,80,80
1182,1181000,160,80
1183,1182000,80,0
1184,1183000,80,80
1185,1184000,80,80
1186,1185000,80,80
1187,1186000,80,0
1188,1187000,80,80
1189,1188000,80,0
1190,1189000,160,80
1191,1190000,0,-80
1192,1191000,80,80
1193,1192000,80,0
1194,1193000,240,80
1195,1194000,80,0
1196,1195000,80,0
1197,1196000,80,0
1198,1197000,80,80
1199,1198000,0,0
1200,1199000,80,80
1201,1200000,80,-80
1202,1201000,160,80
1203,1202000,0,-80
1204,1203000,80,80
1205,1204000,0,0
1206,1205000,160,80
1207,1206000,0,0
1208,1207000,0,80
1209,1208000,0,0
1210,1209000,160,80
1211,1210000,0,0
1212,1211000,80,0
1213,1212000,80,0
1214,1213000,160,80
1215,1214000,80,0
1216,1215000,80,0
1217,1216000,80,80
1218,1217000,80,80
1219,1218000,80,0
1220,1219000,80,80
1221,1220000,80,0
1222,1221000,160,80
1223,1222000,80,0
1224,1223000,80,0
1225,1224000,80,80
1226,1225000,80,80
1227,1226000,80,0
1228,1227000,80,0
1229,1228000,80,0
1230,1229000,160,80
1231,1230000,0,0
1232,1231000,80,80
1233,1232000,80,80
1234,1233000,160,80
1235,1234000,0,0
1236,1235000,160,0
1237,1236000,80,0
1238,1237000,80,160
1239,1238000,0,0
1240,1239000,80,160
1241,1240000,80,0
1242,1241000,160,80
1243,1242000,80,-80
1244,1243000,80,80
1245,1244000,80,0
1246,1245000,80,80
1247,1246000,80,0
1248,1247000,80,80
1249,1248000,80,0
1250,1249000,80,80
1251,1250000,0,0
1252,1251000,0,80
1253,1252000,80,0
1254,1253000,80,80
1255,1254000,0,0
1256,1255000,80,0
1257,1256000,80,0
1258,1257000,160,80
1259,1258000,80,0
1260,1259000,80,80
1261,1260000,80,0
1262,1261000,160,80
1263,1262000,80,0
1264,1263000,160,0
1265,1264000,80,80
1266,1265000,160,80
1267,1266000,80,0
1268,1267000,80,80
1269,1268000,80,160
1270,1269000,160,160
1271,1270000,80,0
1272,1271000,80,0
1273,1272000,80,0
1274,1273000,80,80
1275,1274000,80,0
1276,1275000,80,0
1277,1276000,0,80
1278,1277000,80,80
1279,1278000,0,0
1280,1279000,80,80
1281,1280000,160,0
1282,1281000,160,80
1283,1282000,80,0
1284,1283000,80,80
1285,1284000,160,80
1286,1285000,160,80
1287,1286000,80,-80
1288,1287000,80,-80
1289,1288000,80,80
1290,1289000,160,80
1291,1290000,0,0
1292,1291000,80,0
1293,1292000,80,0
1294,1293000,160,80
1295,1294000,80,0
1296,1295000,80,80
1297,1296000,80,80
1298,1297000,160,80
1299,1298000,0,-80
1300,1299000,160,0
1301,1300000,160,0
1302,1301000,160,80
1303,1302000,80,0
1304,1303000,80,0
1305,1304000,80,80
1306,1305000,160,80
1307,1306000,0,0
1308,1307000,80,0
1309,1308000,80,80
1310,1309000,160,80
1311,1310000,0,0
1312,1311000,80,0
1313,1312000,80,0
1314,1313000,80,80
1315,1314000,80,0
1316,1315000,80,0
1317,1316000,80,0
1318,1317000,160,80
1319,1318000,0,0
1320,1319000,80,80
1321,1320000,80,0
1322,1321000,80,80
1323,1322000,0,0
1324,1323000,80,80
1325,1324000,80,80
1326,1325000,80,160
1327,1326000,80,0
1328,1327000,80,0
1329,1328000,80,80
1330,1329000,160,80
1331,1330000,80,0
1332,1331000,80,0
1333,1332000,80,0
1334,1333000,160,80
1335,1334000,80,-80
1336,1335000,80,0
1337,1336000,80,0
1338,1337000,160,80
1339,1338000,80,0
1340,1339000,80,80
1341,1340000,80,80
1342,1341000,160,80
1343,1342000,0,0
1344,1343000,160,0
1345,1344000,80,80
1346,1345000,160,80
1347,1346000,0,0
1348,1347000,80,80
1349,1348000,80,0
1350,1349000,80,80
1351,1350000,0,0
1352,1351000,0,80
1353,1352000,80,0
1354,1353000,80,80
1355,1354000,0,0
1356,1355000,80,0
1357,1356000,80,80
1358,1357000,160,80
1359,1358000,0,0
1360,1359000,80,80
1361,1360000,0,0
1362,1361000,160,80
1363,1362000,0,0
1364,1363000,80,80
1365,1364000,80,80
1366,1365000,160,80
1367,1366000,80,0
1368,1367000,80,80
1369,1368000,80,0
1370,1369000,160,80
1371,1370000,80,0
1372,1371000,160,80
1373,1372000,80,80
1374,1373000,160,80
1375,1374000,0,0
1376,1375000,80,0
1377,1376000,160,0
1378,1377000,160,80
1379,1378000,0,-80
1380,1379000,80,-80
1381,1380000,80,0
1382,1381000,160,80
1383,1382000,0,0
1384,1383000,160,80
1385,1384000,80,80
1386,1385000,80,80
1387,1386000,80,0
1388,1387000,80,0
1389,1388000,80,0
1390,1389000,80,80
1391,1390000,0,0
1392,1391000,80,80
1393,1392000,80,0
1394,1393000,80,80
1395,1394000,0,0
1396,1395000,80,0
1397,1396000,160,0
1398,1397000,160,80
1399,1398000,0,0
1400,1399000,80,0
1401,1400000,80,0
1402,1401000,80,80
1403,1402000,80,0
1404,1403000,80,0
1405,1404000,0,0
1406,1405000,160,80
1407,1406000,0,0
1408,1407000,80,80
1409,1408000,80,80
1410,1409000,160,80
1411,1410000,80,0
1412,1411000,80,0
1413,1412000,0,80
1414,1413000,160,80
1415,1414000,0,0
1416,1415000,80,0
1417,1416000,80,80
1418,1417000,80,80
1419,1418000,0,0
1420,1419000,80,0
1421,1420000,160,80
1422,1421000,160,80
1423,1422000,0,0
1424,1423000,80,0
1425,1424000,80,80
1426,1425000,80,80
1427,1426000,80,-560
1428,1427000,80,-480
1429,1428000,80,-480
1430,1429000,160,-480
1431,1430000,80,-560
1432,1431000,80,-560
1433,1432000,80,-560
1434,1433000,80,-400
1435,1434000,0,-560
1436,1435000,80,-480
1437,1436000,80,-480
1438,1437000,80,-400
1439,1438000,0,-560
1440,1439000,80,-560
1441,1440000,80,-480
1442,1441000,160,-400
1443,1442000,0,-560
1444,1443000,80,-400
1445,1444000,80,-480
1446,1445000,80,-480
1447,1446000,80,-560
1448,1447000,80,-480
1449,1448000,80,-480
1450,1449000,160,-400
1451,1450000,80,-560
1452,1451000,80,-480
1453,1452000,80,-560
1454,1453000,80,-400
1455,1454000,0,-560
1456,1455000,0,-560
1457,1456000,80,-560
1458,1457000,80,-480
1459,1458000,80,-560
1460,1459000,80,-480
1461,1460000,80,-560
1462,1461000,160,-480
1463,1462000,80,-560
1464,1463000,160,-480
1465,1464000,80,-480
1466,1465000,160,-480
1467,1466000,80,-560
1468,1467000,80,-480
1469,1468000,80,-480
1470,1469000,3520,-400
1471,1470000,80,-560
1472,1471000,3440,-560
1473,1472000,3360,-480
1474,1473000,3520,-480
1475,1474000,3360,-560
1476,1475000,3520,-480
1477,1476000,3440,-480
1478,1477000,3520,-480
1479,1478000,3360,-560
1480,1479000,3520,-560
1481,1480000,3440,-400
1482,1481000,3520,-400
1483,1482000,3440,-560
1484,1483000,3520,-480
1485,1484000,3440,-480
1486,1485000,3520,-400
1487,1486000,3440,-560
1488,1487000,3440,-480
1489,1488000,3440,-560
1490,1489000,3520,-480
1491,1490000,3440,-560
1492,1491000,3440,-480
1493,1492000,3440,-480
1494,1493000,3520,-320
1495,1494000,3440,-560
1496,1495000,3440,-480
1497,1496000,3520,-480
1498,1497000,3520,-400
1499,1498000,3360,-560
1500,1499000,3520,-480
1501,1500000,3440,-560
1502,1501000,3520,-400
1503,1502000,3360,-560
1504,1503000,3440,-560
1505,1504000,3440,-480
1506,1505000,3520,-480
1507,1506000,3360,-560
1508,1507000,3520,-560
1509,1508000,3520,-560
1510,1509000,3520,-400
1511,1510000,3440,-560
1512,1511000,3440,-480
1513,1512000,3440,-480
1514,1513000,3520,-480
1515,1514000,3360,-560
1516,1515000,3440,-480
1517,1516000,3440,-480
1518,1517000,3520,-480
1519,1518000,3360,-560
1520,1519000,3360,-480
1521,1520000,3440,-560
1522,1521000,3520,-480
1523,1522000,3440,-560
1524,1523000,3520,-480
1525,1524000,3440,-480
1526,1525000,3520,-480
1527,1526000,3440,-480
1528,1527000,3440,-480
1529,1528000,3520,-480
1530,1529000,3520,-400
1531,1530000,3360,-560
1532,1531000,3360,-480
1533,1532000,3440,-480
1534,1533000,3520,-480
1535,1534000,3440,-560
1536,1535000,3440,-480
1537,1536000,3520,-480
1538,1537000,3520,-400
1539,1538000,3360,-560
1540,1539000,3440,-560
1541,1540000,3440,-480
1542,1541000,3520,-480
1543,1542000,3360,-560
1544,1543000,3440,-560
1545,1544000,3520,-480
1546,1545000,3520,-480
1547,1546000,3440,-560
1548,1547000,3440,-480
1549,1548000,3440,-480
1550,1549000,3520,-400
1551,1550000,3360,-560
1552,1551000,3440,-400
1553,1552000,3520,-560
1554,1553000,3520,-400
1555,1554000,3360,-560
1556,1555000,3440,-480
1557,1556000,3440,-480
1558,1557000,3520,-400
1559,1558000,3440,-560
1560,1559000,3440,-480
1561,1560000,3440,-480
1562,1561000,3520,-400
1563,1562000,3360,-560
1564,1563000,3360,-480
1565,1564000,3440,-480
1566,1565000,3520,-400
1567,1566000,3440,-560
1568,1567000,3440,-480
1569,1568000,3440,-560
1570,1569000,3520,-480
1571,1570000,3360,-560
1572,1571000,3440,-480
1573,1572000,3440,-400
1574,1573000,3520,-400
1575,1574000,3440,-560
1576,1575000,3520,-480
1577,1576000,3440,-560
1578,1577000,3520,-400
1579,1578000,3360,-560
1580,1579000,3520,-560
1581,1580000,3520,-480
1582,1581000,3520,-400
1583,1582000,3440,-560
1584,1583000,3440,-480
1585,1584000,3440,-480
1586,1585000,3520,-480
1587,1586000,3440,-560
1588,1587000,3440,-480
1589,1588000,3520,-560
1590,1589000,3520,-480
1591,1590000,3440,-560
1592,1591000,3440,-480
1593,1592000,3360,-480
1594,1593000,3520,-400
1595,1594000,3360,-560
1596,1595000,3440,-480
1597,1596000,3520,-400
1598,1597000,3520,-400
1599,1598000,3440,-480
1600,1599000,3440,-480
1601,1600000,3440,-560
1602,1601000,3520,-400
1603,1602000,3360,-560
1604,1603000,3440,-480
1605,1604000,3520,-480
1606,1605000,3520,-480
1607,1606000,3440,-560
1608,1607000,3440,-480
1609,1608000,3440,-480
1610,1609000,3520,-480
1611,1610000,3360,-560
1612,1611000,3520,-480
1613,1612000,3440,-480
1614,1613000,3520,-480
1615,1614000,3360,-560
1616,1615000,3360,-480
1617,1616000,3440,-480
1618,1617000,3520,-480
1619,1618000,3440,-560
1620,1619000,3440,-560
1621,1620000,3440,-480
1622,1621000,3520,-480
1623,1622000,3440,-560
1624,1623000,3520,-480
1625,1624000,3440,-560
1626,1625000,3520,-480
1627,1626000,3360,-560
1628,1627000,3520,-480
1629,1628000,3520,-480
1630,1629000,3520,-480
1631,1630000,3440,-560
1632,1631000,3440,-480
1633,1632000,3440,-480
1634,1633000,3520,-480
1635,1634000,3360,-560
1636,1635000,3360,-480
1637,1636000,3520,-480
1638,1637000,3520,-480
1639,1638000,3360,-560
1640,1639000,3520,-480
1641,1640000,3440,-480
1642,1641000,3520,-480
1643,1642000,3440,-560
1644,1643000,3520,-480
1645,1644000,3520,-480
1646,1645000,3520,-480
1647,1646000,3440,-560
1648,1647000,3440,-480
1649,1648000,3440,-480
1650,1649000,3520,-480
1651,1650000,3440,-480
1652,1651000,3440,-480
1653,1652000,3440,-560
1654,1653000,3520,-480
1655,1654000,3440,-560
1656,1655000,3440,-560
1657,1656000,3440,-560
1658,1657000,3520,-480
1659,1658000,3360,-560
1660,1659000,3520,-480
1661,1660000,3440,-480
1662,1661000,3520,-480
1663,1662000,3440,-560
1664,1663000,3440,-560
1665,1664000,3520,-560
1666,1665000,3520,-480
1667,1666000,3360,-560
1668,1667000,3440,-480
1669,1668000,3440,-480
1670,1669000,3520,-480
1671,1670000,3440,-560
1672,1671000,3520,-560
1673,1672000,3520,-560
1674,1673000,3520,-400
1675,1674000,3440,-560
1676,1675000,3440,-560
1677,1676000,3520,-560
1678,1677000,3520,-400
1679,1678000,3440,-560
1680,1679000,3520,-560
1681,1680000,3440,-560
1682,1681000,3520,-480
1683,1682000,3440,-560
1684,1683000,3520,-560
1685,1684000,3440,-480
1686,1685000,3520,-400
1687,1686000,3440,-560
1688,1687000,3440,-480
1689,1688000,3440,-560
1690,1689000,3520,-480
1691,1690000,3440,-560
1692,1691000,3520,-480
1693,1692000,3520,-400
1694,1693000,3520,-400
1695,1694000,3360,-560
1696,1695000,3440,-480
1697,1696000,3360,-480
1698,1697000,3520,-400
1699,1698000,3360,-560
1700,1699000,3520,-480
1701,1700000,3520,-560
1702,1701000,3520,-480
1703,1702000,3360,-560
1704,1703000,3440,-480
1705,1704000,3440,-560
1706,1705000,3520,-480
1707,1706000,3440,-560
1708,1707000,3520,-560
1709,1708000,3360,-560
1710,1709000,3520,-480
1711,1710000,3360,-560
1712,1711000,3440,-480
1713,1712000,3520,-480
1714,1713000,3520,-400
1715,1714000,3440,-560
1716,1715000,3440,-560
1717,1716000,3440,-560
1718,1717000,3520,-400
1719,1718000,3440,-560
1720,1719000,3520,-560
1721,1720000,3440,-480
1722,1721000,3520,-480
1723,1722000,3360,-560
1724,1723000,3440,-480
1725,1724000,3440,-480
1726,1725000,3520,-480
1727,1726000,3440,-560
1728,1727000,3520,-480
1729,1728000,80,-480
1730,1729000,80,-400
1731,1730000,0,-560
1732,1731000,80,-480
1733,1732000,80,-560
1734,1733000,80,-400
1735,1734000,0,-560
1736,1735000,80,-480
1737,1736000,80,-480
1738,1737000,160,-480
1739,1738000,80,-560
1740,1739000,80,-560
1741,1740000,80,-480
1742,1741000,160,-400
1743,1742000,80,-560
1744,1743000,160,-480
1745,1744000,80,-560
1746,1745000,160,-480
1747,1746000,80,-560
1748,1747000,160,-480
1749,1748000,80,-480
1750,1749000,160,-400
1751,1750000,80,-560
1752,1751000,80,-480
1753,1752000,80,-560
1754,1753000,160,-400
1755,1754000,0,-560
1756,1755000,160,-480
1757,1756000,80,-480
1758,1757000,160,-480
1759,1758000,0,-560
1760,1759000,80,-560
1761,1760000,80,-480
1762,1761000,160,-400
1763,1762000,0,-560
1764,1763000,0,-400
1765,1764000,80,-480
1766,1765000,160,-400
1767,1766000,80,-560
1768,1767000,80,-480
1769,1768000,80,-480
1770,1769000,160,-480
1771,1770000,0,-560
1772,1771000,80,-480
1773,1772000,80,-400
1774,1773000,160,-400
1775,1774000,0,-480
1776,1775000,80,-480
1777,1776000,80,-480
1778,1777000,160,-400
1779,1778000,80,-560
1780,1779000,80,-400
1781,1780000,80,-560
1782,1781000,3520,-480
1783,1782000,80,-560
1784,1783000,3440,-480
1785,1784000,3440,-480
1786,1785000,3520,-480
1787,1786000,3440,-560
1788,1787000,3440,-480
1789,1788000,3440,-400
1790,1789000,3520,-400
1791,1790000,3440,-560
1792,1791000,3440,-560
1793,1792000,3360,-480
1794,1793000,3520,-480
1795,1794000,3360,-560
1796,1795000,3440,-480
1797,1796000,3520,-480
1798,1797000,3520,-480
1799,1798000,3440,-560
1800,1799000,3520,-480
1801,1800000,3440,-480
1802,1801000,3440,-480
1803,1802000,3360,-560
1804,1803000,3440,-480
1805,1804000,3440,-480
1806,1805000,3520,-400
1807,1806000,3440,-560
1808,1807000,3440,-480
1809,1808000,3440,-560
1810,1809000,3520,-480
1811,1810000,3440,-560
1812,1811000,3520,-480
1813,1812000,3440,-480
1814,1813000,3520,-480
1815,1814000,3360,-560
1816,1815000,3440,-560
1817,1816000,3440,-480
1818,1817000,3520,-480
1819,1818000,3440,-560
1820,1819000,3440,-480
1821,1820000,3440,-480
1822,1821000,3520,-480
1823,1822000,80,-560
1824,1823000,80,-480
1825,1824000,160,-480
1826,1825000,160,-480
1827,1826000,80,-560
1828,1827000,80,-480
1829,1828000,80,-480
1830,1829000,80,80
1831,1830000,0,-560
1832,1831000,80,0
1833,1832000,80,80
1834,1833000,80,80
1835,1834000,0,0
1836,1835000,80,80
1837,1836000,80,0
1838,1837000,80,80
1839,1838000,0,-80
1840,1839000,80,80
1841,1840000,160,0
1842,1841000,160,80
1843,1842000,0,0
1844,1843000,0,80
1845,1844000,80,80
1846,1845000,80,80
1847,1846000,80,0
1848,1847000,80,0
1849,1848000,80,0
1850,1849000,80,80
1851,1850000,80,0
1852,1851000,80,80
1853,1852000,80,80
1854,1853000,160,80
1855,1854000,80,0
1856,1855000,80,80
1857,1856000,80,0
1858,1857000,160,80
1859,1858000,80,0
1860,1859000,160,80
1861,1860000,80,0
1862,1861000,160,80
1863,1862000,0,0
1864,1863000,160,0
1865,1864000,80,80
1866,1865000,160,80
1867,1866000,80,0
1868,1867000,80,80
1869,1868000,80,0
1870,1869000,160,80
1871,1870000,0,0
1872,1871000,80,80
1873,1872000,80,80
1874,1873000,80,80
1875,1874000,80,0
1876,1875000,80,80
1877,1876000,80,80
1878,1877000,80,80
1879,1878000,80,0
1880,1879000,80,80
1881,1880000,80,0
1882,1881000,80,80
1883,1882000,0,0
1884,1883000,80,0
1885,1884000,80,80
1886,1885000,160,80
1887,1886000,0,0
1888,1887000,80,0
1889,1888000,80,80
1890,1889000,160,80
1891,1890000,80,0
1892,1891000,160,80
1893,1892000,80,0
1894,1893000,80,80
1895,1894000,0,0
1896,1895000,80,0
1897,1896000,80,0
1898,1897000,80,80
1899,1898000,0,0
1900,1899000,80,80
1901,1900000,160,80
1902,1901000,160,80
1903,1902000,0,0
1904,1903000,80,0
1905,1904000,0,0
1906,1905000,80,80
1907,1906000,0,-80
1908,1907000,80,80
1909,1908000,80,0
1910,1909000,160,80
1911,1910000,80,0
1912,1911000,80,0
1913,1912000,160,0
1914,1913000,160,80
1915,1914000,0,0
1916,1915000,80,0
1917,1916000,80,80
1918,1917000,160,80
1919,1918000,0,-80
1920,1919000,80,0
1921,1920000,160,80
1922,1921000,160,80
1923,1922000,0,0
1924,1923000,80,0
1925,1924000,80,0
1926,1925000,160,80
1927,1926000,0,0
1928,1927000,80,0
1929,1928000,0,80
1930,1929000,80,80
1931,1930000,0,0
1932,1931000,80,80
1933,1932000,0,80
1934,1933000,80,80
1935,1934000,0,-80
1936,1935000,80,0
1937,1936000,80,80
1938,1937000,80,80
1939,1938000,0,0
1940,1939000,80,80
1941,1940000,80,0
1942,1941000,160,80
1943,1942000,0,0
1944,1943000,80,0
1945,1944000,80,0
1946,1945000,80,80
1947,1946000,80,0
1948,1947000,80,0
1949,1948000,80,80
1950,1949000,160,80
1951,1950000,80,0
1952,1951000,80,0
1953,1952000,80,0
1954,1953000,160,80
1955,1954000,80,0
1956,1955000,80,0
1957,1956000,80,0
1958,1957000,160,80
1959,1958000,80,0
1960,1959000,80,0
1961,1960000,80,0
1962,1961000,160,80
1963,1962000,0,0
1964,1963000,160,0
1965,1964000,80,80
1966,1965000,160,80
1967,1966000,0,0
1968,1967000,80,80
1969,1968000,80,0
1970,1969000,80,80
1971,1970000,0,0
1972,1971000,80,0
1973,1972000,80,80
1974,1973000,80,80
1975,1974000,80,0
1976,1975000,80,0
1977,1976000,80,-80
1978,1977000,160,80
1979,1978000,0,-80
1980,1979000,80,0
1981,1980000,80,80
1982,1981000,80,80
1983,1982000,0,0
1984,1983000,80,80
1985,1984000,80,0
1986,1985000,80,80
1987,1986000,80,0
1988,1987000,80,80
1989,1988000,80,80
1990,1989000,160,80
1991,1990000,80,0
1992,1991000,160,80
1993,1992000,80,0
1994,1993000,160,80
1995,1994000,0,0
1996,1995000,160,80
1997,1996000,160,80
1998,1997000,160,80
1999,1998000,0,0
2000,1999000,80,0
2001,2000000,80,80
2002,2001000,160,80
2003,2002000,80,0
2004,2003000,80,0
2005,2004000,80,0
2006,2005000,80,80
2007,2006000,0,0
2008,2007000,80,80
2009,2008000,80,80
2010,2009000,80,80
2011,2010000,0,0
2012,2011000,80,0
2013,2012000,160,0
2014,2013000,160,80
2015,2014000,80,-80
2016,2015000,80,0
2017,2016000,80,80
2018,2017000,160,80
2019,2018000,0,0
2020,2019000,80,0
2021,2020000,80,0
2022,2021000,160,160
2023,2022000,80,0
2024,2023000,80,80
2025,2024000,80,80
2026,2025000,80,80
2027,2026000,80,0
2028,2027000,80,80
2029,2028000,80,80
2030,2029000,80,80
2031,2030000,0,0
2032,2031000,80,80
2033,2032000,160,80
2034,2033000,160,80
2035,2034000,80,0
2036,2035000,160,80
2037,2036000,80,0
2038,2037000,160,80
2039,2038000,0,0
2040,2039000,80,0
2041,2040000,80,0
2042,2041000,160,80
2043,2042000,0,0
2044,2043000,80,0
2045,2044000,0,0
2046,2045000,160,80
2047,2046000,0,0
2048,2047000,80,0
2049,2048000,80,0
2050,2049000,160,80
2051,2050000,80,0
2052,2051000,80,0
2053,2052000,80,80
2054,2053000,160,80
2055,2054000,0,-80
2056,2055000,0,0
2057,2056000,80,80
2058,2057000,160,80
2059,2058000,80,0
2060,2059000,80,80
2061,2060000,80,80
2062,2061000,160,80
2063,2062000,80,0
2064,2063000,80,0
2065,2064000,80,80
2066,2065000,160,80
2067,2066000,80,0
2068,2067000,80,80
2069,2068000,0,0
2070,2069000,80,80
2071,2070000,0,0
2072,2071000,80,80
2073,2072000,80,0
2074,2073000,160,80
2075,2074000,80,0
2076,2075000,160,0
2077,2076000,80,80
2078,2077000,80,80
2079,2078000,80,0
2080,2079000,80,0
2081,2080000,0,0
2082,2081000,160,80
2083,2082000,0,0
2084,2083000,80,80
2085,2084000,80,0
2086,2085000,80,80
2087,2086000,0,0
2088,2087000,80,0
2089,2088000,160,0
2090,2089000,160,80
2091,2090000,0,0
2092,2091000,80,80
2093,2092000,80,80
2094,2093000,80,80
2095,2094000,80,0
2096,2095000,80,0
2097,2096000,80,0
2098,2097000,160,80
2099,2098000,0,0
2100,2099000,80,0
2101,2100000,80,80
2102,2101000,80,80
2103,2102000,0,0
2104,2103000,80,80
2105,2104000,80,0
2106,2105000,80,80
2107,2106000,0,0
2108,2107000,0,80
2109,2108000,80,0
2110,2109000,160,80
2111,2110000,80,0
2112,2111000,80,80
2113,2112000,80,0
2114,2113000,80,80
2115,2114000,80,0
2116,2115000,80,0
2117,2116000,160,0
2118,2117000,160,80
2119,2118000,80,0
2120,2119000,80,80
2121,2120000,0,0
2122,2121000,80,80
2123,2122000,0,0
2124,2123000,80,0
2125,2124000,160,80
2126,2125000,160,80
2127,2126000,80,0
2128,2127000,80,0
2129,2128000,80,-480
2130,2129000,80,-400
2131,2130000,80,-560
2132,2131000,80,-560
2133,2132000,80,-480
2134,2133000,80,-480
2135,2134000,0,-560
2136,2135000,0,-480
2137,2136000,0,-480
2138,2137000,80,-480
2139,2138000,0,-560
2140,2139000,80,-560
2141,2140000,80,-480
2142,2141000,160,-400
2143,2142000,80,-560
2144,2143000,80,-480
2145,2144000,80,-400
2146,2145000,80,-400
2147,2146000,0,-560
2148,2147000,80,-560
2149,2148000,80,-480
2150,2149000,160,-400
2151,2150000,0,-560
2152,2151000,80,-400
2153,2152000,80,-480
2154,2153000,160,-480
2155,2154000,80,-560
2156,2155000,80,-480
2157,2156000,160,-480
2158,2157000,160,-400
2159,2158000,80,-560
2160,2159000,80,-480
2161,2160000,80,-560
2162,2161000,160,-480
2163,2162000,0,-560
2164,2163000,80,-480
2165,2164000,80,-480
2166,2165000,160,-400
2167,2166000,0,-560
2168,2167000,80,-560
2169,2168000,80,-480
2170,2169000,80,-480
2171,2170000,0,-560
2172,2171000,80,-480
2173,2172000,80,-480
2174,2173000,3520,-400
2175,2174000,80,-560
2176,2175000,3440,-560
2177,2176000,3360,-560
2178,2177000,3520,-400
2179,2178000,3360,-560
2180,2179000,3440,-480
2181,2180000,3440,-480
2182,2181000,3520,-480
2183,2182000,3360,-560
2184,2183000,3440,-560
2185,2184000,3440,-480
2186,2185000,3520,-400
2187,2186000,3440,-560
2188,2187000,3520,-480
2189,2188000,3440,-400
2190,2189000,3520,-400
2191,2190000,3440,-560
2192,2191000,3520,-560
2193,2192000,3520,-480
2194,2193000,3520,-480
2195,2194000,3440,-560
2196,2195000,3440,-560
2197,2196000,3520,-480
2198,2197000,3520,-400
2199,2198000,3360,-560
2200,2199000,3440,-480
2201,2200000,3440,-480
2202,2201000,3600,-400
2203,2202000,3360,-480
2204,2203000,3440,-480
2205,2204000,3520,-480
2206,2205000,3520,-400
2207,2206000,3440,-560
2208,2207000,3440,-560
2209,2208000,3360,-480
2210,2209000,3520,-400
2211,2210000,3360,-560
2212,2211000,3520,-400
2213,2212000,3360,-480
2214,2213000,3440,-480
2215,2214000,3360,-560
2216,2215000,3440,-480
2217,2216000,3440,-560
2218,2217000,3520,-400
2219,2218000,3440,-560
2220,2219000,3520,-480
2221,2220000,3360,-480
2222,2221000,3520,-480
2223,2222000,3360,-560
2224,2223000,3520,-560
2225,2224000,3440,-480
2226,2225000,3520,-480
2227,2226000,3440,-560
2228,2227000,3520,-480
2229,2228000,3440,-480
2230,2229000,3520,-480
2231,2230000,3360,-560
2232,2231000,3520,-560
2233,2232000,3440,-560
2234,2233000,3440,-400
2235,2234000,3440,-560
2236,2235000,3440,-480
2237,2236000,3440,-480
2238,2237000,3520,-480
2239,2238000,3440,-560
2240,2239000,3440,-560
2241,2240000,3440,-480
2242,2241000,3520,-480
2243,2242000,3360,-560
2244,2243000,3520,-480
2245,2244000,3440,-480
2246,2245000,3520,-480
2247,2246000,3360,-560
2248,2247000,3440,-480
2249,2248000,3520,-480
2250,2249000,3520,-480
2251,2250000,3360,-560
2252,2251000,3440,-560
2253,2252000,3440,-480
2254,2253000,3520,-400
2255,2254000,3440,-560
2256,2255000,3520,-480
2257,2256000,3440,-480
2258,2257000,3520,-480
2259,2258000,3440,-480
2260,2259000,3520,-480
2261,2260000,3520,-480
2262,2261000,3520,-400
2263,2262000,3440,-560
2264,2263000,3520,-480
2265,2264000,3440,-480
2266,2265000,3520,-400
2267,2266000,3360,-560
2268,2267000,3440,-480
2269,2268000,3440,-480
2270,2269000,3520,-400
2271,2270000,3440,-560
2272,2271000,3440,-560
2273,2272000,3440,-400
2274,2273000,3520,-400
2275,2274000,3440,-560
2276,2275000,3440,-400
2277,2276000,3440,-480
2278,2277000,3520,-480
2279,2278000,3440,-560
2280,2279000,3520,-480
2281,2280000,3440,-480
2282,2281000,3520,-400
2283,2282000,3360,-560
2284,2283000,3440,-400
2285,2284000,3520,-560
2286,2285000,3520,-480
2287,2286000,3440,-560
2288,2287000,3520,-560
2289,2288000,3440,-480
2290,2289000,3520,-480
2291,2290000,3360,-560
2292,2291000,3440,-560
2293,2292000,3440,-480
2294,2293000,3520,-400
2295,2294000,3440,-560
2296,2295000,3440,-560
2297,2296000,3440,-480
2298,2297000,3520,-400
2299,2298000,3360,-560
2300,2299000,3440,-400
2301,2300000,3440,-480
2302,2301000,3520,-480
2303,2302000,3440,-560
2304,2303000,3440,-560
2305,2304000,3440,-480
2306,2305000,3520,-400
2307,2306000,3440,-560
2308,2307000,3440,-480
2309,2308000,3440,-480
2310,2309000,3520,-480
2311,2310000,3360,-560
2312,2311000,3440,-480
2313,2312000,3440,-480
2314,2313000,3520,-400
2315,2314000,3440,-560
2316,2315000,3520,-560
2317,2316000,3440,-480
2318,2317000,3520,-400
2319,2318000,3440,-560
2320,2319000,3520,-480
2321,2320000,3440,-560
2322,2321000,3520,-480
2323,2322000,3440,-560
2324,2323000,3520,-480
2325,2324000,3440,-480
2326,2325000,3520,-400
2327,2326000,3440,-560
2328,2327000,3440,-560
2329,2328000,3440,-480
2330,2329000,3520,-400
2331,2330000,3360,-560
2332,2331000,3440,-560
2333,2332000,3440,-480
2334,2333000,3520,-480
2335,2334000,3440,-560
2336,2335000,3440,-560
2337,2336000,3440,-480
2338,2337000,3520,-480
2339,2338000,3360,-560
2340,2339000,3440,-480
2341,2340000,3440,-480
2342,2341000,3520,-400
2343,2342000,3360,-560
2344,2343000,3520,-480
2345,2344000,3440,-480
2346,2345000,3520,-400
2347,2346000,3360,-560
2348,2347000,3440,-560
2349,2348000,3520,-480
2350,2349000,3520,-480
2351,2350000,3440,-560
2352,2351000,3440,-560
2353,2352000,3520,-480
2354,2353000,3520,-400
2355,2354000,3440,-560
2356,2355000,3440,-480
2357,2356000,3440,-480
2358,2357000,3440,-480
2359,2358000,3440,-560
2360,2359000,3440,-480
2361,2360000,3440,-480
2362,2361000,3520,-480
2363,2362000,3440,-560
2364,2363000,3440,-480
2365,2364000,3520,-560
2366,2365000,3520,-400
2367,2366000,3440,-560
2368,2367000,3520,-480
2369,2368000,3440,-480
2370,2369000,3520,-480
2371,2370000,3360,-560
2372,2371000,3520,-480
2373,2372000,3440,-480
2374,2373000,3520,-400
2375,2374000,3440,-560
2376,2375000,3440,-400
2377,2376000,3440,-560
2378,2377000,3520,-400
2379,2378000,3440,-560
2380,2379000,3440,-480
2381,2380000,3440,-480
2382,2381000,3520,-480
2383,2382000,3360,-560
2384,2383000,3440,-560
2385,2384000,3440,-560
2386,2385000,3520,-480
2387,2386000,3440,-560
2388,2387000,3520,-480
2389,2388000,3440,-480
2390,2389000,3440,-480
2391,2390000,3440,-560
2392,2391000,3440,-480
2393,2392000,3440,-560
2394,2393000,3520,-480
2395,2394000,3360,-560
2396,2395000,3440,-480
2397,2396000,3440,-480
2398,2397000,3520,-480
2399,2398000,3440,-560
2400,2399000,3440,-560
2401,2400000,3440,-480
2402,2401000,3520,-480
2403,2402000,3440,-560
2404,2403000,3440,-560
2405,2404000,3440,-480
2406,2405000,3440,-480
2407,2406000,3360,-560
2408,2407000,3440,-480
2409,2408000,3440,-480
2410,2409000,3520,-400
2411,2410000,3440,-560
2412,2411000,3440,-480
2413,2412000,3520,-480
2414,2413000,3520,-400
2415,2414000,3440,-560
2416,2415000,3440,-400
2417,2416000,3440,-400
2418,2417000,3520,-400
2419,2418000,3440,-560
2420,2419000,3440,-480
2421,2420000,3520,-480
2422,2421000,3520,-480
2423,2422000,3440,-560
2424,2423000,3440,-480
2425,2424000,3440,-480
2426,2425000,3520,-480
2427,2426000,3440,-560
2428,2427000,3520,-480
2429,2428000,3360,-560
2430,2429000,3520,-480
2431,2430000,80,-560
2432,2431000,80,-560
2433,2432000,80,-480
2434,2433000,160,-400
2435,2434000,80,-560
2436,2435000,80,-560
2437,2436000,80,-480
2438,2437000,80,-480
2439,2438000,0,-560
2440,2439000,80,-560
2441,2440000,80,-480
2442,2441000,80,-480
2443,2442000,0,-560
2444,2443000,80,-560
2445,2444000,80,-560
2446,2445000,80,-480
2447,2446000,80,-560
2448,2447000,80,-480
2449,2448000,80,-480
2450,2449000,80,-400
2451,2450000,80,-560
2452,2451000,80,-560
2453,2452000,80,-480
2454,2453000,80,-480
2455,2454000,80,-480
2456,2455000,80,-480
2457,2456000,80,-480
2458,2457000,80,-480
2459,2458000,0,-560
2460,2459000,0,-560
2461,2460000,0,-480
2462,2461000,160,-480
2463,2462000,0,-560
2464,2463000,80,-560
2465,2464000,0,-480
2466,2465000,160,-480
2467,2466000,0,-560
2468,2467000,80,-480
2469,2468000,80,-480
2470,2469000,240,-480
2471,2470000,0,-560
2472,2471000,80,-560
2473,2472000,0,-480
2474,2473000,160,-400
2475,2474000,0,-560
2476,2475000,80,-480
2477,2476000,80,-400
2478,2477000,80,-400
2479,2478000,0,-560
2480,2479000,80,-480
2481,2480000,80,-480
2482,2481000,3440,-480
2483,2482000,80,-560
2484,2483000,3360,-480
2485,2484000,3440,-480
2486,2485000,3520,-480
2487,2486000,3440,-560
2488,2487000,3520,-480
2489,2488000,3440,-480
2490,2489000,3520,-480
2491,2490000,3360,-560
2492,2491000,3520,-560
2493,2492000,3440,-480
2494,2493000,3520,-480
2495,2494000,3440,-560
2496,2495000,3440,-480
2497,2496000,3520,-560
2498,2497000,3520,-480
2499,2498000,3440,-560
2500,2499000,3440,-560
2501,2500000,3520,-560
2502,2501000,3520,-480
2503,2502000,3440,-560
2504,2503000,3520,-480
2505,2504000,3360,-560
2506,2505000,3520,-480
2507,2506000,3360,-560
2508,2507000,3440,-560
2509,2508000,3440,-480
2510,2509000,3520,-480
2511,2510000,3360,-560
2512,2511000,3360,-480
2513,2512000,3360,-560
2514,2513000,3520,-480
2515,2514000,3360,-560
2516,2515000,3520,-480
2517,2516000,3520,-480
2518,2517000,3520,-480
2519,2518000,3440,-560
2520,2519000,3440,-480
2521,2520000,3440,-480
2522,2521000,3520,-400
2523,2522000,3360,-560
2524,2523000,3360,-560
2525,2524000,3440,-480
2526,2525000,3520,-400
2527,2526000,80,-560
2528,2527000,80,-480
2529,2528000,80,-560
2530,2529000,160,-480
2531,2530000,0,-560
2532,2531000,80,-480
2533,2532000,80,-480
2534,2533000,80,80
2535,2534000,80,-480
2536,2535000,80,80
2537,2536000,80,0
2538,2537000,160,80
2539,2538000,80,0
2540,2539000,80,80
2541,2540000,160,0
2542,2541000,160,80
2543,2542000,0,0
2544,2543000,80,80
2545,2544000,80,80
2546,2545000,80,80
2547,2546000,0,0
2548,2547000,0,0
2549,2548000,0,80
2550,2549000,160,80
2551,2550000,0,0
2552,2551000,80,80
2553,2552000,160,80
2554,2553000,160,80
2555,2554000,80,0
2556,2555000,80,80
2557,2556000,80,80
2558,2557000,160,80
2559,2558000,80,0
2560,2559000,80,0
2561,2560000,80,80
2562,2561000,160,80
2563,2562000,80,0
2564,2563000,80,0
2565,2564000,80,0
2566,2565000,160,80
2567,2566000,0,0
2568,2567000,80,0
2569,2568000,80,80
2570,2569000,80,80
2571,2570000,0,0
2572,2571000,80,80
2573,2572000,80,0
2574,2573000,80,80
2575,2574000,0,0
2576,2575000,0,80
2577,2576000,80,0
2578,2577000,80,80
2579,2578000,0,0
2580,2579000,80,80
2581,2580000,80,80
2582,2581000,160,80
2583,2582000,0,0
2584,2583000,80,0
2585,2584000,80,80
2586,2585000,80,80
2587,2586000,80,0
2588,2587000,80,0
2589,2588000,80,0
2590,2589000,160,80
2591,2590000,0,0
2592,2591000,160,80
2593,2592000,80,0
2594,2593000,80,80
2595,2594000,0,0
2596,2595000,80,80
2597,2596000,80,0
2598,2597000,160,80
2599,2598000,0,0
2600,2599000,80,0
2601,2600000,80,80
2602,2601000,160,80
2603,2602000,80,0
2604,2603000,80,0
2605,2604000,80,0
2606,2605000,160,80
2607,2606000,0,0
2608,2607000,80,0
2609,2608000,0,80
2610,2609000,160,80
2611,2610000,0,-80
2612,2611000,80,80
2613,2612000,80,80
2614,2613000,160,80
2615,2614000,0,0
2616,2615000,0,80
2617,2616000,80,0
2618,2617000,160,80
2619,2618000,80,0
2620,2619000,80,0
2621,2620000,80,80
2622,2621000,160,80
2623,2622000,0,0
2624,2623000,80,0
2625,2624000,80,80
2626,2625000,80,80
2627,2626000,80,0
2628,2627000,80,80
2629,2628000,80,80
2630,2629000,160,80
2631,2630000,80,0
2632,2631000,80,80
2633,2632000,80,0
2634,2633000,80,80
2635,2634000,0,0
2636,2635000,80,0
2637,2636000,80,0
2638,2637000,160,80
2639,2638000,0,0
2640,2639000,0,80
2641,2640000,80,80
2642,2641000,160,80
2643,2642000,80,0
2644,2643000,80,0
2645,2644000,80,0
2646,2645000,80,80
2647,2646000,0,0
2648,2647000,80,80
2649,2648000,80,80
2650,2649000,160,80
2651,2650000,0,0
2652,2651000,80,0
2653,2652000,80,80
2654,2653000,80,80
2655,2654000,0,0
2656,2655000,80,80
2657,2656000,80,0
2658,2657000,80,80
2659,2658000,0,0
2660,2659000,80,0
2661,2660000,80,0
2662,2661000,160,80
2663,2662000,80,0
2664,2663000,80,0
2665,2664000,0,0
2666,2665000,160,80
2667,2666000,0,0
2668,2667000,80,80
2669,2668000,80,80
2670,2669000,80,80
2671,2670000,0,0
2672,2671000,80,80
