Save Time: 2026-07-14 15:22:35,,,
Units:(mV),,,
,CH1,CH2,
Frequency:,2.845 Hz,1.420 Hz,
Period:,351.500 mS,704.000 mS,
SP:,1000.000 uS,1000.000 uS,
PK-PK:,3.600 V,3.360 V,
,,,
1,0,80,3200
2,1000,80,3280
3,2000,0,3200
4,3000,80,3280
5,4000,80,3280
6,5000,160,3280
7,6000,0,3200
8,7000,80,3200
9,8000,0,3200
10,9000,160,3280
11,10000,0,3200
12,11000,80,3200
13,12000,160,3280
14,13000,160,3280
15,14000,0,3200
16,15000,0,3280
17,16000,80,3280
18,17000,160,3280
19,18000,80,2720
20,19000,80,2720
21,20000,80,2800
22,21000,160,2800
23,22000,0,2640
24,23000,80,2720
25,24000,80,2720
26,25000,80,2800
27,26000,80,2720
28,27000,80,2800
29,28000,80,2720
30,29000,80,2800
31,30000,0,2720
32,31000,0,2720
33,32000,80,2800
34,33000,160,2800
35,34000,80,2720
36,35000,80,2720
37,36000,80,2720
38,37000,160,2800
39,38000,0,2720
40,39000,80,2800
41,40000,80,2720
42,41000,80,2800
43,42000,0,2720
44,43000,80,2800
45,44000,80,2720
46,45000,160,2800
47,46000,80,2720
48,47000,80,2720
49,48000,80,2800
50,49000,80,2800
51,50000,0,2720
52,51000,80,2720
53,52000,80,2800
54,53000,80,2800
55,54000,0,2720
56,55000,80,2800
57,56000,80,2720
58,57000,80,2800
59,58000,0,2640
60,59000,80,2720
61,60000,80,2720
62,61000,3440,2800
63,62000,80,2720
64,63000,3440,2720
65,64000,3440,2720
66,65000,3520,2800
67,66000,3440,2640
68,67000,3520,2720
69,68000,3440,2720
70,69000,3520,2800
71,70000,3360,880
72,71000,3520,880
73,72000,3440,880
74,73000,3520,960
75,74000,3440,880
76,75000,3440,880
77,76000,3520,880
78,77000,3520,880
79,78000,3440,880
80,79000,3520,880
81,80000,3440,880
82,81000,3520,960
83,82000,3360,880
84,83000,3440,880
85,84000,3440,880
86,85000,3520,960
87,86000,3440,800
88,87000,3520,960
89,88000,3440,880
90,89000,3520,960
91,90000,3440,880
92,91000,3440,880
93,92000,3440,800
94,93000,3520,880
95,94000,3360,800
96,95000,3440,880
97,96000,3440,880
98,97000,3520,880
99,98000,3360,800
100,99000,3520,880
101,100000,3440,880
102,101000,3520,960
103,102000,3360,800
104,103000,3360,880
105,104000,3360,960
106,105000,3520,960
107,106000,3360,880
108,107000,3440,960
109,108000,3520,880
110,109000,3520,960
111,110000,3360,800
112,111000,3360,880
113,112000,3440,880
114,113000,3520,960
115,114000,3440,880
116,115000,3440,880
117,116000,3440,960
118,117000,3520,960
119,118000,3360,880
120,119000,3440,880
121,120000,3440,960
122,121000,3520,960
123,122000,3440,800
124,123000,3440,800
125,124000,3440,880
126,125000,3440,880
127,126000,3360,800
128,127000,3360,880
129,128000,3440,880
130,129000,3520,960
131,130000,3360,800
132,131000,3440,880
133,132000,3440,880
134,133000,3520,880
135,134000,3360,800
136,135000,3440,880
137,136000,3440,800
138,137000,3520,960
139,138000,3440,800
140,139000,3440,880
141,140000,3440,800
142,141000,3520,960
143,142000,3360,800
144,143000,3360,880
145,144000,3440,880
146,145000,3520,960
147,146000,3360,880
148,147000,3440,880
149,148000,3440,960
150,149000,3520,960
151,150000,3360,800
152,151000,3440,960
153,152000,3440,880
154,153000,3520,960
155,154000,3440,800
156,155000,3440,880
157,156000,3440,880
158,157000,3520,960
159,158000,3440,880
160,159000,3440,880
161,160000,3440,880
162,161000,3520,880
163,162000,3440,800
164,163000,3440,880
165,164000,3440,960
166,165000,3520,960
167,166000,3440,800
168,167000,3440,960
169,168000,3360,880
170,169000,3520,960
171,170000,3360,800
172,171000,3440,800
173,172000,3360,880
174,173000,3520,960
175,174000,3360,800
176,175000,3440,880
177,176000,3440,960
178,177000,3440,960
179,178000,3440,800
180,179000,3440,960
181,180000,3440,960
182,181000,3520,960
183,182000,3360,880
184,183000,3520,880
185,184000,3440,880
186,185000,3520,960
187,186000,3360,800
188,187000,3520,880
189,188000,3440,960
190,189000,3440,960
191,190000,3440,880
192,191000,3440,880
193,192000,3440,880
194,193000,3520,880
195,194000,3440,800
196,195000,3440,800
197,196000,3440,880
198,197000,3520,880
199,198000,3440,800
200,199000,3440,880
201,200000,3440,880
202,201000,3520,880
203,202000,3360,800
204,203000,3440,880
205,204000,3520,880
206,205000,3520,960
207,206000,3360,800
208,207000,3520,880
209,208000,3360,800
210,209000,3520,880
211,210000,3360,800
212,211000,3440,880
213,212000,3520,960
214,213000,3520,960
215,214000,3360,800
216,215000,3440,880
217,216000,3440,880
218,217000,3520,960
219,218000,3440,880
220,219000,3440,960
221,220000,3520,880
222,221000,3520,960
223,222000,3360,800
224,223000,3440,880
225,224000,3520,800
226,225000,3520,880
227,226000,3360,800
228,227000,3520,880
229,228000,3520,880
230,229000,3520,960
231,230000,3360,800
232,231000,3440,880
233,232000,3520,880
234,233000,3520,880
235,234000,3440,800
236,235000,3440,880
237,236000,3520,880
238,237000,3520,960
239,238000,3360,800
240,239000,3360,880
241,240000,3440,800
242,241000,3520,880
243,242000,3440,800
244,243000,3520,880
245,244000,3440,880
246,245000,3520,960
247,246000,3440,800
248,247000,3440,880
249,248000,3440,880
250,249000,3520,880
251,250000,3440,800
252,251000,3440,880
253,252000,3440,880
254,253000,3520,960
255,254000,3360,880
256,255000,3440,880
257,256000,3440,800
258,257000,3520,960
259,258000,3440,800
260,259000,3520,800
261,260000,3440,880
262,261000,3520,960
263,262000,3440,800
264,263000,3440,880
265,264000,3520,960
266,265000,3520,960
267,266000,3440,880
268,267000,3440,880
269,268000,3520,880
270,269000,3520,960
271,270000,3360,800
272,271000,3440,960
273,272000,3520,880
274,273000,3520,960
275,274000,3440,800
276,275000,3520,880
277,276000,3440,880
278,277000,3520,880
279,278000,3360,880
280,279000,3520,880
281,280000,3520,880
282,281000,3520,960
283,282000,3360,800
284,283000,3440,880
285,284000,3440,880
286,285000,3520,960
287,286000,3360,800
288,287000,3440,880
289,288000,3440,880
290,289000,3520,960
291,290000,3440,880
292,291000,3440,960
293,292000,3520,800
294,293000,3520,960
295,294000,3440,800
296,295000,3520,800
297,296000,3520,880
298,297000,3520,880
299,298000,3360,800
300,299000,3440,880
301,300000,3440,880
302,301000,3520,960
303,302000,3360,880
304,303000,3520,880
305,304000,3440,880
306,305000,3520,880
307,306000,3440,800
308,307000,3440,880
309,308000,3440,880
310,309000,3520,960
311,310000,3440,880
312,311000,3440,880
313,312000,3520,880
314,313000,3520,960
315,314000,3440,800
316,315000,3440,880
317,316000,3520,960
318,317000,3520,960
319,318000,3440,880
320,319000,3440,880
321,320000,3520,880
322,321000,3520,880
323,322000,0,880
324,323000,0,880
325,324000,160,960
326,325000,160,960
327,326000,0,800
328,327000,80,880
329,328000,80,880
330,329000,160,960
331,330000,80,880
332,331000,160,880
333,332000,80,880
334,333000,80,960
335,334000,80,880
336,335000,80,880
337,336000,80,800
338,337000,80,960
339,338000,0,800
340,339000,80,880
341,340000,80,880
342,341000,160,960
343,342000,0,800
344,343000,0,880
345,344000,80,880
346,345000,160,960
347,346000,80,800
348,347000,80,880
349,348000,80,960
350,349000,160,960
351,350000,0,880
352,351000,80,880
353,352000,160,880
354,353000,160,960
355,354000,80,800
356,355000,80,880
357,356000,80,880
358,357000,160,880
359,358000,0,880
360,359000,80,880
361,360000,80,880
362,361000,160,880
363,362000,80,880
364,363000,160,880
365,364000,160,880
366,365000,160,880
367,366000,0,800
368,367000,80,880
369,368000,80,880
370,369000,160,2720
371,370000,80,800
372,371000,80,2720
373,372000,160,2720
374,373000,3520,2800
375,374000,0,2720
376,375000,3440,2800
377,376000,3440,2640
378,377000,3520,2800
379,378000,3360,2640
380,379000,3440,2720
381,380000,3440,2720
382,381000,3520,2800
383,382000,3440,2720
384,383000,3440,2800
385,384000,3440,2720
386,385000,3520,2720
387,386000,3440,2640
388,387000,3520,2720
389,388000,3360,2720
390,389000,3520,2800
391,390000,3360,2720
392,391000,3520,2800
393,392000,3520,2720
394,393000,3520,2800
395,394000,3440,2640
396,395000,3440,2640
397,396000,3440,2720
398,397000,3520,2800
399,398000,3440,2640
400,399000,3440,2640
401,400000,3440,2800
402,401000,3520,2800
403,402000,3440,2720
404,403000,3520,2720
405,404000,3440,2720
406,405000,3520,2800
407,406000,3440,2640
408,407000,3440,2720
409,408000,3440,2720
410,409000,3520,2800
411,410000,3440,2640
412,411000,3440,2720
413,412000,3520,2720
414,413000,3520,2800
415,414000,3440,2720
416,415000,3440,2720
417,416000,80,2800
418,417000,160,2800
419,418000,0,2720
420,419000,80,2800
421,420000,80,2720
422,421000,160,2800
423,422000,80,2720
424,423000,80,2800
425,424000,80,3280
426,425000,80,3280
427,426000,80,3200
428,427000,80,3280
429,428000,160,3280
430,429000,160,3280
431,430000,0,3200
432,431000,160,3280
433,432000,80,3200
434,433000,160,3280
435,434000,0,3200
436,435000,0,3280
437,436000,80,3280
438,437000,160,3280
439,438000,80,3200
440,439000,80,3280
441,440000,80,3200
442,441000,80,3280
443,442000,0,3200
444,443000,80,3200
445,444000,80,3280
446,445000,160,3280
447,446000,80,3200
448,447000,160,3200
449,448000,80,3280
450,449000,160,3280
451,450000,0,3200
452,451000,80,3280
453,452000,80,3200
454,453000,160,3280
455,454000,0,3200
456,455000,80,3280
457,456000,80,3280
458,457000,160,3280
459,458000,80,3200
460,459000,80,3200
461,460000,80,3200
462,461000,160,3280
463,462000,80,3200
464,463000,80,3280
465,464000,160,3280
466,465000,160,3280
467,466000,80,3200
468,467000,80,3280
469,468000,80,3280
470,469000,160,3360
471,470000,80,3200
472,471000,160,3280
473,472000,80,3280
474,473000,160,3280
475,474000,80,3200
476,475000,80,3200
477,476000,80,3280
478,477000,160,3280
479,478000,80,3200
480,479000,80,3280
481,480000,160,3280
482,481000,160,3280
483,482000,80,3200
484,483000,80,3280
485,484000,80,3280
486,485000,160,3280
487,486000,0,3200
488,487000,80,3280
489,488000,0,3280
490,489000,160,3280
491,490000,0,3120
492,491000,80,3280
493,492000,80,3280
494,493000,80,3280
495,494000,0,3200
496,495000,80,3280
497,496000,0,3280
498,497000,80,3280
499,498000,0,3200
500,499000,80,3280
501,500000,0,3280
502,501000,160,3280
503,502000,0,3200
504,503000,80,3280
505,504000,160,3200
506,505000,160,3280
507,506000,0,3200
508,507000,80,3280
509,508000,80,3280
510,509000,80,3280
511,510000,80,3200
512,511000,80,3200
513,512000,80,3280
514,513000,80,3280
515,514000,0,3200
516,515000,80,3200
517,516000,80,3200
518,517000,160,3280
519,518000,0,3200
520,519000,0,3200
521,520000,80,3280
522,521000,160,3280
523,522000,80,3200
524,523000,160,3280
525,524000,160,3200
526,525000,160,3280
527,526000,80,3200
528,527000,80,3200
529,528000,80,3280
530,529000,160,3280
531,530000,80,3200
532,531000,80,3280
533,532000,80,3200
534,533000,80,3280
535,534000,80,3200
536,535000,80,3280
537,536000,80,3280
538,537000,160,3280
539,538000,80,3200
540,539000,80,3200
541,540000,80,3200
542,541000,80,3280
543,542000,80,3200
544,543000,80,3280
545,544000,80,3280
546,545000,160,3280
547,546000,0,3200
548,547000,80,3280
549,548000,80,3280
550,549000,80,3280
551,550000,0,3200
552,551000,80,3200
553,552000,80,3200
554,553000,160,3280
555,554000,0,3200
556,555000,80,3280
557,556000,80,3280
558,557000,160,3280
559,558000,0,3200
560,559000,80,3280
561,560000,0,3280
562,561000,160,3280
563,562000,0,3200
564,563000,80,3200
565,564000,80,3280
566,565000,80,3280
567,566000,80,3200
568,567000,80,3280
569,568000,80,3200
570,569000,80,3280
571,570000,80,3200
572,571000,80,3200
573,572000,80,3200
574,573000,80,3280
575,574000,0,3200
576,575000,0,3280
577,576000,80,3280
578,577000,160,3280
579,578000,80,3200
580,579000,80,3280
581,580000,160,3200
582,581000,160,3280
583,582000,0,3200
584,583000,80,3280
585,584000,80,3200
586,585000,160,3280
587,586000,0,3200
588,587000,80,3280
589,588000,80,3280
590,589000,160,3280
591,590000,80,3200
592,591000,80,3200
593,592000,160,3280
594,593000,160,3280
595,594000,80,3200
596,595000,80,3280
597,596000,80,3280
598,597000,80,3360
599,598000,0,3200
600,599000,80,3200
601,600000,80,3280
602,601000,80,3280
603,602000,0,3200
604,603000,0,3280
605,604000,80,3280
606,605000,160,3280
607,606000,80,3200
608,607000,80,3200
609,608000,80,3280
610,609000,160,3280
611,610000,0,3200
612,611000,80,3200
613,612000,80,3280
614,613000,160,3280
615,614000,80,3200
616,615000,80,3280
617,616000,80,3200
618,617000,80,3280
619,618000,80,3200
620,619000,80,3280
621,620000,80,3280
622,621000,80,3280
623,622000,0,3200
624,623000,80,3200
625,624000,80,3280
626,625000,160,3280
627,626000,0,3200
628,627000,80,3200
629,628000,80,3200
630,629000,160,3280
631,630000,80,3200
632,631000,80,3280
633,632000,80,3280
634,633000,160,3280
635,634000,0,3200
636,635000,80,3280
637,636000,80,3200
638,637000,80,3280
639,638000,80,3200
640,639000,80,3280
641,640000,160,3200
642,641000,160,3280
643,642000,0,3200
644,643000,80,3200
645,644000,80,3200
646,645000,160,3280
647,646000,0,3200
648,647000,80,3280
649,648000,0,3280
650,649000,160,3280
651,650000,0,3200
652,651000,80,3200
653,652000,80,3200
654,653000,160,3280
655,654000,0,3200
656,655000,80,3200
657,656000,80,3200
658,657000,80,3280
659,658000,80,3200
660,659000,80,3200
661,660000,80,3280
662,661000,160,3280
663,662000,80,3200
664,663000,80,3280
665,664000,80,3200
666,665000,160,3280
667,666000,0,3200
668,667000,80,3200
669,668000,80,3200
670,669000,160,3280
671,670000,80,3200
672,671000,80,3200
673,672000,80,3200
674,673000,80,3280
675,674000,0,3200
676,675000,0,3200
677,676000,80,3200
678,677000,160,3280
679,678000,80,3200
680,679000,80,3200
681,680000,80,3280
682,681000,80,3280
683,682000,80,3200
684,683000,80,3200
685,684000,80,3200
686,685000,80,3280
687,686000,0,3200
688,687000,80,3280
689,688000,80,3280
690,689000,160,3280
691,690000,80,3200
692,691000,80,3280
693,692000,80,3200
694,693000,160,3280
695,694000,0,3200
696,695000,80,3280
697,696000,80,3280
698,697000,160,3280
699,698000,0,3200
700,699000,80,3280
701,700000,80,3280
702,701000,160,3280
703,702000,80,3200
704,703000,80,3200
705,704000,80,3280
706,705000,80,3280
707,706000,0,3200
708,707000,80,3280
709,708000,80,3200
710,709000,80,3280
711,710000,0,3200
712,711000,80,3200
713,712000,160,3200
714,713000,160,3280
715,714000,0,3200
716,715000,160,3280
717,716000,80,3200
718,717000,160,3280
719,718000,80,3200
720,719000,80,3280
721,720000,80,3200
722,721000,80,3280
723,722000,0,2720
724,723000,80,2800
725,724000,0,2720
726,725000,160,2800
727,726000,0,2720
728,727000,160,2720
729,728000,160,2720
730,729000,160,2800
731,730000,80,2640
732,731000,80,2800
733,732000,80,2800
734,733000,80,2800
735,734000,0,2720
736,735000,0,2720
737,736000,80,2720
738,737000,160,2800
739,738000,0,2720
740,739000,0,2800
741,740000,80,2720
742,741000,160,2800
743,742000,80,2640
744,743000,160,2800
745,744000,80,2720
746,745000,160,2800
747,746000,0,2640
748,747000,80,2720
749,748000,80,2720
750,749000,80,2800
751,750000,0,2640
752,751000,0,2720
753,752000,80,2800
754,753000,160,2800
755,754000,0,2640
756,755000,80,2800
757,756000,80,2720
758,757000,160,2800
759,758000,80,2640
760,759000,80,2720
761,760000,80,2720
762,761000,160,2800
763,762000,80,2720
764,763000,80,2720
765,764000,80,2720
766,765000,3440,2800
767,766000,80,2720
768,767000,3440,2800
769,768000,3440,2800
770,769000,3520,2800
771,770000,3440,2720
772,771000,3440,2720
773,772000,3440,2800
774,773000,3520,2800
775,774000,3440,880
776,775000,3440,880
777,776000,3520,880
778,777000,3520,960
779,778000,3360,880
780,779000,3440,880
781,780000,3440,880
782,781000,3520,960
783,782000,3440,880
784,783000,3440,960
785,784000,3440,880
786,785000,3520,960
787,786000,3440,800
788,787000,3440,800
789,788000,3520,880
790,789000,3520,960
791,790000,3440,800
792,791000,3440,880
793,792000,3440,880
794,793000,3520,960
795,794000,3440,800
796,795000,3440,880
797,796000,3440,880
798,797000,3520,960
799,798000,3360,800
800,799000,3440,880
801,800000,3440,880
802,801000,3520,960
803,802000,3440,800
804,803000,3440,880
805,804000,3440,880
806,805000,3520,960
807,806000,3440,800
808,807000,3440,960
809,808000,3440,880
810,809000,3520,960
811,810000,3360,800
812,811000,3440,800
813,812000,3440,880
814,813000,3520,960
815,814000,3440,800
816,815000,3440,880
817,816000,3520,880
818,817000,3520,960
819,818000,3360,880
820,819000,3520,880
821,820000,3440,880
822,821000,3520,880
823,822000,3440,800
824,823000,3440,880
825,824000,3520,880
826,825000,3520,880
827,826000,3360,880
828,827000,3520,880
829,828000,3440,880
830,829000,3520,960
831,830000,3360,880
832,831000,3360,880
833,832000,3360,880
834,833000,3520,960
835,834000,3360,880
836,835000,3440,960
837,836000,3440,880
838,837000,3520,880
839,838000,3440,800
840,839000,3520,880
841,840000,3440,800
842,841000,3520,880
843,842000,3440,800
844,843000,3440,880
845,844000,3440,800
846,845000,3520,880
847,846000,3440,800
848,847000,3440,880
849,848000,3440,880
850,849000,3520,960
851,850000,3360,880
852,851000,3360,880
853,852000,3360,880
854,853000,3520,880
855,854000,3360,880
856,855000,3440,880
857,856000,3440,960
858,857000,3520,960
859,858000,3360,800
860,859000,3440,880
861,860000,3520,880
862,861000,3520,960
863,862000,3440,800
864,863000,3440,800
865,864000,3440,960
866,865000,3520,960
867,866000,3440,880
868,867000,3520,880
869,868000,3520,880
870,869000,3520,880
871,870000,3440,800
872,871000,3440,800
873,872000,3440,880
874,873000,3520,960
875,874000,3440,880
876,875000,3440,880
877,876000,3520,880
878,877000,3520,880
879,878000,3360,800
880,879000,3520,880
881,880000,3440,880
882,881000,3440,960
883,882000,3440,800
884,883000,3440,960
885,884000,3440,880
886,885000,3520,960
887,886000,3440,880
888,887000,3440,880
889,888000,3520,880
890,889000,3520,960
891,890000,3440,880
892,891000,3440,880
893,892000,3520,960
894,893000,3520,960
895,894000,3440,800
896,895000,3440,880
897,896000,3440,880
898,897000,3520,960
899,898000,3440,880
900,899000,3440,880
901,900000,3440,880
902,901000,3520,960
903,902000,3440,800
904,903000,3440,800
905,904000,3440,800
906,905000,3520,960
907,906000,3440,800
908,907000,3440,960
909,908000,3520,880
910,909000,3520,880
911,910000,3440,800
912,911000,3440,800
913,912000,3440,960
914,913000,3520,960
915,914000,3440,800
916,915000,3440,800
917,916000,3520,800
918,917000,3520,880
919,918000,3360,800
920,919000,3520,880
921,920000,3520,880
922,921000,3520,880
923,922000,3360,880
924,923000,3440,880
925,924000,3520,800
926,925000,3520,960
927,926000,3440,800
928,927000,3440,800
929,928000,3440,880
930,929000,3520,880
931,930000,3440,800
932,931000,3440,800
933,932000,3520,880
934,933000,3520,880
935,934000,3360,880
936,935000,3360,880
937,936000,3440,880
938,937000,3520,880
939,938000,3360,800
940,939000,3440,880
941,940000,3440,800
942,941000,3520,960
943,942000,3440,800
944,943000,3440,880
945,944000,3520,880
946,945000,3520,880
947,946000,3440,880
948,947000,3520,880
949,948000,3440,880
950,949000,3520,960
951,950000,3360,800
952,951000,3440,880
953,952000,3440,880
954,953000,3520,960
955,954000,3360,800
956,955000,3440,880
957,956000,3440,880
958,957000,3520,960
959,958000,3360,800
960,959000,3520,960
961,960000,3520,880
962,961000,3520,880
963,962000,3360,800
964,963000,3440,880
965,964000,3520,960
966,965000,3520,960
967,966000,3440,880
968,967000,3440,880
969,968000,3440,880
970,969000,3520,960
971,970000,3440,880
972,971000,3440,880
973,972000,3440,880
974,973000,3520,880
975,974000,3440,880
976,975000,3440,880
977,976000,3440,800
978,977000,3520,880
979,978000,3440,800
980,979000,3520,880
981,980000,3440,880
982,981000,3520,880
983,982000,3360,880
984,983000,3520,880
985,984000,3520,880
986,985000,3520,880
987,986000,3440,800
988,987000,3440,880
989,988000,3440,880
990,989000,3520,880
991,990000,3440,800
992,991000,3440,880
993,992000,3440,880
994,993000,3600,960
995,994000,3440,880
996,995000,3440,880
997,996000,3520,960
998,997000,3520,960
999,998000,3360,880
1000,999000,3360,880
1001,1000000,3440,800
1002,1001000,3520,880
1003,1002000,3440,800
1004,1003000,3440,880
1005,1004000,3440,880
1006,1005000,3520,960
1007,1006000,3360,880
1008,1007000,3520,960
1009,1008000,3440,880
1010,1009000,3520,960
1011,1010000,3360,880
1012,1011000,3440,880
1013,1012000,3520,880
1014,1013000,3520,880
1015,1014000,3440,800
1016,1015000,3520,880
1017,1016000,3440,880
1018,1017000,3520,960
1019,1018000,3360,880
1020,1019000,3440,960
1021,1020000,3520,880
1022,1021000,3520,960
1023,1022000,3360,800
1024,1023000,3520,880
1025,1024000,3440,800
1026,1025000,3440,960
1027,1026000,0,800
1028,1027000,80,880
1029,1028000,80,880
1030,1029000,160,880
1031,1030000,0,880
1032,1031000,0,880
1033,1032000,80,880
1034,1033000,160,880
1035,1034000,0,800
1036,1035000,80,880
1037,1036000,160,800
1038,1037000,160,1040
1039,1038000,80,800
1040,1039000,80,880
1041,1040000,80,880
1042,1041000,160,960
1043,1042000,80,880
1044,1043000,80,960
1045,1044000,0,880
1046,1045000,80,880
1047,1046000,0,880
1048,1047000,80,880
1049,1048000,80,880
1050,1049000,160,960
1051,1050000,0,880
1052,1051000,80,880
1053,1052000,80,880
1054,1053000,80,960
1055,1054000,80,880
1056,1055000,80,880
1057,1056000,0,880
1058,1057000,160,960
1059,1058000,0,880
1060,1059000,80,880
1061,1060000,80,880
1062,1061000,80,960
1063,1062000,0,800
1064,1063000,80,880
1065,1064000,160,960
1066,1065000,160,960
1067,1066000,0,880
1068,1067000,0,880
1069,1068000,160,960
1070,1069000,160,960
1071,1070000,0,800
1072,1071000,0,880
1073,1072000,80,880
1074,1073000,160,2800
1075,1074000,80,880
1076,1075000,80,2800
1077,1076000,80,2720
1078,1077000,3520,2800
1079,1078000,80,2720
1080,1079000,3440,2720
1081,1080000,3440,2720
1082,1081000,3520,2800
1083,1082000,3360,2640
1084,1083000,3440,2720
1085,1084000,3440,2720
1086,1085000,3520,2800
1087,1086000,3360,2720
1088,1087000,3360,2720
1089,1088000,3440,2800
1090,1089000,3520,2800
1091,1090000,3440,2720
1092,1091000,3440,2720
1093,1092000,3520,2720
1094,1093000,3520,2800
1095,1094000,3440,2640
1096,1095000,3440,2720
1097,1096000,3440,2800
1098,1097000,3520,2800
1099,1098000,3440,2720
1100,1099000,3440,2720
1101,1100000,3440,2720
1102,1101000,3520,2800
1103,1102000,3440,2720
1104,1103000,3440,2720
1105,1104000,3440,2800
1106,1105000,3520,2800
1107,1106000,3360,2720
1108,1107000,3440,2720
1109,1108000,3440,2720
1110,1109000,3520,2800
1111,1110000,3360,2640
1112,1111000,3520,2720
1113,1112000,3440,2720
1114,1113000,3520,2800
1115,1114000,3440,2720
1116,1115000,3440,2720
1117,1116000,3440,2800
1118,1117000,3520,2880
1119,1118000,0,2720
1120,1119000,0,2720
1121,1120000,80,2720
1122,1121000,160,2800
1123,1122000,0,2640
1124,1123000,80,2720
1125,1124000,80,2800
1126,1125000,80,3280
1127,1126000,0,2720
1128,1127000,80,3280
1129,1128000,80,3200
1130,1129000,160,3280
1131,1130000,0,3200
1132,1131000,0,3280
1133,1132000,80,3280
1134,1133000,80,3280
1135,1134000,80,3200
1136,1135000,80,3200
1137,1136000,80,3200
1138,1137000,160,3280
1139,1138000,0,3200
1140,1139000,160,3200
1141,1140000,0,3280
1142,1141000,160,3280
1143,1142000,0,3200
1144,1143000,160,3200
1145,1144000,80,3280
1146,1145000,80,3280
1147,1146000,0,3200
1148,1147000,80,3200
1149,1148000,80,3200
1150,1149000,80,3280
1151,1150000,80,3200
1152,1151000,80,3280
1153,1152000,80,3280
1154,1153000,160,3280
1155,1154000,80,3200
1156,1155000,80,3280
1157,1156000,80,3280
1158,1157000,160,3280
1159,1158000,80,3200
1160,1159000,80,3280
1161,1160000,160,3200
1162,1161000,160,3280
1163,1162000,0,3200
1164,1163000,80,3200
1165,1164000,80,3280
1166,1165000,160,3280
1167,1166000,0,3200
1168,1167000,160,3200
1169,1168000,80,3200
1170,1169000,160,3280
1171,1170000,0,3200
1172,1171000,160,3280
1173,1172000,80,3200
1174,1173000,80,3280
1175,1174000,0,3200
1176,1175000,80,3280
1177,1176000,80,3280
1178,1177000,80,3280
1179,1178000,80,3200
1180,1179000,80,3280
1181,1180000,80,3200
1182,1181000,80,3280
1183,1182000,0,3200
1184,1183000,0,3200
1185,1184000,80,3200
1186,1185000,80,3280
1187,1186000,80,3200
1188,1187000,80,3280
1189,1188000,80,3200
1190,1189000,80,3280
1191,1190000,0,3200
1192,1191000,80,3280
1193,1192000,80,3200
1194,1193000,160,3280
1195,1194000,80,3200
1196,1195000,80,3200
1197,1196000,80,3280
1198,1197000,160,3280
1199,1198000,0,3200
1200,1199000,80,3200
1201,1200000,160,3200
1202,1201000,160,3280
1203,1202000,0,3200
1204,1203000,80,3280
1205,1204000,80,3280
1206,1205000,160,3280
1207,1206000,80,3200
1208,1207000,160,3280
1209,1208000,80,3280
1210,1209000,80,3280
1211,1210000,80,3200
1212,1211000,80,3280
1213,1212000,160,3200
1214,1213000,160,3280
1215,1214000,0,3200
1216,1215000,160,3280
1217,1216000,80,3200
1218,1217000,160,3280
1219,1218000,80,3200
1220,1219000,80,3280
1221,1220000,80,3200
1222,1221000,80,3280
1223,1222000,80,3200
1224,1223000,80,3200
1225,1224000,80,3280
1226,1225000,160,3280
1227,1226000,0,3200
1228,1227000,0,3200
1229,1228000,80,3200
1230,1229000,160,3280
1231,1230000,80,3200
1232,1231000,80,3280
1233,1232000,80,3280
1234,1233000,80,3280
1235,1234000,0,3200
1236,1235000,80,3280
1237,1236000,80,3200
1238,1237000,80,3280
1239,1238000,0,3200
1240,1239000,80,3280
1241,1240000,80,3280
1242,1241000,160,3280
1243,1242000,0,3200
1244,1243000,0,3200
1245,1244000,80,3280
1246,1245000,160,3280
1247,1246000,80,3200
1248,1247000,80,3280
1249,1248000,80,3280
1250,1249000,160,3280
1251,1250000,0,3200
1252,1251000,80,3280
1253,1252000,80,3280
1254,1253000,160,3280
1255,1254000,0,3200
1256,1255000,80,3280
1257,1256000,160,3280
1258,1257000,160,3280
1259,1258000,0,3200
1260,1259000,80,3200
1261,1260000,80,3280
1262,1261000,80,3280
1263,1262000,0,3200
1264,1263000,0,3200
1265,1264000,80,3280
1266,1265000,160,3280
1267,1266000,80,3200
1268,1267000,80,3280
1269,1268000,80,3280
1270,1269000,160,3280
1271,1270000,80,3200
1272,1271000,160,3280
1273,1272000,80,3280
1274,1273000,160,3280
1275,1274000,0,3200
1276,1275000,160,3280
1277,1276000,80,3200
1278,1277000,160,3280
1279,1278000,80,3200
1280,1279000,80,3200
1281,1280000,80,3280
1282,1281000,160,3280
1283,1282000,80,3200
1284,1283000,80,3280
1285,1284000,80,3200
1286,1285000,160,3280
1287,1286000,0,3200
1288,1287000,80,3200
1289,1288000,80,3200
1290,1289000,80,3280
1291,1290000,0,3200
1292,1291000,80,3280
1293,1292000,80,3280
1294,1293000,80,3280
1295,1294000,0,3200
1296,1295000,80,3200
1297,1296000,160,3200
1298,1297000,160,3280
1299,1298000,0,3200
1300,1299000,80,3280
1301,1300000,80,3280
1302,1301000,160,3280
1303,1302000,0,3200
1304,1303000,80,3280
1305,1304000,160,3280
1306,1305000,160,3280
1307,1306000,0,3200
1308,1307000,80,3280
1309,1308000,80,3200
1310,1309000,80,3280
1311,1310000,80,3200
1312,1311000,80,3200
1313,1312000,80,3200
1314,1313000,160,3280
1315,1314000,0,3200
1316,1315000,0,3280
1317,1316000,160,3200
1318,1317000,160,3280
1319,1318000,80,3200
1320,1319000,80,3280
1321,1320000,80,3280
1322,1321000,160,3280
1323,1322000,80,3200
1324,1323000,80,3200
1325,1324000,80,3280
1326,1325000,160,3280
1327,1326000,0,3200
1328,1327000,0,3280
1329,1328000,80,3200
1330,1329000,160,3280
1331,1330000,0,3200
1332,1331000,80,3200
1333,1332000,80,3200
1334,1333000,160,3280
1335,1334000,80,3200
1336,1335000,80,3200
1337,1336000,80,3200
1338,1337000,160,3280
1339,1338000,80,3120
1340,1339000,160,3200
1341,1340000,80,3280
1342,1341000,160,3280
1343,1342000,0,3200
1344,1343000,80,3200
1345,1344000,80,3200
1346,1345000,80,3280
1347,1346000,0,3200
1348,1347000,80,3280
1349,1348000,0,3280
1350,1349000,80,3280
1351,1350000,0,3120
1352,1351000,80,3280
1353,1352000,80,3280
1354,1353000,80,3280
1355,1354000,0,3200
1356,1355000,80,3200
1357,1356000,80,3200
1358,1357000,80,3280
1359,1358000,80,3200
1360,1359000,80,3280
1361,1360000,80,3200
1362,1361000,160,3280
1363,1362000,0,3200
1364,1363000,0,3200
1365,1364000,80,3280
1366,1365000,80,3280
1367,1366000,0,3200
1368,1367000,80,3280
1369,1368000,80,3280
1370,1369000,160,3280
1371,1370000,80,3200
1372,1371000,160,3280
1373,1372000,80,3200
1374,1373000,80,3280
1375,1374000,80,3120
1376,1375000,80,3280
1377,1376000,160,3200
1378,1377000,160,3280
1379,1378000,80,3200
1380,1379000,160,3200
1381,1380000,80,3200
1382,1381000,160,3280
1383,1382000,0,3200
1384,1383000,80,3200
1385,1384000,80,3280
1386,1385000,160,3280
1387,1386000,80,3200
1388,1387000,160,3200
1389,1388000,80,3280
1390,1389000,80,3280
1391,1390000,0,3200
1392,1391000,0,3280
1393,1392000,0,3280
1394,1393000,80,3280
1395,1394000,0,3200
1396,1395000,80,3280
1397,1396000,80,3280
1398,1397000,160,3280
1399,1398000,80,3120
1400,1399000,80,3280
1401,1400000,160,3200
1402,1401000,160,3280
1403,1402000,0,3200
1404,1403000,160,3280
1405,1404000,80,3200
1406,1405000,160,3280
1407,1406000,80,3200
1408,1407000,80,3200
1409,1408000,80,3280
1410,1409000,160,3280
1411,1410000,0,3200
1412,1411000,80,3200
1413,1412000,80,3200
1414,1413000,80,3280
1415,1414000,0,3200
1416,1415000,80,3280
1417,1416000,80,3200
1418,1417000,160,3280
1419,1418000,0,3200
1420,1419000,80,3280
1421,1420000,80,3280
1422,1421000,160,3280
1423,1422000,80,3200
1424,1423000,80,3200
1425,1424000,80,3280
1426,1425000,160,3280
1427,1426000,0,2720
1428,1427000,160,2720
1429,1428000,80,2800
1430,1429000,80,2800
1431,1430000,0,2640
1432,1431000,80,2720
1433,1432000,80,2720
1434,1433000,160,2800
1435,1434000,0,2640
1436,1435000,80,2720
1437,1436000,80,2800
1438,1437000,160,2800
1439,1438000,0,2640
1440,1439000,80,2800
1441,1440000,80,2800
1442,1441000,160,2800
1443,1442000,80,2640
1444,1443000,80,2720
1445,1444000,160,2720
1446,1445000,160,2800
1447,1446000,80,2640
1448,1447000,80,2720
1449,1448000,80,2720
1450,1449000,160,2800
1451,1450000,80,2640
1452,1451000,80,2640
1453,1452000,80,2720
1454,1453000,160,2800
1455,1454000,80,2720
1456,1455000,80,2720
1457,1456000,160,2720
1458,1457000,160,2800
1459,1458000,80,2640
1460,1459000,80,2720
1461,1460000,0,2720
1462,1461000,160,2800
1463,1462000,0,2640
1464,1463000,160,2720
1465,1464000,80,2720
1466,1465000,160,2800
1467,1466000,80,2720
1468,1467000,80,2720
1469,1468000,80,2640
1470,1469000,3520,2800
1471,1470000,0,2640
1472,1471000,3440,2720
1473,1472000,3440,2720
1474,1473000,3520,2800
1475,1474000,3360,2640
1476,1475000,3360,2720
1477,1476000,3440,2720
1478,1477000,3520,2800
1479,1478000,3440,800
1480,1479000,3520,880
1481,1480000,3440,880
1482,1481000,3520,960
1483,1482000,3440,800
1484,1483000,3440,880
1485,1484000,3440,880
1486,1485000,3520,960
1487,1486000,3440,800
1488,1487000,3440,880
1489,1488000,3520,800
1490,1489000,3520,960
1491,1490000,3360,800
1492,1491000,3360,960
1493,1492000,3440,880
1494,1493000,3520,960
1495,1494000,3360,800
1496,1495000,3440,880
1497,1496000,3440,880
1498,1497000,3520,960
1499,1498000,3440,880
1500,1499000,3440,880
1501,1500000,3440,880
1502,1501000,3520,960
1503,1502000,3440,880
1504,1503000,3440,880
1505,1504000,3440,880
1506,1505000,3520,880
1507,1506000,3440,880
1508,1507000,3440,880
1509,1508000,3440,880
1510,1509000,3520,960
1511,1510000,3440,880
1512,1511000,3440,880
1513,1512000,3440,880
1514,1513000,3520,960
1515,1514000,3440,800
1516,1515000,3520,880
1517,1516000,3440,880
1518,1517000,3520,960
1519,1518000,3440,800
1520,1519000,3520,880
1521,1520000,3440,880
1522,1521000,3520,960
1523,1522000,3360,800
1524,1523000,3520,880
1525,1524000,3520,880
1526,1525000,3520,960
1527,1526000,3440,880
1528,1527000,3520,880
1529,1528000,3440,880
1530,1529000,3520,960
1531,1530000,3440,800
1532,1531000,3440,880
1533,1532000,3440,880
1534,1533000,3520,960
1535,1534000,3360,800
1536,1535000,3440,880
1537,1536000,3520,880
1538,1537000,3520,960
1539,1538000,3360,880
1540,1539000,3440,880
1541,1540000,3440,880
1542,1541000,3520,880
1543,1542000,3440,880
1544,1543000,3440,880
1545,1544000,3440,880
1546,1545000,3520,960
1547,1546000,3360,800
1548,1547000,3360,880
1549,1548000,3440,880
1550,1549000,3520,960
1551,1550000,3440,880
1552,1551000,3440,880
1553,1552000,3440,880
1554,1553000,3520,960
1555,1554000,3440,880
1556,1555000,3440,880
1557,1556000,3360,960
1558,1557000,3520,960
1559,1558000,3360,800
1560,1559000,3520,880
1561,1560000,3440,880
1562,1561000,3520,960
1563,1562000,3360,880
1564,1563000,3360,960
1565,1564000,3440,880
1566,1565000,3520,960
1567,1566000,3440,800
1568,1567000,3440,960
1569,1568000,3520,880
1570,1569000,3520,960
1571,1570000,3440,800
1572,1571000,3520,880
1573,1572000,3440,960
1574,1573000,3520,960
1575,1574000,3360,800
1576,1575000,3440,880
1577,1576000,3440,880
1578,1577000,3520,960
1579,1578000,3360,800
1580,1579000,3440,880
1581,1580000,3440,880
1582,1581000,3520,960
1583,1582000,3440,800
1584,1583000,3520,880
1585,1584000,3440,880
1586,1585000,3520,880
1587,1586000,3440,800
1588,1587000,3440,800
1589,1588000,3440,880
1590,1589000,3520,960
1591,1590000,3440,800
1592,1591000,3520,880
1593,1592000,3360,800
1594,1593000,3520,960
1595,1594000,3360,800
1596,1595000,3440,960
1597,1596000,3440,880
1598,1597000,3520,960
1599,1598000,3440,880
1600,1599000,3520,880
1601,1600000,3360,880
1602,1601000,3520,960
1603,1602000,3360,800
1604,1603000,3520,880
1605,1604000,3520,880
1606,1605000,3520,960
1607,1606000,3440,880
1608,1607000,3440,880
1609,1608000,3520,880
1610,1609000,3520,960
1611,1610000,3440,800
1612,1611000,3440,880
1613,1612000,3440,880
1614,1613000,3520,880
1615,1614000,3440,800
1616,1615000,3520,880
1617,1616000,3440,960
1618,1617000,3520,960
1619,1618000,3360,800
1620,1619000,3520,880
1621,1620000,3440,960
1622,1621000,3520,960
1623,1622000,3440,880
1624,1623000,3440,880
1625,1624000,3440,880
1626,1625000,3520,880
1627,1626000,3360,800
1628,1627000,3520,880
1629,1628000,3440,880
1630,1629000,3520,880
1631,1630000,3360,800
1632,1631000,3440,880
1633,1632000,3440,880
1634,1633000,3520,1040
1635,1634000,3440,800
1636,1635000,3440,1040
1637,1636000,3520,880
1638,1637000,3520,880
1639,1638000,3360,880
1640,1639000,3440,880
1641,1640000,3440,960
1642,1641000,3520,960
1643,1642000,3440,880
1644,1643000,3440,960
1645,1644000,3520,880
1646,1645000,3520,960
1647,1646000,3440,880
1648,1647000,3440,960
1649,1648000,3440,880
1650,1649000,3520,960
1651,1650000,3440,800
1652,1651000,3440,880
1653,1652000,3520,880
1654,1653000,3520,880
1655,1654000,3440,880
1656,1655000,3520,880
1657,1656000,3440,960
1658,1657000,3520,960
1659,1658000,3440,800
1660,1659000,3440,880
1661,1660000,3440,880
1662,1661000,3520,960
1663,1662000,3360,800
1664,1663000,3440,880
1665,1664000,3440,880
1666,1665000,3520,880
1667,1666000,3440,800
1668,1667000,3440,800
1669,1668000,3520,960
1670,1669000,3520,960
1671,1670000,3440,800
1672,1671000,3440,880
1673,1672000,3440,960
1674,1673000,3520,960
1675,1674000,3440,880
1676,1675000,3440,880
1677,1676000,3440,880
1678,1677000,3520,960
1679,1678000,3360,880
1680,1679000,3440,960
1681,1680000,3440,880
1682,1681000,3520,960
1683,1682000,3440,800
1684,1683000,3520,880
1685,1684000,3440,880
1686,1685000,3520,960
1687,1686000,3440,800
1688,1687000,3520,880
1689,1688000,3440,880
1690,1689000,3520,960
1691,1690000,3440,800
1692,1691000,3440,800
1693,1692000,3520,880
1694,1693000,3520,960
1695,1694000,3360,800
1696,1695000,3440,960
1697,1696000,3440,880
1698,1697000,3520,960
1699,1698000,3440,800
1700,1699000,3440,880
1701,1700000,3520,800
1702,1701000,3520,880
1703,1702000,3360,800
1704,1703000,3360,880
1705,1704000,3520,880
1706,1705000,3520,880
1707,1706000,3440,880
1708,1707000,3440,880
1709,1708000,3440,800
1710,1709000,3520,960
1711,1710000,3440,800
1712,1711000,3440,960
1713,1712000,3360,880
1714,1713000,3520,960
1715,1714000,3360,880
1716,1715000,3440,880
1717,1716000,3440,880
1718,1717000,3520,960
1719,1718000,3440,880
1720,1719000,3520,880
1721,1720000,3520,960
1722,1721000,3520,960
1723,1722000,3440,880
1724,1723000,3440,880
1725,1724000,3520,880
1726,1725000,3520,960
1727,1726000,3360,800
1728,1727000,3440,880
1729,1728000,80,960
1730,1729000,80,960
1731,1730000,80,800
1732,1731000,80,880
1733,1732000,80,880
1734,1733000,160,960
1735,1734000,80,880
1736,1735000,80,960
1737,1736000,160,880
1738,1737000,160,960
1739,1738000,80,880
1740,1739000,80,880
1741,1740000,80,880
1742,1741000,160,960
1743,1742000,80,800
1744,1743000,80,880
1745,1744000,160,880
1746,1745000,160,960
1747,1746000,80,880
1748,1747000,80,880
1749,1748000,80,880
1750,1749000,160,880
1751,1750000,80,800
1752,1751000,80,880
1753,1752000,80,960
1754,1753000,80,960
1755,1754000,80,880
1756,1755000,80,880
1757,1756000,80,800
1758,1757000,160,880
1759,1758000,0,800
1760,1759000,0,880
1761,1760000,80,880
1762,1761000,160,960
1763,1762000,0,800
1764,1763000,80,880
1765,1764000,80,880
1766,1765000,160,960
1767,1766000,80,800
1768,1767000,80,880
1769,1768000,160,880
1770,1769000,160,960
1771,1770000,80,800
1772,1771000,80,880
1773,1772000,80,880
1774,1773000,80,880
1775,1774000,80,880
1776,1775000,80,880
1777,1776000,80,960
1778,1777000,160,2800
1779,1778000,80,880
1780,1779000,80,2720
1781,1780000,80,2720
1782,1781000,3520,2800
1783,1782000,80,2640
1784,1783000,3520,2800
1785,1784000,3440,2800
1786,1785000,3520,2800
1787,1786000,3360,2720
1788,1787000,3440,2720
1789,1788000,3440,2800
1790,1789000,3520,2800
1791,1790000,3440,2640
1792,1791000,3440,2720
1793,1792000,3440,2800
1794,1793000,3520,2800
1795,1794000,3360,2640
1796,1795000,3440,2720
1797,1796000,3520,2800
1798,1797000,3520,2800
1799,1798000,3360,2720
1800,1799000,3520,2720
1801,1800000,3520,2720
1802,1801000,3520,2800
1803,1802000,3360,2640
1804,1803000,3440,2800
1805,1804000,3440,2720
1806,1805000,3520,2800
1807,1806000,3440,2640
1808,1807000,3440,2800
1809,1808000,3440,2720
1810,1809000,3520,2800
1811,1810000,3440,2720
1812,1811000,3520,2800
1813,1812000,3440,2800
1814,1813000,3440,2800
1815,1814000,3440,2640
1816,1815000,3440,2800
1817,1816000,3440,2800
1818,1817000,3520,2800
1819,1818000,3360,2720
1820,1819000,3440,2720
1821,1820000,3440,2800
1822,1821000,3520,2800
1823,1822000,80,2640
1824,1823000,80,2720
1825,1824000,80,2720
1826,1825000,160,2800
1827,1826000,0,2720
1828,1827000,80,2720
1829,1828000,80,2800
1830,1829000,160,3280
1831,1830000,0,2720
1832,1831000,80,3280
1833,1832000,160,3280
1834,1833000,160,3280
1835,1834000,80,3200
1836,1835000,80,3200
1837,1836000,80,3200
1838,1837000,160,3280
1839,1838000,80,3200
1840,1839000,80,3280
1841,1840000,80,3280
1842,1841000,80,3280
1843,1842000,80,3200
1844,1843000,80,3280
1845,1844000,80,3280
1846,1845000,80,3280
1847,1846000,0,3200
1848,1847000,80,3200
1849,1848000,160,3280
1850,1849000,160,3280
1851,1850000,0,3200
1852,1851000,80,3280
1853,1852000,80,3280
1854,1853000,160,3280
1855,1854000,0,3200
1856,1855000,80,3200
1857,1856000,80,3280
1858,1857000,80,3280
1859,1858000,80,3200
1860,1859000,80,3280
1861,1860000,80,3200
1862,1861000,160,3280
1863,1862000,0,3200
1864,1863000,80,3200
1865,1864000,0,3280
1866,1865000,160,3280
1867,1866000,0,3200
1868,1867000,80,3280
1869,1868000,80,3200
1870,1869000,80,3280
1871,1870000,0,3200
1872,1871000,0,3280
1873,1872000,160,3280
1874,1873000,160,3280
1875,1874000,80,3200
1876,1875000,80,3280
1877,1876000,80,3280
1878,1877000,160,3280
1879,1878000,0,3200
1880,1879000,0,3200
1881,1880000,80,3280
1882,1881000,160,3280
1883,1882000,0,3200
1884,1883000,80,3200
1885,1884000,80,3280
1886,1885000,160,3280
1887,1886000,80,3200
1888,1887000,80,3280
1889,1888000,160,3200
1890,1889000,160,3280
1891,1890000,80,3200
1892,1891000,80,3200
1893,1892000,80,3200
1894,1893000,80,3280
1895,1894000,0,3200
1896,1895000,0,3200
1897,1896000,80,3280
1898,1897000,80,3280
1899,1898000,80,3200
1900,1899000,80,3200
1901,1900000,80,3280
1902,1901000,160,3280
1903,1902000,0,3200
1904,1903000,80,3280
1905,1904000,80,3280
1906,1905000,80,3360
1907,1906000,80,3200
1908,1907000,80,3280
1909,1908000,80,3200
1910,1909000,80,3280
1911,1910000,0,3200
1912,1911000,80,3280
1913,1912000,160,3280
1914,1913000,160,3280
1915,1914000,80,3200
1916,1915000,80,3200
1917,1916000,80,3200
1918,1917000,160,3280
1919,1918000,0,3200
1920,1919000,80,3200
1921,1920000,80,3280
1922,1921000,160,3280
1923,1922000,80,3200
1924,1923000,80,3280
1925,1924000,80,3280
1926,1925000,160,3280
1927,1926000,80,3200
1928,1927000,160,3280
1929,1928000,80,3280
1930,1929000,80,3280
1931,1930000,80,3120
1932,1931000,80,3280
1933,1932000,80,3280
1934,1933000,80,3280
1935,1934000,80,3200
1936,1935000,80,3200
1937,1936000,80,3200
1938,1937000,160,3280
1939,1938000,0,3200
1940,1939000,0,3200
1941,1940000,80,3280
1942,1941000,80,3280
1943,1942000,80,3200
1944,1943000,80,3280
1945,1944000,80,3200
1946,1945000,80,3280
1947,1946000,80,3200
1948,1947000,80,3280
1949,1948000,0,3280
1950,1949000,160,3280
1951,1950000,0,3200
1952,1951000,80,3280
1953,1952000,80,3200
1954,1953000,160,3280
1955,1954000,0,3200
1956,1955000,160,3200
1957,1956000,80,3200
1958,1957000,80,3280
1959,1958000,0,3200
1960,1959000,80,3280
1961,1960000,80,3280
1962,1961000,160,3280
1963,1962000,80,3200
1964,1963000,80,3280
1965,1964000,80,3280
1966,1965000,80,3280
1967,1966000,80,3200
1968,1967000,80,3280
1969,1968000,80,3200
1970,1969000,80,3280
1971,1970000,80,3200
1972,1971000,80,3280
1973,1972000,80,3280
1974,1973000,160,3280
1975,1974000,0,3200
1976,1975000,80,3200
1977,1976000,80,3200
1978,1977000,160,3280
1979,1978000,80,3200
1980,1979000,160,3200
1981,1980000,80,3280
1982,1981000,160,3280
1983,1982000,80,3200
1984,1983000,80,3280
1985,1984000,80,3280
1986,1985000,80,3280
1987,1986000,80,3200
1988,1987000,80,3280
1989,1988000,80,3280
1990,1989000,80,3280
1991,1990000,80,3200
1992,1991000,80,3200
1993,1992000,80,3200
1994,1993000,80,3280
1995,1994000,0,3200
1996,1995000,80,3200
1997,1996000,0,3280
1998,1997000,160,3280
1999,1998000,0,3200
2000,1999000,80,3280
2001,2000000,80,3280
2002,2001000,80,3280
2003,2002000,80,3200
2004,2003000,80,3200
2005,2004000,80,3280
2006,2005000,80,3280
2007,2006000,80,3200
2008,2007000,80,3200
2009,2008000,160,3280
2010,2009000,160,3280
2011,2010000,80,3200
2012,2011000,80,3280
2013,2012000,80,3280
2014,2013000,160,3280
2015,2014000,0,3200
2016,2015000,80,3280
2017,2016000,80,3280
2018,2017000,80,3280
2019,2018000,0,3200
2020,2019000,80,3280
2021,2020000,80,3200
2022,2021000,160,3280
2023,2022000,0,3200
2024,2023000,0,3280
2025,2024000,80,3280
2026,2025000,160,3280
2027,2026000,80,3200
2028,2027000,80,3280
2029,2028000,160,3280
2030,2029000,160,3280
2031,2030000,80,3200
2032,2031000,80,3280
2033,2032000,0,3280
2034,2033000,160,3280
2035,2034000,0,3200
2036,2035000,80,3280
2037,2036000,160,3200
2038,2037000,160,3280
2039,2038000,0,3200
2040,2039000,80,3200
2041,2040000,80,3200
2042,2041000,160,3280
2043,2042000,0,3200
2044,2043000,80,3200
2045,2044000,80,3200
2046,2045000,160,3280
2047,2046000,80,3200
2048,2047000,80,3200
2049,2048000,80,3200
2050,2049000,160,3280
2051,2050000,0,3200
2052,2051000,160,3280
2053,2052000,80,3280
2054,2053000,160,3280
2055,2054000,0,3200
2056,2055000,80,3200
2057,2056000,80,3200
2058,2057000,80,3280
2059,2058000,80,3200
2060,2059000,80,3280
2061,2060000,0,3200
2062,2061000,80,3280
2063,2062000,0,3200
2064,2063000,80,3200
2065,2064000,80,3280
2066,2065000,80,3280
2067,2066000,0,3200
2068,2067000,80,3200
2069,2068000,80,3200
2070,2069000,160,3280
2071,2070000,80,3200
2072,2071000,80,3280
2073,2072000,80,3200
2074,2073000,160,3280
2075,2074000,0,3200
2076,2075000,0,3280
2077,2076000,80,3200
2078,2077000,80,3280
2079,2078000,0,3200
2080,2079000,80,3200
2081,2080000,0,3280
2082,2081000,160,3280
2083,2082000,0,3200
2084,2083000,80,3280
2085,2084000,80,3280
2086,2085000,160,3280
2087,2086000,0,3200
2088,2087000,160,3200
2089,2088000,80,3280
2090,2089000,80,3280
2091,2090000,0,3200
2092,2091000,80,3280
2093,2092000,80,3200
2094,2093000,160,3280
2095,2094000,0,3200
2096,2095000,80,3200
2097,2096000,80,3200
2098,2097000,160,3280
2099,2098000,80,3200
2100,2099000,80,3200
2101,2100000,80,3200
2102,2101000,160,3360
2103,2102000,0,3200
2104,2103000,80,3280
2105,2104000,160,3280
2106,2105000,160,3280
2107,2106000,0,3200
2108,2107000,80,3200
2109,2108000,80,3280
2110,2109000,160,3280
2111,2110000,80,3200
2112,2111000,80,3280
2113,2112000,80,3280
2114,2113000,160,3280
2115,2114000,0,3200
2116,2115000,80,3280
2117,2116000,80,3200
2118,2117000,80,3280
2119,2118000,0,3200
2120,2119000,80,3200
2121,2120000,80,3200
2122,2121000,160,3280
2123,2122000,0,3200
2124,2123000,80,3200
2125,2124000,80,3280
2126,2125000,80,3360
2127,2126000,0,3200
2128,2127000,80,3200
2129,2128000,80,2800
2130,2129000,160,2800
2131,2130000,80,2720
2132,2131000,80,2720
2133,2132000,80,2720
2134,2133000,160,2800
2135,2134000,0,2720
2136,2135000,80,2800
2137,2136000,80,2720
2138,2137000,160,2800
2139,2138000,80,2720
2140,2139000,160,2800
2141,2140000,80,2800
2142,2141000,160,2800
2143,2142000,80,2720
2144,2143000,80,2720
2145,2144000,80,2800
2146,2145000,160,2800
2147,2146000,0,2720
2148,2147000,80,2800
2149,2148000,80,2720
2150,2149000,160,2800
2151,2150000,0,2720
2152,2151000,0,2720
2153,2152000,80,2720
2154,2153000,160,2800
2155,2154000,80,2720
2156,2155000,80,2800
2157,2156000,0,2720
2158,2157000,80,2800
2159,2158000,0,2720
2160,2159000,80,2720
2161,2160000,80,2800
2162,2161000,80,2800
2163,2162000,80,2640
2164,2163000,80,2720
2165,2164000,80,2720
2166,2165000,80,2800
2167,2166000,80,2720
2168,2167000,80,2720
2169,2168000,80,2800
2170,2169000,160,2800
2171,2170000,80,2720
2172,2171000,80,2720
2173,2172000,80,2720
2174,2173000,3520,2800
2175,2174000,0,2720
2176,2175000,3520,2720
2177,2176000,3360,2800
2178,2177000,3520,2800
2179,2178000,3360,2720
2180,2179000,3360,2720
2181,2180000,3440,2720
2182,2181000,3520,2800
2183,2182000,3440,880
2184,2183000,3440,880
2185,2184000,3440,880
2186,2185000,3520,880
2187,2186000,3360,800
2188,2187000,3440,880
2189,2188000,3440,880
2190,2189000,3520,880
2191,2190000,3440,880
2192,2191000,3440,880
2193,2192000,3440,880
2194,2193000,3520,960
2195,2194000,3440,880
2196,2195000,3440,960
2197,2196000,3360,880
2198,2197000,3520,960
2199,2198000,3360,880
2200,2199000,3360,960
2201,2200000,3360,960
2202,2201000,3520,960
2203,2202000,3360,800
2204,2203000,3440,880
2205,2204000,3440,880
2206,2205000,3520,960
2207,2206000,3360,880
2208,2207000,3440,880
2209,2208000,3440,880
2210,2209000,3520,880
2211,2210000,3440,880
2212,2211000,3520,880
2213,2212000,3440,880
2214,2213000,3520,960
2215,2214000,3440,800
2216,2215000,3440,880
2217,2216000,3520,880
2218,2217000,3520,880
2219,2218000,3360,800
2220,2219000,3520,880
2221,2220000,3440,880
2222,2221000,3520,880
2223,2222000,3440,880
2224,2223000,3440,880
2225,2224000,3440,880
2226,2225000,3520,880
2227,2226000,3360,880
2228,2227000,3440,880
2229,2228000,3520,880
2230,2229000,3520,880
2231,2230000,3440,800
2232,2231000,3440,880
2233,2232000,3440,720
2234,2233000,3520,960
2235,2234000,3440,720
2236,2235000,3440,880
2237,2236000,3440,880
2238,2237000,3520,880
2239,2238000,3440,800
2240,2239000,3440,800
2241,2240000,3440,880
2242,2241000,3520,960
2243,2242000,3360,800
2244,2243000,3440,800
2245,2244000,3440,880
2246,2245000,3520,880
2247,2246000,3360,880
2248,2247000,3360,880
2249,2248000,3440,880
2250,2249000,3520,960
2251,2250000,3360,880
2252,2251000,3360,880
2253,2252000,3440,880
2254,2253000,3520,960
2255,2254000,3440,880
2256,2255000,3440,960
2257,2256000,3440,880
2258,2257000,3520,960
2259,2258000,3440,880
2260,2259000,3440,880
2261,2260000,3440,880
2262,2261000,3520,960
2263,2262000,3440,880
2264,2263000,3440,960
2265,2264000,3520,880
2266,2265000,3520,960
2267,2266000,3440,800
2268,2267000,3440,880
2269,2268000,3440,880
2270,2269000,3520,880
2271,2270000,3360,800
2272,2271000,3440,800
2273,2272000,3440,880
2274,2273000,3440,880
2275,2274000,3440,800
2276,2275000,3440,880
2277,2276000,3440,880
2278,2277000,3520,880
2279,2278000,3440,880
2280,2279000,3440,880
2281,2280000,3440,960
2282,2281000,3520,960
2283,2282000,3360,800
2284,2283000,3440,880
2285,2284000,3440,880
2286,2285000,3520,960
2287,2286000,3440,880
2288,2287000,3440,880
2289,2288000,3440,880
2290,2289000,3520,960
2291,2290000,3440,880
2292,2291000,3520,880
2293,2292000,3440,880
2294,2293000,3520,880
2295,2294000,3440,880
2296,2295000,3520,880
2297,2296000,3520,880
2298,2297000,3520,960
2299,2298000,3360,880
2300,2299000,3520,960
2301,2300000,3440,880
2302,2301000,3520,880
2303,2302000,3440,800
2304,2303000,3520,800
2305,2304000,3440,880
2306,2305000,3520,960
2307,2306000,3440,800
2308,2307000,3520,880
2309,2308000,3440,880
2310,2309000,3520,960
2311,2310000,3360,880
2312,2311000,3440,880
2313,2312000,3440,880
2314,2313000,3520,960
2315,2314000,3360,800
2316,2315000,3440,800
2317,2316000,3520,960
2318,2317000,3520,960
2319,2318000,3360,880
2320,2319000,3360,880
2321,2320000,3440,880
2322,2321000,3520,880
2323,2322000,3440,880
2324,2323000,3520,880
2325,2324000,3440,880
2326,2325000,3520,880
2327,2326000,3440,880
2328,2327000,3520,880
2329,2328000,3440,880
2330,2329000,3520,880
2331,2330000,3360,800
2332,2331000,3440,800
2333,2332000,3440,880
2334,2333000,3520,960
2335,2334000,3440,880
2336,2335000,3520,880
2337,2336000,3440,960
2338,2337000,3520,960
2339,2338000,3360,880
2340,2339000,3440,880
2341,2340000,3520,880
2342,2341000,3520,960
2343,2342000,3360,880
2344,2343000,3360,880
2345,2344000,3440,880
2346,2345000,3520,880
2347,2346000,3360,880
2348,2347000,3440,880
2349,2348000,3440,880
2350,2349000,3520,960
2351,2350000,3440,800
2352,2351000,3520,880
2353,2352000,3520,880
2354,2353000,3520,960
2355,2354000,3360,800
2356,2355000,3440,800
2357,2356000,3440,880
2358,2357000,3520,960
2359,2358000,3440,800
2360,2359000,3440,960
2361,2360000,3520,960
2362,2361000,3520,960
2363,2362000,3440,880
2364,2363000,3440,960
2365,2364000,3440,880
2366,2365000,3520,960
2367,2366000,3440,880
2368,2367000,3440,880
2369,2368000,3440,880
2370,2369000,3440,960
2371,2370000,3360,800
2372,2371000,3440,960
2373,2372000,3520,960
2374,2373000,3520,960
2375,2374000,3360,880
2376,2375000,3440,880
2377,2376000,3440,960
2378,2377000,3520,960
2379,2378000,3440,800
2380,2379000,3520,800
2381,2380000,3440,880
2382,2381000,3520,960
2383,2382000,3360,880
2384,2383000,3440,880
2385,2384000,3440,880
2386,2385000,3520,880
2387,2386000,3440,800
2388,2387000,3520,880
2389,2388000,3520,880
2390,2389000,3520,960
2391,2390000,3440,880
2392,2391000,3440,880
2393,2392000,3440,880
2394,2393000,3520,960
2395,2394000,3360,880
2396,2395000,3440,880
2397,2396000,3440,880
2398,2397000,3520,880
2399,2398000,3440,880
2400,2399000,3440,880
2401,2400000,3440,960
2402,2401000,3520,960
2403,2402000,3360,880
2404,2403000,3440,880
2405,2404000,3440,800
2406,2405000,3520,960
2407,2406000,3440,800
2408,2407000,3440,880
2409,2408000,3440,880
2410,2409000,3520,960
2411,2410000,3360,880
2412,2411000,3520,880
2413,2412000,3440,880
2414,2413000,3520,880
2415,2414000,3440,880
2416,2415000,3520,880
2417,2416000,3440,880
2418,2417000,3520,960
2419,2418000,3360,880
2420,2419000,3360,880
2421,2420000,3440,880
2422,2421000,3520,960
2423,2422000,3360,880
2424,2423000,3440,880
2425,2424000,3360,880
2426,2425000,3520,960
2427,2426000,3360,880
2428,2427000,3440,880
2429,2428000,3440,880
2430,2429000,3440,960
2431,2430000,80,880
2432,2431000,80,880
2433,2432000,80,880
2434,2433000,80,880
2435,2434000,0,880
2436,2435000,80,880
2437,2436000,80,880
2438,2437000,80,960
2439,2438000,80,880
2440,2439000,80,880
2441,2440000,80,960
2442,2441000,80,960
2443,2442000,0,800
2444,2443000,80,880
2445,2444000,80,800
2446,2445000,80,880
2447,2446000,0,800
2448,2447000,80,880
2449,2448000,80,880
2450,2449000,160,880
2451,2450000,0,800
2452,2451000,80,880
2453,2452000,80,880
2454,2453000,160,960
2455,2454000,0,880
2456,2455000,80,880
2457,2456000,80,880
2458,2457000,160,960
2459,2458000,0,880
2460,2459000,160,880
2461,2460000,80,880
2462,2461000,160,960
2463,2462000,80,880
2464,2463000,160,880
2465,2464000,80,880
2466,2465000,80,960
2467,2466000,0,800
2468,2467000,80,880
2469,2468000,80,880
2470,2469000,80,880
2471,2470000,80,880
2472,2471000,80,880
2473,2472000,80,880
2474,2473000,160,880
2475,2474000,80,880
2476,2475000,80,880
2477,2476000,80,960
2478,2477000,160,960
2479,2478000,0,800
2480,2479000,80,880
2481,2480000,80,880
2482,2481000,3440,2800
2483,2482000,0,880
2484,2483000,3440,2800
2485,2484000,3520,2720
2486,2485000,3520,2800
2487,2486000,3360,2720
2488,2487000,3440,2800
2489,2488000,3440,2720
2490,2489000,3520,2800
2491,2490000,3360,2720
2492,2491000,3440,2720
2493,2492000,3440,2800
2494,2493000,3520,2800
2495,2494000,3360,2720
2496,2495000,3440,2800
2497,2496000,3440,2720
2498,2497000,3440,2800
2499,2498000,3360,2640
2500,2499000,3440,2800
2501,2500000,3440,2800
2502,2501000,3520,2800
2503,2502000,3360,2720
2504,2503000,3440,2720
2505,2504000,3520,2800
2506,2505000,3520,2800
2507,2506000,3440,2640
2508,2507000,3520,2720
2509,2508000,3440,2800
2510,2509000,3520,2800
2511,2510000,3360,2720
2512,2511000,3440,2720
2513,2512000,3440,2720
2514,2513000,3520,2800
2515,2514000,3360,2640
2516,2515000,3520,2720
2517,2516000,3440,2800
2518,2517000,3520,2800
2519,2518000,3440,2720
2520,2519000,3440,2800
2521,2520000,3440,2720
2522,2521000,3520,2800
2523,2522000,3440,2640
2524,2523000,3440,2640
2525,2524000,3520,2800
2526,2525000,3520,2800
2527,2526000,80,2720
2528,2527000,160,2720
2529,2528000,80,2720
2530,2529000,160,2800
2531,2530000,80,2720
2532,2531000,80,2720
2533,2532000,80,2720
2534,2533000,160,3280
2535,2534000,0,2720
2536,2535000,0,3280
2537,2536000,80,3280
2538,2537000,160,3280
2539,2538000,80,3200
2540,2539000,80,3280
2541,2540000,80,3280
2542,2541000,160,3280
2543,2542000,0,3200
2544,2543000,80,3280
2545,2544000,80,3280
2546,2545000,160,3280
2547,2546000,0,3200
2548,2547000,160,3200
2549,2548000,80,3280
2550,2549000,80,3280
2551,2550000,0,3200
2552,2551000,80,3280
2553,2552000,0,3200
2554,2553000,160,3280
2555,2554000,0,3200
2556,2555000,80,3280
2557,2556000,80,3280
2558,2557000,160,3280
2559,2558000,0,3200
2560,2559000,160,3200
2561,2560000,80,3280
2562,2561000,160,3280
2563,2562000,80,3200
2564,2563000,80,3200
2565,2564000,80,3280
2566,2565000,160,3280
2567,2566000,80,3200
2568,2567000,80,3200
2569,2568000,80,3200
2570,2569000,160,3280
2571,2570000,80,3200
2572,2571000,160,3200
2573,2572000,80,3280
2574,2573000,160,3280
2575,2574000,0,3200
2576,2575000,80,3280
2577,2576000,80,3200
2578,2577000,160,3280
2579,2578000,0,3200
2580,2579000,80,3200
2581,2580000,80,3280
2582,2581000,160,3280
2583,2582000,80,3120
2584,2583000,80,3280
2585,2584000,80,3200
2586,2585000,160,3280
2587,2586000,80,3200
2588,2587000,80,3200
2589,2588000,80,3200
2590,2589000,160,3280
2591,2590000,80,3200
2592,2591000,160,3280
2593,2592000,80,3280
2594,2593000,160,3280
2595,2594000,0,3200
2596,2595000,160,3280
2597,2596000,80,3280
2598,2597000,160,3280
2599,2598000,80,3200
2600,2599000,80,3280
2601,2600000,80,3200
2602,2601000,80,3280
2603,2602000,0,3200
2604,2603000,80,3280
2605,2604000,80,3200
2606,2605000,160,3280
2607,2606000,80,3200
2608,2607000,80,3280
2609,2608000,80,3280
2610,2609000,160,3280
2611,2610000,80,3200
2612,2611000,80,3280
2613,2612000,80,3280
2614,2613000,80,3280
2615,2614000,80,3200
2616,2615000,80,3200
2617,2616000,80,3280
2618,2617000,160,3280
2619,2618000,0,3200
2620,2619000,160,3280
2621,2620000,80,3280
2622,2621000,160,3280
2623,2622000,0,3200
2624,2623000,80,3280
2625,2624000,0,3200
2626,2625000,160,3280
2627,2626000,0,3200
2628,2627000,80,3280
2629,2628000,80,3200
2630,2629000,160,3280
2631,2630000,80,3200
2632,2631000,160,3280
2633,2632000,80,3200
2634,2633000,80,3280
2635,2634000,80,3200
2636,2635000,80,3280
2637,2636000,80,3280
2638,2637000,80,3360
2639,2638000,80,3200
2640,2639000,80,3280
2641,2640000,80,3200
2642,2641000,160,3280
2643,2642000,80,3120
2644,2643000,160,3200
2645,2644000,160,3280
2646,2645000,160,3280
2647,2646000,0,3200
2648,2647000,80,3200
2649,2648000,80,3200
2650,2649000,80,3280
2651,2650000,0,3200
2652,2651000,80,3200
2653,2652000,80,3280
2654,2653000,240,3280
2655,2654000,0,3200
2656,2655000,0,3280
2657,2656000,80,3280
2658,2657000,160,3280
2659,2658000,80,3200
2660,2659000,80,3280
2661,2660000,80,3280
2662,2661000,160,3280
2663,2662000,80,3200
2664,2663000,80,3280
2665,2664000,160,3280
2666,2665000,160,3280
2667,2666000,80,3200
2668,2667000,80,3280
2669,2668000,80,3280
2670,2669000,80,3280
2671,2670000,80,3200
2672,2671000,80,3280
2673,2672000,80,3280
2674,2673000,80,3280
2675,2674000,80,3200
2676,2675000,80,3200
2677,2676000,80,3200
2678,2677000,160,3280
2679,2678000,0,3200
2680,2679000,160,3200
2681,2680000,160,3200
2682,2681000,160,3280
2683,2682000,0,3200
2684,2683000,80,3200
2685,2684000,0,3280
2686,2685000,160,3280
2687,2686000,0,3200
2688,2687000,0,3280
2689,2688000,80,3200
2690,2689000,160,3280
2691,2690000,80,3200
2692,2691000,160,3200
2693,2692000,80,3280
2694,2693000,160,3280
2695,2694000,80,3200
2696,2695000,80,3280
2697,2696000,160,3280
2698,2697000,160,3280
2699,2698000,0,3200
2700,2699000,80,3280
2701,2700000,80,3200
2702,2701000,160,3280
2703,2702000,0,3200
2704,2703000,160,3200
2705,2704000,80,3200
2706,2705000,80,3280
2707,2706000,0,3200
2708,2707000,80,3200
2709,2708000,80,3280
2710,2709000,80,3280
2711,2710000,0,3200
2712,2711000,80,3280
2713,2712000,160,3280
2714,2713000,160,3280
2715,2714000,0,3200
2716,2715000,160,3280
2717,2716000,80,3200
2718,2717000,80,3280
2719,2718000,0,3200
2720,2719000,80,3280
2721,2720000,80,3280
2722,2721000,80,3280
2723,2722000,80,3200
2724,2723000,80,3280
2725,2724000,160,3200
2726,2725000,160,3280
2727,2726000,0,3200
2728,2727000,80,3280
2729,2728000,0,3280
2730,2729000,160,3280
2731,2730000,0,3200
2732,2731000,80,3280
2733,2732000,80,3280
2734,2733000,160,3280
2735,2734000,80,3200
2736,2735000,80,3280
2737,2736000,80,3200
2738,2737000,80,3280
2739,2738000,80,3200
2740,2739000,80,3200
2741,2740000,80,3200
2742,2741000,160,3280
2743,2742000,80,3200
2744,2743000,80,3200
