Save Time:,7/14/2026 14:49,,
,,CH1,CH2
Frequency:,,2.845 Hz,2.845 Hz
Period:,,351.500 mS,351.500 mS
SP:,,1000.000 uS,1000.000 uS
PK-PK:,,3.600 V,3.520 V
,,,
Units:(mV),,,
1,1000.000us,80,0
2,2000.000us,160,80
3,3000.000us,80,0
4,4000.000us,80,0
5,5000.000us,80,-80
6,6000.000us,80,80
7,7000.000us,0,-80
8,8000.000us,80,80
9,9000.000us,80,0
10,10000.000us,160,80
11,11000.000us,0,0
12,12000.000us,160,0
13,13000.000us,80,0
14,14000.000us,160,80
15,15000.000us,0,0
16,16000.000us,80,80
17,17000.000us,0,0
18,18000.000us,160,3440
19,19000.000us,0,0
20,20000.000us,80,3440
21,21000.000us,80,80
22,22000.000us,160,80
23,23000.000us,0,0
24,24000.000us,80,80
25,25000.000us,80,80
26,26000.000us,80,80
27,27000.000us,0,0
28,28000.000us,80,0
29,29000.000us,80,0
30,30000.000us,80,80
31,31000.000us,0,0
32,32000.000us,80,0
33,33000.000us,80,0
34,34000.000us,80,80
35,35000.000us,0,0
36,36000.000us,80,80
37,37000.000us,80,0
38,38000.000us,80,80
39,39000.000us,0,0
40,40000.000us,0,0
41,41000.000us,80,0
42,42000.000us,160,80
43,43000.000us,0,0
44,44000.000us,0,0
45,45000.000us,80,0
46,46000.000us,160,80
47,47000.000us,0,0
48,48000.000us,80,80
49,49000.000us,0,0
50,50000.000us,80,80
51,51000.000us,0,0
52,52000.000us,80,80
53,53000.000us,160,80
54,54000.000us,160,80
55,55000.000us,0,0
56,56000.000us,80,0
57,57000.000us,80,80
58,58000.000us,160,80
59,59000.000us,0,0
60,60000.000us,80,0
61,61000.000us,0,80
62,62000.000us,3520,80
63,63000.000us,0,0
64,64000.000us,3520,80
65,65000.000us,3440,80
66,66000.000us,3520,80
67,67000.000us,3440,0
68,68000.000us,3440,80
69,69000.000us,3440,80
70,70000.000us,3520,3440
71,71000.000us,3440,0
72,72000.000us,3440,3440
73,73000.000us,3440,3440
74,74000.000us,3520,3440
75,75000.000us,3440,0
76,76000.000us,3440,80
77,77000.000us,3440,80
78,78000.000us,3520,80
79,79000.000us,3440,0
80,80000.000us,3440,80
81,81000.000us,3440,80
82,82000.000us,3520,80
83,83000.000us,3440,0
84,84000.000us,3440,80
85,85000.000us,3360,0
86,86000.000us,3520,80
87,87000.000us,3360,0
88,88000.000us,3440,80
89,89000.000us,3520,0
90,90000.000us,3520,80
91,91000.000us,3440,0
92,92000.000us,3440,80
93,93000.000us,3440,80
94,94000.000us,3520,80
95,95000.000us,3440,0
96,96000.000us,3440,80
97,97000.000us,3440,0
98,98000.000us,3440,80
99,99000.000us,3440,0
100,100000.000us,3440,0
101,101000.000us,3360,0
102,102000.000us,3520,80
103,103000.000us,3360,0
104,104000.000us,3440,80
105,105000.000us,3440,80
106,106000.000us,3520,80
107,107000.000us,3360,0
108,108000.000us,3440,80
109,109000.000us,3440,0
110,110000.000us,3520,80
111,111000.000us,3360,0
112,112000.000us,3440,0
113,113000.000us,3520,0
114,114000.000us,3520,80
115,115000.000us,3440,0
116,116000.000us,3520,80
117,117000.000us,3520,0
118,118000.000us,3520,80
119,119000.000us,3440,0
120,120000.000us,3440,0
121,121000.000us,3440,-80
122,122000.000us,3440,80
123,123000.000us,3360,-80
124,124000.000us,3440,0
125,125000.000us,3520,0
126,126000.000us,3520,80
127,127000.000us,3440,0
128,128000.000us,3440,0
129,129000.000us,3440,0
130,130000.000us,3520,80
131,131000.000us,3360,0
132,132000.000us,3440,0
133,133000.000us,3440,0
134,134000.000us,3520,80
135,135000.000us,3360,0
136,136000.000us,3520,0
137,137000.000us,3440,0
138,138000.000us,3520,80
139,139000.000us,3360,0
140,140000.000us,3360,0
141,141000.000us,3440,80
142,142000.000us,3520,80
143,143000.000us,3440,0
144,144000.000us,3440,80
145,145000.000us,3440,80
146,146000.000us,3440,80
147,147000.000us,3440,0
148,148000.000us,3440,0
149,149000.000us,3520,80
150,150000.000us,3520,80
151,151000.000us,3360,0
152,152000.000us,3440,0
153,153000.000us,3440,0
154,154000.000us,3520,80
155,155000.000us,3440,0
156,156000.000us,3440,0
157,157000.000us,3440,80
158,158000.000us,3520,80
159,159000.000us,3440,0
160,160000.000us,3440,0
161,161000.000us,3440,0
162,162000.000us,3520,80
163,163000.000us,3360,0
164,164000.000us,3520,0
165,165000.000us,3440,0
166,166000.000us,3520,80
167,167000.000us,3440,0
168,168000.000us,3520,80
169,169000.000us,3440,80
170,170000.000us,3520,80
171,171000.000us,3440,0
172,172000.000us,3440,80
173,173000.000us,3440,80
174,174000.000us,3520,80
175,175000.000us,3440,0
176,176000.000us,3440,0
177,177000.000us,3440,80
178,178000.000us,3520,80
179,179000.000us,3440,0
180,180000.000us,3440,80
181,181000.000us,3440,0
182,182000.000us,3520,80
183,183000.000us,3360,0
184,184000.000us,3440,0
185,185000.000us,3440,80
186,186000.000us,3520,80
187,187000.000us,3440,0
188,188000.000us,3440,80
189,189000.000us,3440,0
190,190000.000us,3520,80
191,191000.000us,3440,0
192,192000.000us,3440,80
193,193000.000us,3440,0
194,194000.000us,3520,80
195,195000.000us,3440,0
196,196000.000us,3440,0
197,197000.000us,3520,80
198,198000.000us,3520,80
199,199000.000us,3360,0
200,200000.000us,3360,0
201,201000.000us,3440,0
202,202000.000us,3520,80
203,203000.000us,3360,0
204,204000.000us,3440,0
205,205000.000us,3440,80
206,206000.000us,3520,80
207,207000.000us,3360,0
208,208000.000us,3520,0
209,209000.000us,3440,80
210,210000.000us,3520,80
211,211000.000us,3440,0
212,212000.000us,3440,0
213,213000.000us,3440,80
214,214000.000us,3520,80
215,215000.000us,3360,0
216,216000.000us,3440,80
217,217000.000us,3520,0
218,218000.000us,3520,80
219,219000.000us,3440,0
220,220000.000us,3440,0
221,221000.000us,3440,0
222,222000.000us,3520,80
223,223000.000us,3440,0
224,224000.000us,3440,80
225,225000.000us,3360,80
226,226000.000us,3520,80
227,227000.000us,3360,0
228,228000.000us,3360,0
229,229000.000us,3520,80
230,230000.000us,3520,80
231,231000.000us,3440,0
232,232000.000us,3440,80
233,233000.000us,3440,80
234,234000.000us,3520,80
235,235000.000us,3440,0
236,236000.000us,3440,0
237,237000.000us,3440,0
238,238000.000us,3520,80
239,239000.000us,3440,0
240,240000.000us,3440,80
241,241000.000us,3440,80
242,242000.000us,3520,80
243,243000.000us,3440,0
244,244000.000us,3440,80
245,245000.000us,3440,0
246,246000.000us,3520,80
247,247000.000us,3360,0
248,248000.000us,3440,80
249,249000.000us,3520,80
250,250000.000us,3520,80
251,251000.000us,3440,0
252,252000.000us,3520,80
253,253000.000us,3440,0
254,254000.000us,3440,80
255,255000.000us,3440,0
256,256000.000us,3440,80
257,257000.000us,3520,80
258,258000.000us,3520,80
259,259000.000us,3440,0
260,260000.000us,3440,0
261,261000.000us,3440,80
262,262000.000us,3520,80
263,263000.000us,3440,0
264,264000.000us,3440,80
265,265000.000us,3440,0
266,266000.000us,3440,80
267,267000.000us,3360,0
268,268000.000us,3440,80
269,269000.000us,3520,80
270,270000.000us,3520,80
271,271000.000us,3440,0
272,272000.000us,3440,80
273,273000.000us,3440,0
274,274000.000us,3520,80
275,275000.000us,3360,-80
276,276000.000us,3520,0
277,277000.000us,3440,80
278,278000.000us,3520,80
279,279000.000us,3440,0
280,280000.000us,3520,80
281,281000.000us,3440,0
282,282000.000us,3520,80
283,283000.000us,3440,0
284,284000.000us,3440,0
285,285000.000us,3440,80
286,286000.000us,3520,80
287,287000.000us,3360,0
288,288000.000us,3440,0
289,289000.000us,3520,0
290,290000.000us,3520,80
291,291000.000us,3360,0
292,292000.000us,3520,0
293,293000.000us,3440,0
294,294000.000us,3520,80
295,295000.000us,3440,0
296,296000.000us,3440,0
297,297000.000us,3520,0
298,298000.000us,3520,80
299,299000.000us,3360,0
300,300000.000us,3440,0
301,301000.000us,3440,0
302,302000.000us,3520,80
303,303000.000us,3440,0
304,304000.000us,3440,0
305,305000.000us,3440,0
306,306000.000us,3520,160
307,307000.000us,3440,0
308,308000.000us,3520,0
309,309000.000us,3520,0
310,310000.000us,3520,80
311,311000.000us,3440,0
312,312000.000us,3440,0
313,313000.000us,3440,0
314,314000.000us,3440,80
315,315000.000us,3440,0
316,316000.000us,3440,0
317,317000.000us,3440,0
318,318000.000us,3520,80
319,319000.000us,3360,0
320,320000.000us,3440,0
321,321000.000us,3520,0
322,322000.000us,3520,80
323,323000.000us,0,0
324,324000.000us,0,80
325,325000.000us,80,0
326,326000.000us,160,80
327,327000.000us,80,0
328,328000.000us,80,80
329,329000.000us,0,80
330,330000.000us,160,80
331,331000.000us,0,-80
332,332000.000us,160,-80
333,333000.000us,80,80
334,334000.000us,80,80
335,335000.000us,80,0
336,336000.000us,80,80
337,337000.000us,80,0
338,338000.000us,160,80
339,339000.000us,80,0
340,340000.000us,80,0
341,341000.000us,80,80
342,342000.000us,160,80
343,343000.000us,0,0
344,344000.000us,80,0
345,345000.000us,80,80
346,346000.000us,80,80
347,347000.000us,0,0
348,348000.000us,80,80
349,349000.000us,80,80
350,350000.000us,80,80
351,351000.000us,80,0
352,352000.000us,80,0
353,353000.000us,0,0
354,354000.000us,80,80
355,355000.000us,0,0
356,356000.000us,80,80
357,357000.000us,0,80
358,358000.000us,80,80
359,359000.000us,0,0
360,360000.000us,80,80
361,361000.000us,160,80
362,362000.000us,160,80
363,363000.000us,0,0
364,364000.000us,80,0
365,365000.000us,80,0
366,366000.000us,160,80
367,367000.000us,0,-80
368,368000.000us,80,80
369,369000.000us,80,80
370,370000.000us,160,3360
371,371000.000us,0,0
372,372000.000us,80,3360
373,373000.000us,80,3440
374,374000.000us,3440,3440
375,375000.000us,80,0
376,376000.000us,3440,80
377,377000.000us,3440,80
378,378000.000us,3440,80
379,379000.000us,3360,0
380,380000.000us,3440,80
381,381000.000us,3440,0
382,382000.000us,3520,80
383,383000.000us,3360,0
384,384000.000us,3520,0
385,385000.000us,3440,0
386,386000.000us,3520,80
387,387000.000us,3360,0
388,388000.000us,3440,80
389,389000.000us,3360,0
390,390000.000us,3520,80
391,391000.000us,3360,0
392,392000.000us,3440,80
393,393000.000us,3440,0
394,394000.000us,3520,80
395,395000.000us,3360,0
396,396000.000us,3440,0
397,397000.000us,3440,0
398,398000.000us,3440,80
399,399000.000us,3360,-80
400,400000.000us,3360,80
401,401000.000us,3520,0
402,402000.000us,3520,80
403,403000.000us,3360,0
404,404000.000us,3440,0
405,405000.000us,3520,0
406,406000.000us,3520,80
407,407000.000us,3360,0
408,408000.000us,3440,0
409,409000.000us,3440,80
410,410000.000us,3520,80
411,411000.000us,3360,0
412,412000.000us,3520,80
413,413000.000us,3440,0
414,414000.000us,3440,160
415,415000.000us,0,0
416,416000.000us,80,0
417,417000.000us,80,80
418,418000.000us,80,80
419,419000.000us,0,0
420,420000.000us,80,0
421,421000.000us,80,0
422,422000.000us,80,3440
423,423000.000us,0,0
424,424000.000us,0,3440
425,425000.000us,80,3440
426,426000.000us,80,3440
427,427000.000us,0,0
428,428000.000us,80,80
429,429000.000us,80,0
430,430000.000us,160,80
431,431000.000us,0,-80
432,432000.000us,160,80
433,433000.000us,0,80
434,434000.000us,80,80
435,435000.000us,0,0
436,436000.000us,80,80
437,437000.000us,80,0
438,438000.000us,80,80
439,439000.000us,0,0
440,440000.000us,0,0
441,441000.000us,80,0
442,442000.000us,160,80
443,443000.000us,0,-80
444,444000.000us,80,80
445,445000.000us,80,0
446,446000.000us,80,80
447,447000.000us,80,0
448,448000.000us,80,80
449,449000.000us,0,0
450,450000.000us,160,80
451,451000.000us,0,0
452,452000.000us,80,80
453,453000.000us,80,0
454,454000.000us,80,80
455,455000.000us,0,0
456,456000.000us,80,0
457,457000.000us,80,0
458,458000.000us,160,80
459,459000.000us,80,0
460,460000.000us,80,0
461,461000.000us,0,80
462,462000.000us,160,80
463,463000.000us,0,0
464,464000.000us,80,80
465,465000.000us,80,80
466,466000.000us,160,80
467,467000.000us,0,0
468,468000.000us,0,80
469,469000.000us,160,80
470,470000.000us,160,80
471,471000.000us,0,0
472,472000.000us,0,80
473,473000.000us,0,80
474,474000.000us,80,80
475,475000.000us,0,0
476,476000.000us,80,80
477,477000.000us,80,0
478,478000.000us,80,80
479,479000.000us,80,0
480,480000.000us,80,80
481,481000.000us,80,80
482,482000.000us,160,160
483,483000.000us,0,0
484,484000.000us,160,0
485,485000.000us,80,0
486,486000.000us,160,80
487,487000.000us,80,0
488,488000.000us,80,80
489,489000.000us,80,80
490,490000.000us,160,80
491,491000.000us,80,0
492,492000.000us,80,0
493,493000.000us,80,80
494,494000.000us,80,80
495,495000.000us,0,0
496,496000.000us,80,80
497,497000.000us,80,80
498,498000.000us,80,80
499,499000.000us,0,0
500,500000.000us,0,0
501,501000.000us,80,0
502,502000.000us,160,160
503,503000.000us,80,0
504,504000.000us,80,80
505,505000.000us,80,80
506,506000.000us,80,80
507,507000.000us,0,0
508,508000.000us,80,80
509,509000.000us,80,0
510,510000.000us,160,80
511,511000.000us,80,0
512,512000.000us,80,0
513,513000.000us,80,0
514,514000.000us,160,80
515,515000.000us,0,0
516,516000.000us,80,0
517,517000.000us,80,0
518,518000.000us,160,80
519,519000.000us,0,0
520,520000.000us,0,0
521,521000.000us,80,0
522,522000.000us,80,80
523,523000.000us,0,0
524,524000.000us,80,0
525,525000.000us,0,80
526,526000.000us,80,80
527,527000.000us,0,0
528,528000.000us,80,80
529,529000.000us,0,80
530,530000.000us,80,160
531,531000.000us,0,0
532,532000.000us,80,0
533,533000.000us,80,0
534,534000.000us,160,80
535,535000.000us,0,0
536,536000.000us,80,0
537,537000.000us,80,80
538,538000.000us,80,80
539,539000.000us,0,0
540,540000.000us,80,0
541,541000.000us,80,0
542,542000.000us,80,80
543,543000.000us,80,0
544,544000.000us,80,0
545,545000.000us,80,80
546,546000.000us,80,80
547,547000.000us,0,-80
548,548000.000us,80,0
549,549000.000us,0,80
550,550000.000us,80,80
551,551000.000us,0,0
552,552000.000us,80,0
553,553000.000us,80,80
554,554000.000us,160,80
555,555000.000us,80,0
556,556000.000us,160,0
557,557000.000us,80,80
558,558000.000us,80,80
559,559000.000us,0,0
560,560000.000us,0,80
561,561000.000us,80,0
562,562000.000us,160,80
563,563000.000us,80,0
564,564000.000us,80,80
565,565000.000us,80,80
566,566000.000us,80,80
567,567000.000us,0,0
568,568000.000us,80,0
569,569000.000us,80,0
570,570000.000us,80,80
571,571000.000us,0,0
572,572000.000us,0,80
573,573000.000us,0,0
574,574000.000us,80,80
575,575000.000us,0,0
576,576000.000us,80,80
577,577000.000us,0,-80
578,578000.000us,80,80
579,579000.000us,0,-80
580,580000.000us,80,80
581,581000.000us,80,0
582,582000.000us,160,80
583,583000.000us,0,0
584,584000.000us,160,0
585,585000.000us,80,80
586,586000.000us,80,80
587,587000.000us,0,0
588,588000.000us,80,80
589,589000.000us,80,80
590,590000.000us,80,80
591,591000.000us,0,0
592,592000.000us,80,0
593,593000.000us,80,80
594,594000.000us,160,80
595,595000.000us,80,0
596,596000.000us,80,0
597,597000.000us,0,0
598,598000.000us,80,80
599,599000.000us,0,-80
600,600000.000us,0,0
601,601000.000us,80,80
602,602000.000us,160,80
603,603000.000us,80,0
604,604000.000us,80,80
605,605000.000us,80,0
606,606000.000us,80,80
607,607000.000us,0,0
608,608000.000us,80,0
609,609000.000us,80,80
610,610000.000us,160,80
611,611000.000us,0,0
612,612000.000us,80,80
613,613000.000us,80,80
614,614000.000us,80,80
615,615000.000us,0,0
616,616000.000us,80,80
617,617000.000us,80,0
618,618000.000us,160,80
619,619000.000us,0,0
620,620000.000us,0,80
621,621000.000us,80,0
622,622000.000us,160,80
623,623000.000us,0,0
624,624000.000us,80,0
625,625000.000us,80,80
626,626000.000us,160,80
627,627000.000us,0,0
628,628000.000us,80,80
629,629000.000us,80,80
630,630000.000us,80,80
631,631000.000us,0,0
632,632000.000us,80,0
633,633000.000us,80,0
634,634000.000us,80,80
635,635000.000us,0,0
636,636000.000us,80,0
637,637000.000us,80,80
638,638000.000us,80,80
639,639000.000us,0,0
640,640000.000us,0,0
641,641000.000us,80,0
642,642000.000us,80,80
643,643000.000us,80,0
644,644000.000us,80,0
645,645000.000us,80,80
646,646000.000us,80,80
647,647000.000us,80,0
648,648000.000us,80,0
649,649000.000us,80,80
650,650000.000us,160,80
651,651000.000us,0,0
652,652000.000us,80,0
653,653000.000us,80,0
654,654000.000us,160,80
655,655000.000us,80,0
656,656000.000us,80,80
657,657000.000us,0,80
658,658000.000us,160,80
659,659000.000us,0,0
660,660000.000us,0,80
661,661000.000us,80,0
662,662000.000us,80,80
663,663000.000us,0,0
664,664000.000us,0,0
665,665000.000us,80,0
666,666000.000us,80,160
667,667000.000us,0,0
668,668000.000us,0,80
669,669000.000us,80,80
670,670000.000us,160,80
671,671000.000us,0,0
672,672000.000us,80,0
673,673000.000us,0,80
674,674000.000us,80,80
675,675000.000us,0,0
676,676000.000us,80,80
677,677000.000us,0,80
678,678000.000us,80,80
679,679000.000us,0,0
680,680000.000us,80,80
681,681000.000us,80,0
682,682000.000us,80,80
683,683000.000us,0,0
684,684000.000us,80,80
685,685000.000us,0,80
686,686000.000us,160,80
687,687000.000us,0,0
688,688000.000us,80,0
689,689000.000us,80,80
690,690000.000us,160,80
691,691000.000us,0,0
692,692000.000us,80,0
693,693000.000us,80,0
694,694000.000us,160,80
695,695000.000us,0,0
696,696000.000us,80,0
697,697000.000us,0,0
698,698000.000us,160,80
699,699000.000us,0,0
700,700000.000us,80,80
701,701000.000us,80,80
702,702000.000us,80,80
703,703000.000us,80,0
704,704000.000us,80,80
705,705000.000us,80,80
706,706000.000us,160,80
707,707000.000us,0,0
708,708000.000us,80,80
709,709000.000us,80,0
710,710000.000us,80,80
711,711000.000us,0,0
712,712000.000us,80,0
713,713000.000us,0,80
714,714000.000us,80,80
715,715000.000us,0,0
716,716000.000us,80,0
717,717000.000us,0,80
718,718000.000us,80,80
719,719000.000us,0,-80
720,720000.000us,80,80
721,721000.000us,80,80
722,722000.000us,160,3440
723,723000.000us,0,0
724,724000.000us,80,0
725,725000.000us,80,0
726,726000.000us,160,80
727,727000.000us,0,0
728,728000.000us,160,80
729,729000.000us,80,80
730,730000.000us,80,80
731,731000.000us,0,0
732,732000.000us,80,80
733,733000.000us,80,80
734,734000.000us,80,80
735,735000.000us,0,0
736,736000.000us,80,0
737,737000.000us,80,0
738,738000.000us,80,80
739,739000.000us,80,0
740,740000.000us,80,0
741,741000.000us,80,80
742,742000.000us,160,80
743,743000.000us,0,0
744,744000.000us,80,80
745,745000.000us,80,0
746,746000.000us,160,80
747,747000.000us,0,0
748,748000.000us,80,0
749,749000.000us,80,0
750,750000.000us,80,160
751,751000.000us,0,0
752,752000.000us,80,0
753,753000.000us,80,80
754,754000.000us,80,80
755,755000.000us,0,0
756,756000.000us,0,0
757,757000.000us,80,80
758,758000.000us,80,80
759,759000.000us,0,0
760,760000.000us,80,80
761,761000.000us,80,0
762,762000.000us,80,80
763,763000.000us,0,0
764,764000.000us,80,80
765,765000.000us,80,80
766,766000.000us,3520,80
767,767000.000us,0,0
768,768000.000us,3440,80
769,769000.000us,3520,80
770,770000.000us,3520,80
771,771000.000us,3360,0
772,772000.000us,3360,0
773,773000.000us,3440,80
774,774000.000us,3520,3440
775,775000.000us,3360,0
776,776000.000us,3520,80
777,777000.000us,3440,0
778,778000.000us,3520,80
779,779000.000us,3360,0
780,780000.000us,3520,80
781,781000.000us,3440,80
782,782000.000us,3520,80
783,783000.000us,3440,-80
784,784000.000us,3440,80
785,785000.000us,3440,80
786,786000.000us,3520,80
787,787000.000us,3360,0
788,788000.000us,3440,80
789,789000.000us,3520,0
790,790000.000us,3520,80
791,791000.000us,3360,0
792,792000.000us,3440,80
793,793000.000us,3520,0
794,794000.000us,3520,80
795,795000.000us,3360,0
796,796000.000us,3520,80
797,797000.000us,3440,0
798,798000.000us,3520,80
799,799000.000us,3360,0
800,800000.000us,3440,80
801,801000.000us,3440,0
802,802000.000us,3520,80
803,803000.000us,3360,0
804,804000.000us,3520,80
805,805000.000us,3440,0
806,806000.000us,3440,80
807,807000.000us,3440,0
808,808000.000us,3440,80
809,809000.000us,3440,0
810,810000.000us,3520,80
811,811000.000us,3440,0
812,812000.000us,3520,0
813,813000.000us,3360,80
814,814000.000us,3520,80
815,815000.000us,3360,0
816,816000.000us,3520,0
817,817000.000us,3520,0
818,818000.000us,3520,80
819,819000.000us,3440,0
820,820000.000us,3440,0
821,821000.000us,3440,80
822,822000.000us,3520,80
823,823000.000us,3440,0
824,824000.000us,3440,80
825,825000.000us,3440,0
826,826000.000us,3520,80
827,827000.000us,3360,0
828,828000.000us,3440,0
829,829000.000us,3440,80
830,830000.000us,3520,80
831,831000.000us,3360,0
832,832000.000us,3440,80
833,833000.000us,3440,0
834,834000.000us,3520,80
835,835000.000us,3360,0
836,836000.000us,3440,80
837,837000.000us,3440,0
838,838000.000us,3520,80
839,839000.000us,3360,0
840,840000.000us,3440,80
841,841000.000us,3440,80
842,842000.000us,3440,80
843,843000.000us,3360,-80
844,844000.000us,3440,80
845,845000.000us,3440,0
846,846000.000us,3520,80
847,847000.000us,3360,0
848,848000.000us,3520,80
849,849000.000us,3440,0
850,850000.000us,3520,80
851,851000.000us,3440,0
852,852000.000us,3520,80
853,853000.000us,3440,0
854,854000.000us,3520,80
855,855000.000us,3360,-80
856,856000.000us,3440,0
857,857000.000us,3440,0
858,858000.000us,3440,80
859,859000.000us,3360,0
860,860000.000us,3440,0
861,861000.000us,3440,0
862,862000.000us,3520,80
863,863000.000us,3440,0
864,864000.000us,3440,0
865,865000.000us,3520,0
866,866000.000us,3520,80
867,867000.000us,3360,0
868,868000.000us,3440,0
869,869000.000us,3440,0
870,870000.000us,3520,80
871,871000.000us,3360,0
872,872000.000us,3440,80
873,873000.000us,3440,0
874,874000.000us,3520,80
875,875000.000us,3360,0
876,876000.000us,3520,0
877,877000.000us,3360,0
878,878000.000us,3520,80
879,879000.000us,3360,0
880,880000.000us,3440,80
881,881000.000us,3440,80
882,882000.000us,3520,80
883,883000.000us,3360,0
884,884000.000us,3520,80
885,885000.000us,3440,80
886,886000.000us,3520,80
887,887000.000us,3440,0
888,888000.000us,3440,80
889,889000.000us,3440,80
890,890000.000us,3520,80
891,891000.000us,3440,0
892,892000.000us,3440,80
893,893000.000us,3520,0
894,894000.000us,3520,80
895,895000.000us,3360,0
896,896000.000us,3360,80
897,897000.000us,3440,80
898,898000.000us,3520,80
899,899000.000us,3440,-80
900,900000.000us,3440,80
901,901000.000us,3520,0
902,902000.000us,3520,80
903,903000.000us,3440,0
904,904000.000us,3440,0
905,905000.000us,3520,80
906,906000.000us,3520,80
907,907000.000us,3440,0
908,908000.000us,3440,0
909,909000.000us,3440,80
910,910000.000us,3520,80
911,911000.000us,3440,0
912,912000.000us,3440,80
913,913000.000us,3440,0
914,914000.000us,3520,80
915,915000.000us,3360,0
916,916000.000us,3440,80
917,917000.000us,3440,0
918,918000.000us,3520,80
919,919000.000us,3440,0
920,920000.000us,3440,0
921,921000.000us,3440,0
922,922000.000us,3520,80
923,923000.000us,3360,-80
924,924000.000us,3360,80
925,925000.000us,3360,0
926,926000.000us,3520,80
927,927000.000us,3360,0
928,928000.000us,3440,0
929,929000.000us,3440,80
930,930000.000us,3520,80
931,931000.000us,3360,0
932,932000.000us,3440,0
933,933000.000us,3440,0
934,934000.000us,3520,80
935,935000.000us,3360,0
936,936000.000us,3360,0
937,937000.000us,3440,80
938,938000.000us,3520,80
939,939000.000us,3440,0
940,940000.000us,3440,80
941,941000.000us,3440,80
942,942000.000us,3520,80
943,943000.000us,3360,0
944,944000.000us,3440,0
945,945000.000us,3440,0
946,946000.000us,3520,80
947,947000.000us,3360,0
948,948000.000us,3440,80
949,949000.000us,3360,80
950,950000.000us,3520,80
951,951000.000us,3360,0
952,952000.000us,3520,80
953,953000.000us,3520,0
954,954000.000us,3520,80
955,955000.000us,3360,0
956,956000.000us,3440,80
957,957000.000us,3440,80
958,958000.000us,3520,80
959,959000.000us,3440,0
960,960000.000us,3440,0
961,961000.000us,3520,80
962,962000.000us,3520,80
963,963000.000us,3360,0
964,964000.000us,3360,0
965,965000.000us,3520,80
966,966000.000us,3520,80
967,967000.000us,3360,0
968,968000.000us,3440,80
969,969000.000us,3440,80
970,970000.000us,3520,80
971,971000.000us,3440,0
972,972000.000us,3440,80
973,973000.000us,3440,80
974,974000.000us,3520,80
975,975000.000us,3360,0
976,976000.000us,3520,80
977,977000.000us,3440,0
978,978000.000us,3520,80
979,979000.000us,3360,0
980,980000.000us,3440,0
981,981000.000us,3440,0
982,982000.000us,3520,80
983,983000.000us,3360,0
984,984000.000us,3440,0
985,985000.000us,3520,80
986,986000.000us,3520,80
987,987000.000us,3440,0
988,988000.000us,3440,0
989,989000.000us,3440,80
990,990000.000us,3440,80
991,991000.000us,3440,0
992,992000.000us,3440,0
993,993000.000us,3440,80
994,994000.000us,3440,80
995,995000.000us,3440,0
996,996000.000us,3440,80
997,997000.000us,3440,80
998,998000.000us,3520,80
999,999000.000us,3360,0
1000,1000000.000us,3440,0
1001,1001000.000us,3440,80
1002,1002000.000us,3520,80
1003,1003000.000us,3440,0
1004,1004000.000us,3440,80
1005,1005000.000us,3440,0
1006,1006000.000us,3520,80
1007,1007000.000us,3360,0
1008,1008000.000us,3520,0
1009,1009000.000us,3440,0
1010,1010000.000us,3440,80
1011,1011000.000us,3360,0
1012,1012000.000us,3360,0
1013,1013000.000us,3360,0
1014,1014000.000us,3520,80
1015,1015000.000us,3360,0
1016,1016000.000us,3440,80
1017,1017000.000us,3440,0
1018,1018000.000us,3440,80
1019,1019000.000us,3440,0
1020,1020000.000us,3440,80
1021,1021000.000us,3360,80
1022,1022000.000us,3520,80
1023,1023000.000us,3360,0
1024,1024000.000us,3440,80
1025,1025000.000us,3440,0
1026,1026000.000us,3440,80
1027,1027000.000us,0,0
1028,1028000.000us,0,0
1029,1029000.000us,0,80
1030,1030000.000us,160,80
1031,1031000.000us,0,0
1032,1032000.000us,80,0
1033,1033000.000us,80,80
1034,1034000.000us,80,80
1035,1035000.000us,80,0
1036,1036000.000us,80,0
1037,1037000.000us,0,0
1038,1038000.000us,160,80
1039,1039000.000us,0,0
1040,1040000.000us,80,0
1041,1041000.000us,80,80
1042,1042000.000us,80,80
1043,1043000.000us,0,0
1044,1044000.000us,80,80
1045,1045000.000us,80,0
1046,1046000.000us,160,80
1047,1047000.000us,0,0
1048,1048000.000us,80,0
1049,1049000.000us,80,80
1050,1050000.000us,80,80
1051,1051000.000us,80,0
1052,1052000.000us,80,80
1053,1053000.000us,80,80
1054,1054000.000us,80,80
1055,1055000.000us,80,-80
1056,1056000.000us,80,0
1057,1057000.000us,80,80
1058,1058000.000us,160,80
1059,1059000.000us,80,0
1060,1060000.000us,80,0
1061,1061000.000us,80,0
1062,1062000.000us,80,80
1063,1063000.000us,0,0
1064,1064000.000us,0,0
1065,1065000.000us,0,0
1066,1066000.000us,80,80
1067,1067000.000us,0,0
1068,1068000.000us,80,0
1069,1069000.000us,80,80
1070,1070000.000us,160,80
1071,1071000.000us,80,0
1072,1072000.000us,80,0
1073,1073000.000us,0,80
1074,1074000.000us,80,3440
1075,1075000.000us,0,0
1076,1076000.000us,0,0
1077,1077000.000us,80,0
1078,1078000.000us,3520,80
1079,1079000.000us,80,0
1080,1080000.000us,3440,80
1081,1081000.000us,3440,80
1082,1082000.000us,3520,80
1083,1083000.000us,3360,0
1084,1084000.000us,3520,0
1085,1085000.000us,3440,0
1086,1086000.000us,3440,80
1087,1087000.000us,3440,0
1088,1088000.000us,3440,0
1089,1089000.000us,3440,0
1090,1090000.000us,3520,80
1091,1091000.000us,3440,0
1092,1092000.000us,3520,80
1093,1093000.000us,3440,80
1094,1094000.000us,3520,80
1095,1095000.000us,3440,-80
1096,1096000.000us,3440,-80
1097,1097000.000us,3440,80
1098,1098000.000us,3520,80
1099,1099000.000us,3360,0
1100,1100000.000us,3440,0
1101,1101000.000us,3520,0
1102,1102000.000us,3520,80
1103,1103000.000us,3440,0
1104,1104000.000us,3440,0
1105,1105000.000us,3440,80
1106,1106000.000us,3520,80
1107,1107000.000us,3440,0
1108,1108000.000us,3440,0
1109,1109000.000us,3440,80
1110,1110000.000us,3520,80
1111,1111000.000us,3360,0
1112,1112000.000us,3360,0
1113,1113000.000us,3440,80
1114,1114000.000us,3440,80
1115,1115000.000us,3440,0
1116,1116000.000us,3440,0
1117,1117000.000us,3440,0
1118,1118000.000us,3440,80
1119,1119000.000us,80,0
1120,1120000.000us,80,80
1121,1121000.000us,0,80
1122,1122000.000us,80,80
1123,1123000.000us,0,0
1124,1124000.000us,80,80
1125,1125000.000us,0,0
1126,1126000.000us,160,3440
1127,1127000.000us,0,0
1128,1128000.000us,80,3360
1129,1129000.000us,0,3440
1130,1130000.000us,80,3440
1131,1131000.000us,0,0
1132,1132000.000us,80,0
1133,1133000.000us,80,0
1134,1134000.000us,80,80
1135,1135000.000us,0,0
1136,1136000.000us,0,80
1137,1137000.000us,80,80
1138,1138000.000us,80,80
1139,1139000.000us,0,0
1140,1140000.000us,80,80
1141,1141000.000us,80,80
1142,1142000.000us,80,80
1143,1143000.000us,0,-80
1144,1144000.000us,80,0
1145,1145000.000us,80,80
1146,1146000.000us,160,80
1147,1147000.000us,80,0
1148,1148000.000us,80,80
1149,1149000.000us,80,80
1150,1150000.000us,80,80
1151,1151000.000us,0,0
1152,1152000.000us,0,0
1153,1153000.000us,0,0
1154,1154000.000us,160,80
1155,1155000.000us,0,0
1156,1156000.000us,0,80
1157,1157000.000us,80,80
1158,1158000.000us,160,80
1159,1159000.000us,0,0
1160,1160000.000us,160,0
1161,1161000.000us,160,80
1162,1162000.000us,160,80
1163,1163000.000us,0,0
1164,1164000.000us,80,0
1165,1165000.000us,80,80
1166,1166000.000us,160,80
1167,1167000.000us,80,0
1168,1168000.000us,80,80
1169,1169000.000us,0,80
1170,1170000.000us,80,80
1171,1171000.000us,0,0
1172,1172000.000us,80,0
1173,1173000.000us,80,0
1174,1174000.000us,160,80
1175,1175000.000us,0,0
1176,1176000.000us,0,80
1177,1177000.000us,80,80
1178,1178000.000us,80,80
1179,1179000.000us,0,0
1180,1180000.000us,0,80
1181,1181000.000us,80,0
1182,1182000.000us,80,80
1183,1183000.000us,0,0
1184,1184000.000us,80,80
1185,1185000.000us,80,0
1186,1186000.000us,80,80
1187,1187000.000us,0,0
1188,1188000.000us,0,0
1189,1189000.000us,80,0
1190,1190000.000us,80,80
1191,1191000.000us,0,0
1192,1192000.000us,80,80
1193,1193000.000us,80,80
1194,1194000.000us,80,80
1195,1195000.000us,0,0
1196,1196000.000us,80,0
1197,1197000.000us,0,80
1198,1198000.000us,80,80
1199,1199000.000us,0,0
1200,1200000.000us,80,0
1201,1201000.000us,80,0
1202,1202000.000us,160,80
1203,1203000.000us,0,0
1204,1204000.000us,80,80
1205,1205000.000us,160,0
1206,1206000.000us,160,80
1207,1207000.000us,80,0
1208,1208000.000us,160,0
1209,1209000.000us,80,80
1210,1210000.000us,160,80
1211,1211000.000us,80,0
1212,1212000.000us,80,0
1213,1213000.000us,80,0
1214,1214000.000us,80,80
1215,1215000.000us,80,0
1216,1216000.000us,80,80
1217,1217000.000us,80,80
1218,1218000.000us,80,80
1219,1219000.000us,80,0
1220,1220000.000us,80,80
1221,1221000.000us,80,0
1222,1222000.000us,80,80
1223,1223000.000us,0,0
1224,1224000.000us,0,80
1225,1225000.000us,80,0
1226,1226000.000us,80,80
1227,1227000.000us,0,0
1228,1228000.000us,80,0
1229,1229000.000us,80,0
1230,1230000.000us,160,80
1231,1231000.000us,80,0
1232,1232000.000us,80,80
1233,1233000.000us,80,80
1234,1234000.000us,80,80
1235,1235000.000us,0,0
1236,1236000.000us,80,0
1237,1237000.000us,0,80
1238,1238000.000us,160,80
1239,1239000.000us,0,0
1240,1240000.000us,80,80
1241,1241000.000us,80,0
1242,1242000.000us,80,80
1243,1243000.000us,0,0
1244,1244000.000us,80,80
1245,1245000.000us,80,80
1246,1246000.000us,160,80
1247,1247000.000us,0,0
1248,1248000.000us,0,80
1249,1249000.000us,80,0
1250,1250000.000us,160,80
1251,1251000.000us,0,0
1252,1252000.000us,0,0
1253,1253000.000us,80,0
1254,1254000.000us,80,80
1255,1255000.000us,0,0
1256,1256000.000us,80,80
1257,1257000.000us,80,80
1258,1258000.000us,80,80
1259,1259000.000us,0,0
1260,1260000.000us,80,80
1261,1261000.000us,80,80
1262,1262000.000us,80,80
1263,1263000.000us,0,0
1264,1264000.000us,80,80
1265,1265000.000us,80,0
1266,1266000.000us,80,80
1267,1267000.000us,0,0
1268,1268000.000us,80,0
1269,1269000.000us,80,80
1270,1270000.000us,80,80
1271,1271000.000us,0,-80
1272,1272000.000us,80,0
1273,1273000.000us,80,80
1274,1274000.000us,80,80
1275,1275000.000us,80,0
1276,1276000.000us,80,80
1277,1277000.000us,80,80
1278,1278000.000us,80,80
1279,1279000.000us,0,0
1280,1280000.000us,80,80
1281,1281000.000us,80,80
1282,1282000.000us,80,80
1283,1283000.000us,0,0
1284,1284000.000us,80,80
1285,1285000.000us,80,80
1286,1286000.000us,80,80
1287,1287000.000us,0,0
1288,1288000.000us,80,80
1289,1289000.000us,80,80
1290,1290000.000us,80,80
1291,1291000.000us,0,0
1292,1292000.000us,80,80
1293,1293000.000us,80,0
1294,1294000.000us,80,80
1295,1295000.000us,0,0
1296,1296000.000us,80,80
1297,1297000.000us,80,80
1298,1298000.000us,80,80
1299,1299000.000us,80,0
1300,1300000.000us,80,80
1301,1301000.000us,80,80
1302,1302000.000us,160,80
1303,1303000.000us,0,0
1304,1304000.000us,0,80
1305,1305000.000us,80,0
1306,1306000.000us,160,80
1307,1307000.000us,0,0
1308,1308000.000us,80,0
1309,1309000.000us,80,80
1310,1310000.000us,80,80
1311,1311000.000us,0,0
1312,1312000.000us,80,0
1313,1313000.000us,80,0
1314,1314000.000us,160,80
1315,1315000.000us,0,0
1316,1316000.000us,80,0
1317,1317000.000us,80,0
1318,1318000.000us,80,80
1319,1319000.000us,0,0
1320,1320000.000us,80,80
1321,1321000.000us,80,0
1322,1322000.000us,80,80
1323,1323000.000us,0,0
1324,1324000.000us,80,0
1325,1325000.000us,80,0
1326,1326000.000us,80,80
1327,1327000.000us,0,0
1328,1328000.000us,0,80
1329,1329000.000us,0,80
1330,1330000.000us,80,80
1331,1331000.000us,0,0
1332,1332000.000us,80,0
1333,1333000.000us,80,80
1334,1334000.000us,80,80
1335,1335000.000us,0,0
1336,1336000.000us,80,80
1337,1337000.000us,80,0
1338,1338000.000us,80,80
1339,1339000.000us,0,0
1340,1340000.000us,0,80
1341,1341000.000us,80,80
1342,1342000.000us,160,80
1343,1343000.000us,0,0
1344,1344000.000us,80,0
1345,1345000.000us,0,0
1346,1346000.000us,80,80
1347,1347000.000us,-80,0
1348,1348000.000us,80,80
1349,1349000.000us,0,80
1350,1350000.000us,80,80
1351,1351000.000us,0,0
1352,1352000.000us,80,80
1353,1353000.000us,80,0
1354,1354000.000us,160,80
1355,1355000.000us,80,0
1356,1356000.000us,80,80
1357,1357000.000us,80,80
1358,1358000.000us,80,80
1359,1359000.000us,0,0
1360,1360000.000us,0,0
1361,1361000.000us,80,80
1362,1362000.000us,160,80
1363,1363000.000us,0,0
1364,1364000.000us,80,80
1365,1365000.000us,0,80
1366,1366000.000us,80,80
1367,1367000.000us,0,0
1368,1368000.000us,80,80
1369,1369000.000us,80,80
1370,1370000.000us,160,80
1371,1371000.000us,0,0
1372,1372000.000us,80,80
1373,1373000.000us,80,80
1374,1374000.000us,160,80
1375,1375000.000us,80,0
1376,1376000.000us,80,0
1377,1377000.000us,80,0
1378,1378000.000us,80,80
1379,1379000.000us,0,0
1380,1380000.000us,80,0
1381,1381000.000us,80,0
1382,1382000.000us,160,80
1383,1383000.000us,0,0
1384,1384000.000us,80,0
1385,1385000.000us,80,0
1386,1386000.000us,160,80
1387,1387000.000us,0,0
1388,1388000.000us,80,0
1389,1389000.000us,80,0
1390,1390000.000us,80,80
1391,1391000.000us,0,-80
1392,1392000.000us,80,0
1393,1393000.000us,80,0
1394,1394000.000us,80,80
1395,1395000.000us,0,0
1396,1396000.000us,80,80
1397,1397000.000us,80,80
1398,1398000.000us,80,80
1399,1399000.000us,0,0
1400,1400000.000us,80,80
1401,1401000.000us,80,80
1402,1402000.000us,80,80
1403,1403000.000us,0,0
1404,1404000.000us,80,0
1405,1405000.000us,80,0
1406,1406000.000us,80,80
1407,1407000.000us,0,0
1408,1408000.000us,80,0
1409,1409000.000us,80,80
1410,1410000.000us,160,80
1411,1411000.000us,80,0
1412,1412000.000us,80,0
1413,1413000.000us,0,80
1414,1414000.000us,80,80
1415,1415000.000us,0,0
1416,1416000.000us,80,0
1417,1417000.000us,80,80
1418,1418000.000us,160,80
1419,1419000.000us,80,0
1420,1420000.000us,80,80
1421,1421000.000us,80,0
1422,1422000.000us,160,80
1423,1423000.000us,80,0
1424,1424000.000us,80,80
1425,1425000.000us,80,3360
1426,1426000.000us,160,3440
1427,1427000.000us,0,0
1428,1428000.000us,80,0
1429,1429000.000us,80,80
1430,1430000.000us,160,80
1431,1431000.000us,0,0
1432,1432000.000us,80,80
1433,1433000.000us,80,80
1434,1434000.000us,80,80
1435,1435000.000us,0,0
1436,1436000.000us,80,80
1437,1437000.000us,80,80
1438,1438000.000us,80,80
1439,1439000.000us,0,-80
1440,1440000.000us,80,80
1441,1441000.000us,160,0
1442,1442000.000us,160,80
1443,1443000.000us,0,0
1444,1444000.000us,80,0
1445,1445000.000us,0,80
1446,1446000.000us,160,80
1447,1447000.000us,0,0
1448,1448000.000us,80,80
1449,1449000.000us,0,0
1450,1450000.000us,160,80
1451,1451000.000us,0,0
1452,1452000.000us,80,80
1453,1453000.000us,80,0
1454,1454000.000us,160,80
1455,1455000.000us,0,0
1456,1456000.000us,80,80
1457,1457000.000us,80,0
1458,1458000.000us,80,80
1459,1459000.000us,80,0
1460,1460000.000us,80,0
1461,1461000.000us,80,80
1462,1462000.000us,80,80
1463,1463000.000us,0,0
1464,1464000.000us,0,80
1465,1465000.000us,80,0
1466,1466000.000us,80,80
1467,1467000.000us,80,0
1468,1468000.000us,80,0
1469,1469000.000us,80,0
1470,1470000.000us,3440,80
1471,1471000.000us,0,0
1472,1472000.000us,3440,0
1473,1473000.000us,3440,80
1474,1474000.000us,3520,80
1475,1475000.000us,3440,0
1476,1476000.000us,3520,0
1477,1477000.000us,3520,0
1478,1478000.000us,3520,3440
1479,1479000.000us,3360,0
1480,1480000.000us,3440,0
1481,1481000.000us,3440,0
1482,1482000.000us,3520,80
1483,1483000.000us,3360,0
1484,1484000.000us,3440,0
1485,1485000.000us,3440,0
1486,1486000.000us,3520,80
1487,1487000.000us,3360,0
1488,1488000.000us,3440,0
1489,1489000.000us,3440,0
1490,1490000.000us,3520,80
1491,1491000.000us,3360,0
1492,1492000.000us,3520,0
1493,1493000.000us,3440,80
1494,1494000.000us,3520,80
1495,1495000.000us,3440,0
1496,1496000.000us,3440,0
1497,1497000.000us,3440,0
1498,1498000.000us,3520,80
1499,1499000.000us,3440,0
1500,1500000.000us,3440,0
1501,1501000.000us,3440,80
1502,1502000.000us,3520,80
1503,1503000.000us,3360,0
1504,1504000.000us,3440,80
1505,1505000.000us,3520,0
1506,1506000.000us,3520,80
1507,1507000.000us,3360,0
1508,1508000.000us,3520,0
1509,1509000.000us,3520,0
1510,1510000.000us,3520,80
1511,1511000.000us,3360,0
1512,1512000.000us,3440,80
1513,1513000.000us,3440,0
1514,1514000.000us,3520,80
1515,1515000.000us,3360,0
1516,1516000.000us,3440,0
1517,1517000.000us,3440,80
1518,1518000.000us,3520,80
1519,1519000.000us,3440,0
1520,1520000.000us,3520,0
1521,1521000.000us,3440,0
1522,1522000.000us,3520,80
1523,1523000.000us,3360,0
1524,1524000.000us,3360,80
1525,1525000.000us,3440,80
1526,1526000.000us,3520,80
1527,1527000.000us,3360,0
1528,1528000.000us,3440,80
1529,1529000.000us,3440,80
1530,1530000.000us,3440,80
1531,1531000.000us,3360,0
1532,1532000.000us,3360,80
1533,1533000.000us,3440,80
1534,1534000.000us,3520,80
1535,1535000.000us,3360,0
1536,1536000.000us,3440,80
1537,1537000.000us,3440,80
1538,1538000.000us,3520,80
1539,1539000.000us,3360,0
1540,1540000.000us,3520,0
1541,1541000.000us,3440,0
1542,1542000.000us,3520,80
1543,1543000.000us,3360,0
1544,1544000.000us,3440,80
1545,1545000.000us,3440,80
1546,1546000.000us,3440,80
1547,1547000.000us,3360,0
1548,1548000.000us,3440,80
1549,1549000.000us,3360,0
1550,1550000.000us,3520,80
1551,1551000.000us,3360,0
1552,1552000.000us,3440,0
1553,1553000.000us,3440,80
1554,1554000.000us,3440,80
1555,1555000.000us,3440,0
1556,1556000.000us,3440,0
1557,1557000.000us,3520,80
1558,1558000.000us,3520,80
1559,1559000.000us,3440,0
1560,1560000.000us,3520,0
1561,1561000.000us,3520,0
1562,1562000.000us,3520,80
1563,1563000.000us,3440,0
1564,1564000.000us,3440,80
1565,1565000.000us,3440,80
1566,1566000.000us,3520,80
1567,1567000.000us,3360,0
1568,1568000.000us,3520,0
1569,1569000.000us,3440,80
1570,1570000.000us,3520,80
1571,1571000.000us,3360,0
1572,1572000.000us,3360,0
1573,1573000.000us,3440,80
1574,1574000.000us,3520,80
1575,1575000.000us,3440,0
1576,1576000.000us,3440,80
1577,1577000.000us,3520,0
1578,1578000.000us,3520,80
1579,1579000.000us,3440,-80
1580,1580000.000us,3440,-80
1581,1581000.000us,3440,80
1582,1582000.000us,3440,80
1583,1583000.000us,3360,0
1584,1584000.000us,3360,0
1585,1585000.000us,3520,0
1586,1586000.000us,3520,80
1587,1587000.000us,3440,0
1588,1588000.000us,3440,80
1589,1589000.000us,3440,0
1590,1590000.000us,3440,80
1591,1591000.000us,3360,0
1592,1592000.000us,3440,0
1593,1593000.000us,3520,0
1594,1594000.000us,3520,80
1595,1595000.000us,3360,0
1596,1596000.000us,3440,80
1597,1597000.000us,3520,0
1598,1598000.000us,3520,80
1599,1599000.000us,3440,0
1600,1600000.000us,3440,80
1601,1601000.000us,3520,0
1602,1602000.000us,3520,80
1603,1603000.000us,3440,0
1604,1604000.000us,3440,80
1605,1605000.000us,3440,80
1606,1606000.000us,3520,80
1607,1607000.000us,3440,0
1608,1608000.000us,3520,0
1609,1609000.000us,3520,80
1610,1610000.000us,3520,80
1611,1611000.000us,3360,0
1612,1612000.000us,3360,80
1613,1613000.000us,3440,80
1614,1614000.000us,3520,80
1615,1615000.000us,3440,0
1616,1616000.000us,3520,0
1617,1617000.000us,3440,80
1618,1618000.000us,3520,80
1619,1619000.000us,3440,0
1620,1620000.000us,3440,80
1621,1621000.000us,3520,-80
1622,1622000.000us,3520,80
1623,1623000.000us,3440,-80
1624,1624000.000us,3440,80
1625,1625000.000us,3520,80
1626,1626000.000us,3520,80
1627,1627000.000us,3360,0
1628,1628000.000us,3440,0
1629,1629000.000us,3440,0
1630,1630000.000us,3520,80
1631,1631000.000us,3360,0
1632,1632000.000us,3440,80
1633,1633000.000us,3520,0
1634,1634000.000us,3520,80
1635,1635000.000us,3360,0
1636,1636000.000us,3440,80
1637,1637000.000us,3440,0
1638,1638000.000us,3520,80
1639,1639000.000us,3440,-80
1640,1640000.000us,3440,80
1641,1641000.000us,3520,0
1642,1642000.000us,3520,80
1643,1643000.000us,3440,0
1644,1644000.000us,3440,80
1645,1645000.000us,3440,0
1646,1646000.000us,3520,80
1647,1647000.000us,3440,0
1648,1648000.000us,3440,80
1649,1649000.000us,3440,0
1650,1650000.000us,3520,80
1651,1651000.000us,3440,0
1652,1652000.000us,3520,0
1653,1653000.000us,3440,0
1654,1654000.000us,3520,80
1655,1655000.000us,3440,0
1656,1656000.000us,3440,80
1657,1657000.000us,3440,0
1658,1658000.000us,3520,80
1659,1659000.000us,3440,0
1660,1660000.000us,3440,0
1661,1661000.000us,3520,80
1662,1662000.000us,3520,80
1663,1663000.000us,3440,-80
1664,1664000.000us,3440,0
1665,1665000.000us,3440,160
1666,1666000.000us,3520,160
1667,1667000.000us,3360,0
1668,1668000.000us,3440,80
1669,1669000.000us,3440,0
1670,1670000.000us,3520,80
1671,1671000.000us,3360,0
1672,1672000.000us,3440,80
1673,1673000.000us,3440,80
1674,1674000.000us,3520,80
1675,1675000.000us,3440,0
1676,1676000.000us,3440,80
1677,1677000.000us,3360,0
1678,1678000.000us,3520,80
1679,1679000.000us,3360,0
1680,1680000.000us,3520,0
1681,1681000.000us,3440,0
1682,1682000.000us,3520,80
1683,1683000.000us,3360,0
1684,1684000.000us,3360,0
1685,1685000.000us,3440,80
1686,1686000.000us,3520,80
1687,1687000.000us,3360,0
1688,1688000.000us,3440,0
1689,1689000.000us,3440,80
1690,1690000.000us,3520,80
1691,1691000.000us,3360,0
1692,1692000.000us,3360,0
1693,1693000.000us,3440,80
1694,1694000.000us,3520,80
1695,1695000.000us,3360,0
1696,1696000.000us,3520,0
1697,1697000.000us,3440,0
1698,1698000.000us,3520,80
1699,1699000.000us,3360,0
1700,1700000.000us,3440,0
1701,1701000.000us,3440,0
1702,1702000.000us,3520,80
1703,1703000.000us,3440,0
1704,1704000.000us,3440,80
1705,1705000.000us,3440,0
1706,1706000.000us,3520,80
1707,1707000.000us,3440,0
1708,1708000.000us,3520,80
1709,1709000.000us,3440,0
1710,1710000.000us,3520,80
1711,1711000.000us,3440,0
1712,1712000.000us,3440,80
1713,1713000.000us,3360,80
1714,1714000.000us,3440,80
1715,1715000.000us,3360,0
1716,1716000.000us,3440,80
1717,1717000.000us,3440,0
1718,1718000.000us,3520,80
1719,1719000.000us,3360,0
1720,1720000.000us,3520,0
1721,1721000.000us,3440,80
1722,1722000.000us,3520,80
1723,1723000.000us,3360,0
1724,1724000.000us,3360,0
1725,1725000.000us,3440,80
1726,1726000.000us,3440,80
1727,1727000.000us,80,0
1728,1728000.000us,80,80
1729,1729000.000us,80,0
1730,1730000.000us,160,80
1731,1731000.000us,80,0
1732,1732000.000us,160,0
1733,1733000.000us,0,80
1734,1734000.000us,80,80
1735,1735000.000us,0,0
1736,1736000.000us,80,80
1737,1737000.000us,80,80
1738,1738000.000us,160,80
1739,1739000.000us,0,0
1740,1740000.000us,80,80
1741,1741000.000us,80,80
1742,1742000.000us,80,80
1743,1743000.000us,0,0
1744,1744000.000us,80,0
1745,1745000.000us,80,80
1746,1746000.000us,80,80
1747,1747000.000us,0,0
1748,1748000.000us,80,0
1749,1749000.000us,80,0
1750,1750000.000us,160,80
1751,1751000.000us,0,-80
1752,1752000.000us,80,80
1753,1753000.000us,80,0
1754,1754000.000us,160,80
1755,1755000.000us,0,0
1756,1756000.000us,80,0
1757,1757000.000us,0,80
1758,1758000.000us,80,80
1759,1759000.000us,-80,0
1760,1760000.000us,80,0
1761,1761000.000us,80,0
1762,1762000.000us,80,80
1763,1763000.000us,0,0
1764,1764000.000us,80,80
1765,1765000.000us,80,0
1766,1766000.000us,80,80
1767,1767000.000us,0,-80
1768,1768000.000us,0,80
1769,1769000.000us,80,0
1770,1770000.000us,80,80
1771,1771000.000us,0,-80
1772,1772000.000us,0,80
1773,1773000.000us,80,80
1774,1774000.000us,160,80
1775,1775000.000us,0,0
1776,1776000.000us,80,0
1777,1777000.000us,80,0
1778,1778000.000us,3360,3360
1779,1779000.000us,0,0
1780,1780000.000us,3360,0
1781,1781000.000us,3440,0
1782,1782000.000us,3440,80
1783,1783000.000us,3360,0
1784,1784000.000us,3440,0
1785,1785000.000us,3520,80
1786,1786000.000us,3520,80
1787,1787000.000us,3360,0
1788,1788000.000us,3440,0
1789,1789000.000us,3440,0
1790,1790000.000us,3520,80
1791,1791000.000us,3440,-80
1792,1792000.000us,3440,80
1793,1793000.000us,3360,80
1794,1794000.000us,3520,80
1795,1795000.000us,3360,0
1796,1796000.000us,3360,80
1797,1797000.000us,3440,80
1798,1798000.000us,3520,80
1799,1799000.000us,3440,0
1800,1800000.000us,3440,80
1801,1801000.000us,3440,80
1802,1802000.000us,3520,80
1803,1803000.000us,3360,0
1804,1804000.000us,3440,0
1805,1805000.000us,3440,0
1806,1806000.000us,3520,80
1807,1807000.000us,3440,0
1808,1808000.000us,3440,0
1809,1809000.000us,3440,0
1810,1810000.000us,3520,80
1811,1811000.000us,3440,0
1812,1812000.000us,3440,80
1813,1813000.000us,3440,0
1814,1814000.000us,3520,80
1815,1815000.000us,3440,0
1816,1816000.000us,3520,80
1817,1817000.000us,3440,0
1818,1818000.000us,3520,80
1819,1819000.000us,3440,0
1820,1820000.000us,3520,0
1821,1821000.000us,3360,0
1822,1822000.000us,3440,80
1823,1823000.000us,80,0
1824,1824000.000us,80,0
1825,1825000.000us,80,80
1826,1826000.000us,160,80
1827,1827000.000us,0,0
1828,1828000.000us,160,0
1829,1829000.000us,80,80
1830,1830000.000us,80,3440
1831,1831000.000us,0,0
1832,1832000.000us,80,80
1833,1833000.000us,160,80
1834,1834000.000us,160,80
1835,1835000.000us,80,0
1836,1836000.000us,80,80
1837,1837000.000us,80,0
1838,1838000.000us,80,80
1839,1839000.000us,0,0
1840,1840000.000us,80,0
1841,1841000.000us,80,80
1842,1842000.000us,160,80
1843,1843000.000us,80,0
1844,1844000.000us,80,80
1845,1845000.000us,80,80
1846,1846000.000us,80,80
1847,1847000.000us,0,0
1848,1848000.000us,80,80
1849,1849000.000us,80,0
1850,1850000.000us,80,80
1851,1851000.000us,0,0
1852,1852000.000us,80,0
1853,1853000.000us,80,0
1854,1854000.000us,80,80
1855,1855000.000us,0,0
1856,1856000.000us,80,0
1857,1857000.000us,80,0
1858,1858000.000us,160,80
1859,1859000.000us,0,-80
1860,1860000.000us,80,80
1861,1861000.000us,80,80
1862,1862000.000us,80,80
1863,1863000.000us,0,0
1864,1864000.000us,80,80
1865,1865000.000us,80,80
1866,1866000.000us,80,80
1867,1867000.000us,0,0
1868,1868000.000us,80,80
1869,1869000.000us,80,0
1870,1870000.000us,80,80
1871,1871000.000us,0,-80
1872,1872000.000us,80,80
1873,1873000.000us,80,80
1874,1874000.000us,160,80
1875,1875000.000us,80,0
1876,1876000.000us,80,80
1877,1877000.000us,80,0
1878,1878000.000us,160,80
1879,1879000.000us,0,0
1880,1880000.000us,80,80
1881,1881000.000us,80,80
1882,1882000.000us,160,80
1883,1883000.000us,0,0
1884,1884000.000us,0,0
1885,1885000.000us,80,0
1886,1886000.000us,80,80
1887,1887000.000us,0,0
1888,1888000.000us,80,0
1889,1889000.000us,80,0
1890,1890000.000us,80,80
1891,1891000.000us,0,0
1892,1892000.000us,80,0
1893,1893000.000us,80,0
1894,1894000.000us,80,80
1895,1895000.000us,0,0
1896,1896000.000us,80,0
1897,1897000.000us,80,0
1898,1898000.000us,160,80
1899,1899000.000us,0,0
1900,1900000.000us,80,0
1901,1901000.000us,80,80
1902,1902000.000us,80,80
1903,1903000.000us,0,0
1904,1904000.000us,80,0
1905,1905000.000us,80,0
1906,1906000.000us,80,80
1907,1907000.000us,80,0
1908,1908000.000us,80,80
1909,1909000.000us,80,80
1910,1910000.000us,80,80
1911,1911000.000us,0,0
1912,1912000.000us,80,0
1913,1913000.000us,80,80
1914,1914000.000us,160,80
1915,1915000.000us,80,0
1916,1916000.000us,80,0
1917,1917000.000us,0,80
1918,1918000.000us,80,80
1919,1919000.000us,0,0
1920,1920000.000us,80,0
1921,1921000.000us,80,80
1922,1922000.000us,80,80
1923,1923000.000us,0,0
1924,1924000.000us,80,80
1925,1925000.000us,80,0
1926,1926000.000us,80,80
1927,1927000.000us,80,0
1928,1928000.000us,80,80
1929,1929000.000us,80,0
1930,1930000.000us,160,80
1931,1931000.000us,80,0
1932,1932000.000us,80,80
1933,1933000.000us,80,80
1934,1934000.000us,80,80
1935,1935000.000us,0,0
1936,1936000.000us,80,0
1937,1937000.000us,80,80
1938,1938000.000us,160,80
1939,1939000.000us,0,0
1940,1940000.000us,80,0
1941,1941000.000us,0,0
1942,1942000.000us,160,80
1943,1943000.000us,0,0
1944,1944000.000us,80,0
1945,1945000.000us,80,0
1946,1946000.000us,80,80
1947,1947000.000us,0,0
1948,1948000.000us,80,0
1949,1949000.000us,80,0
1950,1950000.000us,160,80
1951,1951000.000us,80,0
1952,1952000.000us,80,0
1953,1953000.000us,80,0
1954,1954000.000us,80,80
1955,1955000.000us,0,0
1956,1956000.000us,80,0
1957,1957000.000us,80,80
1958,1958000.000us,80,80
1959,1959000.000us,0,0
1960,1960000.000us,80,80
1961,1961000.000us,80,0
1962,1962000.000us,80,80
1963,1963000.000us,0,0
1964,1964000.000us,0,0
1965,1965000.000us,0,80
1966,1966000.000us,80,80
1967,1967000.000us,0,0
1968,1968000.000us,0,80
1969,1969000.000us,80,80
1970,1970000.000us,160,80
1971,1971000.000us,0,0
1972,1972000.000us,0,80
1973,1973000.000us,80,0
1974,1974000.000us,80,80
1975,1975000.000us,0,0
1976,1976000.000us,80,0
1977,1977000.000us,0,80
1978,1978000.000us,80,80
1979,1979000.000us,0,0
1980,1980000.000us,80,80
1981,1981000.000us,80,0
1982,1982000.000us,160,80
1983,1983000.000us,80,0
1984,1984000.000us,80,80
1985,1985000.000us,0,-80
1986,1986000.000us,80,80
1987,1987000.000us,0,-80
1988,1988000.000us,80,80
1989,1989000.000us,80,0
1990,1990000.000us,80,80
1991,1991000.000us,0,0
1992,1992000.000us,80,0
1993,1993000.000us,80,80
1994,1994000.000us,80,80
1995,1995000.000us,0,0
1996,1996000.000us,80,80
1997,1997000.000us,80,0
1998,1998000.000us,160,80
1999,1999000.000us,0,0
2000,2000000.000us,0,0
2001,2001000.000us,80,0
2002,2002000.000us,80,80
2003,2003000.000us,80,0
2004,2004000.000us,80,80
2005,2005000.000us,80,80
2006,2006000.000us,160,80
2007,2007000.000us,0,0
2008,2008000.000us,80,0
2009,2009000.000us,80,0
2010,2010000.000us,80,80
2011,2011000.000us,0,0
2012,2012000.000us,80,80
2013,2013000.000us,80,80
2014,2014000.000us,80,80
2015,2015000.000us,0,0
2016,2016000.000us,80,0
2017,2017000.000us,80,80
2018,2018000.000us,80,80
2019,2019000.000us,80,0
2020,2020000.000us,80,0
2021,2021000.000us,80,80
2022,2022000.000us,80,80
2023,2023000.000us,80,0
2024,2024000.000us,80,80
2025,2025000.000us,80,0
2026,2026000.000us,160,80
2027,2027000.000us,0,0
2028,2028000.000us,80,80
2029,2029000.000us,80,0
2030,2030000.000us,160,80
2031,2031000.000us,0,0
2032,2032000.000us,0,80
2033,2033000.000us,80,0
2034,2034000.000us,160,80
2035,2035000.000us,0,0
2036,2036000.000us,80,80
2037,2037000.000us,0,80
2038,2038000.000us,80,80
2039,2039000.000us,0,0
2040,2040000.000us,80,0
2041,2041000.000us,80,0
2042,2042000.000us,80,80
2043,2043000.000us,0,0
2044,2044000.000us,80,80
2045,2045000.000us,80,80
2046,2046000.000us,80,80
2047,2047000.000us,0,0
2048,2048000.000us,0,80
2049,2049000.000us,80,80
2050,2050000.000us,80,80
2051,2051000.000us,0,-80
2052,2052000.000us,80,-80
2053,2053000.000us,0,0
2054,2054000.000us,80,80
2055,2055000.000us,0,0
2056,2056000.000us,80,80
2057,2057000.000us,80,80
2058,2058000.000us,80,80
2059,2059000.000us,0,0
2060,2060000.000us,80,80
2061,2061000.000us,80,80
2062,2062000.000us,80,80
2063,2063000.000us,80,-80
2064,2064000.000us,80,0
2065,2065000.000us,80,80
2066,2066000.000us,80,80
2067,2067000.000us,0,0
2068,2068000.000us,80,80
2069,2069000.000us,80,0
2070,2070000.000us,80,80
2071,2071000.000us,0,0
2072,2072000.000us,80,0
2073,2073000.000us,80,0
2074,2074000.000us,80,80
2075,2075000.000us,0,0
2076,2076000.000us,80,0
2077,2077000.000us,80,80
2078,2078000.000us,80,80
2079,2079000.000us,0,0
2080,2080000.000us,80,80
2081,2081000.000us,80,0
2082,2082000.000us,160,80
2083,2083000.000us,80,0
2084,2084000.000us,80,80
2085,2085000.000us,80,80
2086,2086000.000us,160,80
2087,2087000.000us,0,0
2088,2088000.000us,0,80
2089,2089000.000us,80,0
2090,2090000.000us,80,80
2091,2091000.000us,80,0
2092,2092000.000us,80,0
2093,2093000.000us,80,0
2094,2094000.000us,80,80
2095,2095000.000us,0,-80
2096,2096000.000us,0,80
2097,2097000.000us,80,0
2098,2098000.000us,160,80
2099,2099000.000us,80,0
2100,2100000.000us,80,80
2101,2101000.000us,80,0
2102,2102000.000us,160,80
2103,2103000.000us,0,-80
2104,2104000.000us,160,0
2105,2105000.000us,80,0
2106,2106000.000us,80,80
2107,2107000.000us,0,0
2108,2108000.000us,80,80
2109,2109000.000us,160,80
2110,2110000.000us,160,80
2111,2111000.000us,0,0
2112,2112000.000us,80,80
2113,2113000.000us,0,0
2114,2114000.000us,160,80
2115,2115000.000us,0,-80
2116,2116000.000us,80,80
2117,2117000.000us,80,80
2118,2118000.000us,160,80
2119,2119000.000us,0,0
2120,2120000.000us,80,0
2121,2121000.000us,80,0
2122,2122000.000us,160,80
2123,2123000.000us,80,0
2124,2124000.000us,80,80
2125,2125000.000us,80,0
2126,2126000.000us,80,3440
2127,2127000.000us,0,0
2128,2128000.000us,80,3440
2129,2129000.000us,80,3360
2130,2130000.000us,160,3440
2131,2131000.000us,0,0
2132,2132000.000us,80,80
2133,2133000.000us,80,0
2134,2134000.000us,160,80
2135,2135000.000us,0,0
2136,2136000.000us,0,80
2137,2137000.000us,80,80
2138,2138000.000us,80,80
2139,2139000.000us,0,-80
2140,2140000.000us,80,80
2141,2141000.000us,80,80
2142,2142000.000us,160,80
2143,2143000.000us,80,0
2144,2144000.000us,160,0
2145,2145000.000us,80,80
2146,2146000.000us,160,80
2147,2147000.000us,80,0
2148,2148000.000us,160,80
2149,2149000.000us,80,0
2150,2150000.000us,160,80
2151,2151000.000us,0,0
2152,2152000.000us,80,0
2153,2153000.000us,80,0
2154,2154000.000us,80,80
2155,2155000.000us,80,0
2156,2156000.000us,80,0
2157,2157000.000us,80,80
2158,2158000.000us,160,80
2159,2159000.000us,80,0
2160,2160000.000us,80,0
2161,2161000.000us,80,0
2162,2162000.000us,160,80
2163,2163000.000us,0,0
2164,2164000.000us,0,0
2165,2165000.000us,80,0
2166,2166000.000us,80,80
2167,2167000.000us,0,0
2168,2168000.000us,80,0
2169,2169000.000us,0,0
2170,2170000.000us,80,80
2171,2171000.000us,0,0
2172,2172000.000us,80,80
2173,2173000.000us,3440,0
2174,2174000.000us,3520,80
2175,2175000.000us,3360,0
2176,2176000.000us,3440,80
2177,2177000.000us,3440,80
2178,2178000.000us,3520,80
2179,2179000.000us,3440,0
2180,2180000.000us,3440,80
2181,2181000.000us,3520,3360
2182,2182000.000us,3520,3440
2183,2183000.000us,3360,0
2184,2184000.000us,3440,0
2185,2185000.000us,3440,80
2186,2186000.000us,3520,80
2187,2187000.000us,3440,-80
2188,2188000.000us,3440,0
2189,2189000.000us,3440,80
2190,2190000.000us,3440,80
2191,2191000.000us,3360,0
2192,2192000.000us,3440,80
2193,2193000.000us,3440,80
2194,2194000.000us,3520,80
2195,2195000.000us,3440,0
2196,2196000.000us,3520,0
2197,2197000.000us,3440,0
2198,2198000.000us,3520,80
2199,2199000.000us,3360,0
2200,2200000.000us,3440,80
2201,2201000.000us,3520,80
2202,2202000.000us,3520,80
2203,2203000.000us,3360,0
2204,2204000.000us,3520,0
2205,2205000.000us,3440,0
2206,2206000.000us,3520,80
2207,2207000.000us,3360,0
2208,2208000.000us,3520,0
2209,2209000.000us,3440,0
2210,2210000.000us,3520,80
2211,2211000.000us,3360,0
2212,2212000.000us,3440,80
2213,2213000.000us,3440,80
2214,2214000.000us,3440,80
2215,2215000.000us,3360,0
2216,2216000.000us,3440,80
2217,2217000.000us,3440,0
2218,2218000.000us,3520,80
2219,2219000.000us,3440,0
2220,2220000.000us,3440,80
2221,2221000.000us,3440,80
2222,2222000.000us,3520,80
2223,2223000.000us,3440,0
2224,2224000.000us,3440,80
2225,2225000.000us,3520,0
2226,2226000.000us,3520,80
2227,2227000.000us,3440,0
2228,2228000.000us,3440,0
2229,2229000.000us,3520,0
2230,2230000.000us,3520,80
2231,2231000.000us,3440,0
2232,2232000.000us,3440,80
2233,2233000.000us,3440,80
2234,2234000.000us,3520,80
2235,2235000.000us,3440,0
2236,2236000.000us,3440,80
2237,2237000.000us,3440,80
2238,2238000.000us,3440,80
2239,2239000.000us,3360,0
2240,2240000.000us,3440,0
2241,2241000.000us,3440,0
2242,2242000.000us,3520,160
2243,2243000.000us,3440,0
2244,2244000.000us,3440,80
2245,2245000.000us,3440,0
2246,2246000.000us,3440,80
2247,2247000.000us,3360,0
2248,2248000.000us,3440,0
2249,2249000.000us,3440,0
2250,2250000.000us,3520,80
2251,2251000.000us,3360,0
2252,2252000.000us,3520,0
2253,2253000.000us,3440,80
2254,2254000.000us,3520,80
2255,2255000.000us,3440,0
2256,2256000.000us,3520,0
2257,2257000.000us,3440,80
2258,2258000.000us,3520,80
2259,2259000.000us,3440,0
2260,2260000.000us,3440,0
2261,2261000.000us,3440,80
2262,2262000.000us,3520,80
2263,2263000.000us,3440,0
2264,2264000.000us,3520,0
2265,2265000.000us,3520,0
2266,2266000.000us,3520,80
2267,2267000.000us,3360,0
2268,2268000.000us,3520,80
2269,2269000.000us,3440,80
2270,2270000.000us,3520,80
2271,2271000.000us,3440,0
2272,2272000.000us,3440,80
2273,2273000.000us,3520,80
2274,2274000.000us,3520,80
2275,2275000.000us,3440,0
2276,2276000.000us,3440,80
2277,2277000.000us,3440,0
2278,2278000.000us,3520,80
2279,2279000.000us,3360,0
2280,2280000.000us,3520,80
2281,2281000.000us,3520,0
2282,2282000.000us,3520,80
2283,2283000.000us,3360,0
2284,2284000.000us,3440,0
2285,2285000.000us,3440,0
2286,2286000.000us,3520,80
2287,2287000.000us,3360,0
2288,2288000.000us,3440,80
2289,2289000.000us,3440,80
2290,2290000.000us,3520,80
2291,2291000.000us,3440,0
2292,2292000.000us,3520,0
2293,2293000.000us,3440,0
2294,2294000.000us,3520,80
2295,2295000.000us,3440,0
2296,2296000.000us,3520,0
2297,2297000.000us,3440,0
2298,2298000.000us,3520,80
2299,2299000.000us,3440,0
2300,2300000.000us,3440,80
2301,2301000.000us,3520,0
2302,2302000.000us,3520,160
2303,2303000.000us,3360,-80
2304,2304000.000us,3440,-80
2305,2305000.000us,3440,0
2306,2306000.000us,3520,80
2307,2307000.000us,3360,0
2308,2308000.000us,3360,80
2309,2309000.000us,3440,80
2310,2310000.000us,3520,80
2311,2311000.000us,3440,0
2312,2312000.000us,3440,0
2313,2313000.000us,3440,0
2314,2314000.000us,3520,160
2315,2315000.000us,3360,0
2316,2316000.000us,3440,80
2317,2317000.000us,3440,80
2318,2318000.000us,3520,80
2319,2319000.000us,3360,0
2320,2320000.000us,3440,80
2321,2321000.000us,3440,0
2322,2322000.000us,3520,80
2323,2323000.000us,3440,0
2324,2324000.000us,3440,80
2325,2325000.000us,3440,0
2326,2326000.000us,3520,160
2327,2327000.000us,3360,0
2328,2328000.000us,3520,160
2329,2329000.000us,3360,0
2330,2330000.000us,3440,80
2331,2331000.000us,3360,0
2332,2332000.000us,3440,80
2333,2333000.000us,3520,80
2334,2334000.000us,3520,80
2335,2335000.000us,3360,0
2336,2336000.000us,3440,80
2337,2337000.000us,3360,80
2338,2338000.000us,3520,80
2339,2339000.000us,3360,0
2340,2340000.000us,3440,0
2341,2341000.000us,3520,80
2342,2342000.000us,3520,80
2343,2343000.000us,3440,0
2344,2344000.000us,3520,80
2345,2345000.000us,3440,80
2346,2346000.000us,3520,80
2347,2347000.000us,3440,0
2348,2348000.000us,3440,80
2349,2349000.000us,3440,80
2350,2350000.000us,3520,80
2351,2351000.000us,3360,0
2352,2352000.000us,3440,0
2353,2353000.000us,3440,80
2354,2354000.000us,3520,80
2355,2355000.000us,3440,0
2356,2356000.000us,3440,0
2357,2357000.000us,3440,0
2358,2358000.000us,3440,80
2359,2359000.000us,3440,0
2360,2360000.000us,3440,0
2361,2361000.000us,3520,80
2362,2362000.000us,3520,80
2363,2363000.000us,3440,0
2364,2364000.000us,3440,80
2365,2365000.000us,3440,80
2366,2366000.000us,3520,80
2367,2367000.000us,3440,0
2368,2368000.000us,3440,80
2369,2369000.000us,3440,80
2370,2370000.000us,3440,80
2371,2371000.000us,3440,0
2372,2372000.000us,3440,0
2373,2373000.000us,3440,0
2374,2374000.000us,3520,80
2375,2375000.000us,3360,0
2376,2376000.000us,3440,0
2377,2377000.000us,3440,0
2378,2378000.000us,3440,80
2379,2379000.000us,3360,0
2380,2380000.000us,3440,80
2381,2381000.000us,3440,80
2382,2382000.000us,3520,80
2383,2383000.000us,3440,0
2384,2384000.000us,3440,0
2385,2385000.000us,3360,0
2386,2386000.000us,3440,80
2387,2387000.000us,3360,0
2388,2388000.000us,3440,80
2389,2389000.000us,3440,80
2390,2390000.000us,3520,80
2391,2391000.000us,3360,0
2392,2392000.000us,3440,0
2393,2393000.000us,3520,0
2394,2394000.000us,3520,80
2395,2395000.000us,3360,0
2396,2396000.000us,3440,80
2397,2397000.000us,3440,80
2398,2398000.000us,3440,80
2399,2399000.000us,3440,0
2400,2400000.000us,3440,0
2401,2401000.000us,3440,80
2402,2402000.000us,3520,80
2403,2403000.000us,3440,0
2404,2404000.000us,3520,0
2405,2405000.000us,3440,0
2406,2406000.000us,3520,80
2407,2407000.000us,3440,0
2408,2408000.000us,3520,0
2409,2409000.000us,3440,80
2410,2410000.000us,3520,160
2411,2411000.000us,3440,0
2412,2412000.000us,3440,80
2413,2413000.000us,3440,80
2414,2414000.000us,3520,80
2415,2415000.000us,3360,0
2416,2416000.000us,3440,80
2417,2417000.000us,3360,0
2418,2418000.000us,3520,80
2419,2419000.000us,3360,0
2420,2420000.000us,3520,0
2421,2421000.000us,3440,80
2422,2422000.000us,3520,80
2423,2423000.000us,3360,0
2424,2424000.000us,3520,80
2425,2425000.000us,3440,80
2426,2426000.000us,3520,80
2427,2427000.000us,3360,0
2428,2428000.000us,3440,80
2429,2429000.000us,3440,0
2430,2430000.000us,3520,80
2431,2431000.000us,80,-80
2432,2432000.000us,80,0
2433,2433000.000us,80,0
2434,2434000.000us,80,80
2435,2435000.000us,0,0
2436,2436000.000us,80,80
2437,2437000.000us,80,80
2438,2438000.000us,160,80
2439,2439000.000us,0,0
2440,2440000.000us,80,80
2441,2441000.000us,80,80
2442,2442000.000us,80,80
2443,2443000.000us,0,0
2444,2444000.000us,80,0
2445,2445000.000us,80,0
2446,2446000.000us,80,80
2447,2447000.000us,80,0
2448,2448000.000us,80,0
2449,2449000.000us,80,0
2450,2450000.000us,80,80
2451,2451000.000us,0,0
2452,2452000.000us,80,0
2453,2453000.000us,0,0
2454,2454000.000us,80,80
2455,2455000.000us,0,0
2456,2456000.000us,80,80
2457,2457000.000us,80,0
2458,2458000.000us,80,80
2459,2459000.000us,0,0
2460,2460000.000us,80,80
2461,2461000.000us,0,0
2462,2462000.000us,160,80
2463,2463000.000us,0,0
2464,2464000.000us,160,0
2465,2465000.000us,80,0
2466,2466000.000us,80,80
2467,2467000.000us,0,0
2468,2468000.000us,80,0
2469,2469000.000us,80,80
2470,2470000.000us,160,80
2471,2471000.000us,0,0
2472,2472000.000us,80,80
2473,2473000.000us,80,80
2474,2474000.000us,80,80
2475,2475000.000us,0,0
2476,2476000.000us,80,80
2477,2477000.000us,0,0
2478,2478000.000us,80,3360
2479,2479000.000us,0,0
2480,2480000.000us,80,3360
2481,2481000.000us,80,3360
2482,2482000.000us,3520,3440
2483,2483000.000us,80,0
2484,2484000.000us,3440,0
2485,2485000.000us,3440,80
2486,2486000.000us,3520,80
2487,2487000.000us,3360,0
2488,2488000.000us,3360,0
2489,2489000.000us,3520,80
2490,2490000.000us,3520,80
2491,2491000.000us,3360,0
2492,2492000.000us,3520,80
2493,2493000.000us,3440,80
2494,2494000.000us,3440,80
2495,2495000.000us,3360,0
2496,2496000.000us,3440,80
2497,2497000.000us,3440,80
2498,2498000.000us,3520,80
2499,2499000.000us,3360,0
2500,2500000.000us,3440,0
2501,2501000.000us,3440,80
2502,2502000.000us,3520,80
2503,2503000.000us,3440,0
2504,2504000.000us,3440,80
2505,2505000.000us,3440,0
2506,2506000.000us,3520,160
2507,2507000.000us,3360,0
2508,2508000.000us,3440,80
2509,2509000.000us,3440,80
2510,2510000.000us,3440,80
2511,2511000.000us,3360,0
2512,2512000.000us,3440,0
2513,2513000.000us,3440,-80
2514,2514000.000us,3440,80
2515,2515000.000us,3440,-80
2516,2516000.000us,3440,80
2517,2517000.000us,3440,80
2518,2518000.000us,3520,80
2519,2519000.000us,3440,0
2520,2520000.000us,3440,80
2521,2521000.000us,3440,0
2522,2522000.000us,3520,80
2523,2523000.000us,3360,0
2524,2524000.000us,3440,0
2525,2525000.000us,3440,80
2526,2526000.000us,3440,80
2527,2527000.000us,0,0
2528,2528000.000us,0,0
2529,2529000.000us,80,80
2530,2530000.000us,80,80
2531,2531000.000us,80,0
2532,2532000.000us,80,80
2533,2533000.000us,80,80
2534,2534000.000us,160,3440
2535,2535000.000us,0,0
2536,2536000.000us,80,80
2537,2537000.000us,80,0
2538,2538000.000us,160,160
2539,2539000.000us,0,0
2540,2540000.000us,80,80
2541,2541000.000us,80,80
2542,2542000.000us,160,80
2543,2543000.000us,0,0
2544,2544000.000us,80,80
2545,2545000.000us,0,80
2546,2546000.000us,80,80
2547,2547000.000us,0,0
2548,2548000.000us,80,0
2549,2549000.000us,80,0
2550,2550000.000us,80,80
2551,2551000.000us,0,0
2552,2552000.000us,80,80
2553,2553000.000us,0,80
2554,2554000.000us,80,80
2555,2555000.000us,0,0
2556,2556000.000us,0,0
2557,2557000.000us,0,0
2558,2558000.000us,80,80
2559,2559000.000us,0,-80
2560,2560000.000us,80,80
2561,2561000.000us,80,80
2562,2562000.000us,80,80
2563,2563000.000us,0,0
2564,2564000.000us,80,80
2565,2565000.000us,80,0
2566,2566000.000us,160,80
2567,2567000.000us,0,0
2568,2568000.000us,80,0
2569,2569000.000us,80,0
2570,2570000.000us,160,80
2571,2571000.000us,0,0
2572,2572000.000us,0,0
2573,2573000.000us,80,80
2574,2574000.000us,80,80
2575,2575000.000us,80,0
2576,2576000.000us,80,80
2577,2577000.000us,80,0
2578,2578000.000us,80,80
2579,2579000.000us,0,0
2580,2580000.000us,0,0
2581,2581000.000us,80,80
2582,2582000.000us,80,80
2583,2583000.000us,80,-80
2584,2584000.000us,80,80
2585,2585000.000us,80,0
2586,2586000.000us,80,80
2587,2587000.000us,0,0
2588,2588000.000us,0,80
2589,2589000.000us,80,0
2590,2590000.000us,160,80
2591,2591000.000us,0,0
2592,2592000.000us,80,0
2593,2593000.000us,80,80
2594,2594000.000us,80,80
2595,2595000.000us,0,0
2596,2596000.000us,80,80
2597,2597000.000us,0,80
2598,2598000.000us,80,80
2599,2599000.000us,0,0
2600,2600000.000us,80,0
2601,2601000.000us,80,80
2602,2602000.000us,160,80
2603,2603000.000us,0,0
2604,2604000.000us,80,80
2605,2605000.000us,80,0
2606,2606000.000us,80,80
2607,2607000.000us,0,0
2608,2608000.000us,80,80
2609,2609000.000us,80,0
2610,2610000.000us,80,80
2611,2611000.000us,0,0
2612,2612000.000us,80,0
2613,2613000.000us,80,0
2614,2614000.000us,80,80
2615,2615000.000us,80,0
2616,2616000.000us,80,0
2617,2617000.000us,80,0
2618,2618000.000us,160,80
2619,2619000.000us,0,0
2620,2620000.000us,0,0
2621,2621000.000us,80,80
2622,2622000.000us,80,80
2623,2623000.000us,0,0
2624,2624000.000us,0,0
2625,2625000.000us,80,80
2626,2626000.000us,80,80
2627,2627000.000us,80,-80
2628,2628000.000us,80,80
2629,2629000.000us,80,0
2630,2630000.000us,80,80
2631,2631000.000us,0,0
2632,2632000.000us,80,80
2633,2633000.000us,80,0
2634,2634000.000us,80,80
2635,2635000.000us,0,0
2636,2636000.000us,80,80
2637,2637000.000us,80,0
2638,2638000.000us,80,80
2639,2639000.000us,0,0
2640,2640000.000us,80,0
2641,2641000.000us,0,80
2642,2642000.000us,160,80
2643,2643000.000us,0,0
2644,2644000.000us,80,0
2645,2645000.000us,80,80
2646,2646000.000us,80,80
2647,2647000.000us,0,0
2648,2648000.000us,80,80
2649,2649000.000us,0,80
2650,2650000.000us,80,80
2651,2651000.000us,0,0
2652,2652000.000us,80,0
2653,2653000.000us,0,80
2654,2654000.000us,160,80
2655,2655000.000us,0,-80
2656,2656000.000us,80,-80
2657,2657000.000us,0,80
2658,2658000.000us,160,80
2659,2659000.000us,0,0
2660,2660000.000us,80,80
2661,2661000.000us,80,80
2662,2662000.000us,80,80
2663,2663000.000us,0,-80
2664,2664000.000us,0,0
2665,2665000.000us,80,0
2666,2666000.000us,80,80
2667,2667000.000us,0,0
2668,2668000.000us,80,0
2669,2669000.000us,80,80
2670,2670000.000us,160,80
2671,2671000.000us,80,0
2672,2672000.000us,80,0
2673,2673000.000us,80,0
2674,2674000.000us,80,80
2675,2675000.000us,0,0
2676,2676000.000us,80,80
2677,2677000.000us,80,80
2678,2678000.000us,80,80
2679,2679000.000us,0,-80
2680,2680000.000us,80,80
2681,2681000.000us,80,0
2682,2682000.000us,80,80
2683,2683000.000us,0,-80
2684,2684000.000us,80,80
2685,2685000.000us,0,80
2686,2686000.000us,80,80
2687,2687000.000us,0,0
2688,2688000.000us,80,80
2689,2689000.000us,0,80
2690,2690000.000us,80,80
2691,2691000.000us,0,0
2692,2692000.000us,80,80
2693,2693000.000us,80,80
2694,2694000.000us,80,80
2695,2695000.000us,80,0
2696,2696000.000us,80,0
2697,2697000.000us,160,0
2698,2698000.000us,160,80
2699,2699000.000us,0,0
2700,2700000.000us,80,0
2701,2701000.000us,0,0
2702,2702000.000us,80,80
2703,2703000.000us,0,0
2704,2704000.000us,80,0
2705,2705000.000us,80,0
2706,2706000.000us,80,80
2707,2707000.000us,0,-80
2708,2708000.000us,0,-80
2709,2709000.000us,80,80
2710,2710000.000us,80,80
2711,2711000.000us,80,0
2712,2712000.000us,80,80
2713,2713000.000us,0,80
2714,2714000.000us,80,80
2715,2715000.000us,0,0
2716,2716000.000us,80,0
2717,2717000.000us,80,0
2718,2718000.000us,80,80
2719,2719000.000us,0,0
2720,2720000.000us,0,0
2721,2721000.000us,80,80
2722,2722000.000us,160,80
2723,2723000.000us,0,0
2724,2724000.000us,0,80
2725,2725000.000us,0,80
2726,2726000.000us,160,80
2727,2727000.000us,0,0
2728,2728000.000us,80,0
2729,2729000.000us,80,0
2730,2730000.000us,80,80
2731,2731000.000us,0,0
2732,2732000.000us,80,80
2733,2733000.000us,80,80
2734,2734000.000us,80,80
2735,2735000.000us,0,0
2736,2736000.000us,80,0
2737,2737000.000us,80,80
2738,2738000.000us,80,80
2739,2739000.000us,0,0
2740,2740000.000us,80,0
2741,2741000.000us,80,80
2742,2742000.000us,160,80
2743,2743000.000us,0,0
2744,2744000.000us,80,0
2745,2745000.000us,80,80
2746,2746000.000us,160,80
2747,2747000.000us,80,0
2748,2748000.000us,80,80
2749,2749000.000us,80,0
2750,2750000.000us,160,80
2751,2751000.000us,0,0
2752,2752000.000us,80,80
2753,2753000.000us,80,0
2754,2754000.000us,80,80
2755,2755000.000us,0,0
2756,2756000.000us,80,0
2757,2757000.000us,80,0
2758,2758000.000us,160,80
2759,2759000.000us,0,0
2760,2760000.000us,80,0
2761,2761000.000us,160,80
2762,2762000.000us,160,80
2763,2763000.000us,0,-80
2764,2764000.000us,80,80
2765,2765000.000us,80,80
2766,2766000.000us,160,80
2767,2767000.000us,0,0
2768,2768000.000us,80,0
2769,2769000.000us,80,0
2770,2770000.000us,80,160
2771,2771000.000us,0,0
2772,2772000.000us,80,80
2773,2773000.000us,80,0
2774,2774000.000us,80,80
2775,2775000.000us,0,0
2776,2776000.000us,80,0
2777,2777000.000us,160,0
2778,2778000.000us,160,80
2779,2779000.000us,0,0
2780,2780000.000us,80,80
2781,2781000.000us,80,80
2782,2782000.000us,160,80
2783,2783000.000us,0,0
2784,2784000.000us,80,0
2785,2785000.000us,80,0
2786,2786000.000us,80,80
2787,2787000.000us,0,0
2788,2788000.000us,80,0
2789,2789000.000us,0,80
2790,2790000.000us,160,160
2791,2791000.000us,0,0
2792,2792000.000us,80,80
2793,2793000.000us,0,0
2794,2794000.000us,80,80
2795,2795000.000us,0,0
2796,2796000.000us,80,80
2797,2797000.000us,80,0
2798,2798000.000us,160,80
2799,2799000.000us,0,0
2800,2800000.000us,80,80
2801,2801000.000us,80,80
2802,2802000.000us,80,80
2803,2803000.000us,0,0
2804,2804000.000us,80,0
2805,2805000.000us,80,80
2806,2806000.000us,80,80
2807,2807000.000us,0,0
2808,2808000.000us,80,80
2809,2809000.000us,0,0
2810,2810000.000us,80,80
2811,2811000.000us,0,0
2812,2812000.000us,80,0
2813,2813000.000us,80,80
2814,2814000.000us,80,80
2815,2815000.000us,0,0
2816,2816000.000us,80,0
2817,2817000.000us,0,0
2818,2818000.000us,80,80
2819,2819000.000us,0,-80
2820,2820000.000us,80,0
2821,2821000.000us,80,80
2822,2822000.000us,160,80
2823,2823000.000us,0,0
2824,2824000.000us,80,0
2825,2825000.000us,80,0
2826,2826000.000us,80,80
2827,2827000.000us,0,0
2828,2828000.000us,80,80
2829,2829000.000us,80,80
2830,2830000.000us,160,3440
2831,2831000.000us,80,0
2832,2832000.000us,80,3360
2833,2833000.000us,80,80
2834,2834000.000us,160,80
2835,2835000.000us,0,0
2836,2836000.000us,80,0
2837,2837000.000us,80,0
2838,2838000.000us,80,80
2839,2839000.000us,0,0
2840,2840000.000us,80,80
2841,2841000.000us,80,0
2842,2842000.000us,160,80
2843,2843000.000us,0,0
2844,2844000.000us,160,80
2845,2845000.000us,80,80
2846,2846000.000us,80,80
2847,2847000.000us,0,0
2848,2848000.000us,0,80
2849,2849000.000us,80,0
2850,2850000.000us,80,80
2851,2851000.000us,0,0
2852,2852000.000us,80,0
2853,2853000.000us,80,80
2854,2854000.000us,160,80
2855,2855000.000us,0,0
2856,2856000.000us,160,80
2857,2857000.000us,80,80
2858,2858000.000us,80,80
2859,2859000.000us,80,0
2860,2860000.000us,80,0
2861,2861000.000us,80,80
2862,2862000.000us,80,80
2863,2863000.000us,80,0
2864,2864000.000us,80,80
2865,2865000.000us,80,0
2866,2866000.000us,80,80
2867,2867000.000us,0,-80
2868,2868000.000us,80,80
2869,2869000.000us,80,80
2870,2870000.000us,80,80
2871,2871000.000us,0,0
2872,2872000.000us,80,0
2873,2873000.000us,80,0
2874,2874000.000us,3440,80
2875,2875000.000us,80,0
2876,2876000.000us,3440,0
2877,2877000.000us,3440,0
2878,2878000.000us,3440,80
2879,2879000.000us,3360,0
2880,2880000.000us,3440,80
2881,2881000.000us,3520,80
2882,2882000.000us,3520,3440
2883,2883000.000us,3440,0
2884,2884000.000us,3440,3360
2885,2885000.000us,3440,3440
2886,2886000.000us,3440,3440
2887,2887000.000us,3440,0
2888,2888000.000us,3440,80
2889,2889000.000us,3440,0
2890,2890000.000us,3520,80
2891,2891000.000us,3440,0
2892,2892000.000us,3440,80
2893,2893000.000us,3440,0
2894,2894000.000us,3520,80
2895,2895000.000us,3360,0
2896,2896000.000us,3440,80
2897,2897000.000us,3520,80
2898,2898000.000us,3520,80
2899,2899000.000us,3360,0
2900,2900000.000us,3440,80
2901,2901000.000us,3440,80
2902,2902000.000us,3520,80
2903,2903000.000us,3440,0
2904,2904000.000us,3440,80
2905,2905000.000us,3440,0
2906,2906000.000us,3520,80
2907,2907000.000us,3440,0
2908,2908000.000us,3520,80
2909,2909000.000us,3440,80
2910,2910000.000us,3520,80
2911,2911000.000us,3360,0
2912,2912000.000us,3440,0
2913,2913000.000us,3440,0
2914,2914000.000us,3520,80
2915,2915000.000us,3360,0
2916,2916000.000us,3440,0
2917,2917000.000us,3440,80
2918,2918000.000us,3520,80
2919,2919000.000us,3360,0
2920,2920000.000us,3440,0
2921,2921000.000us,3440,0
2922,2922000.000us,3440,80
2923,2923000.000us,3360,0
2924,2924000.000us,3360,0
2925,2925000.000us,3520,0
2926,2926000.000us,3520,80
2927,2927000.000us,3440,-80
2928,2928000.000us,3440,80
2929,2929000.000us,3440,0
2930,2930000.000us,3520,80
2931,2931000.000us,3440,0
2932,2932000.000us,3440,80
2933,2933000.000us,3440,80
2934,2934000.000us,3520,80
2935,2935000.000us,3360,0
2936,2936000.000us,3440,0
2937,2937000.000us,3440,80
2938,2938000.000us,3520,80
2939,2939000.000us,3360,0
2940,2940000.000us,3440,80
2941,2941000.000us,3360,80
2942,2942000.000us,3440,80
2943,2943000.000us,3360,0
2944,2944000.000us,3440,0
2945,2945000.000us,3360,0
2946,2946000.000us,3520,80
2947,2947000.000us,3360,0
2948,2948000.000us,3440,0
2949,2949000.000us,3440,80
2950,2950000.000us,3520,80
2951,2951000.000us,3360,0
2952,2952000.000us,3440,80
2953,2953000.000us,3440,0
2954,2954000.000us,3440,80
2955,2955000.000us,3360,0
2956,2956000.000us,3440,80
2957,2957000.000us,3440,0
2958,2958000.000us,3520,80
2959,2959000.000us,3360,0
2960,2960000.000us,3360,80
2961,2961000.000us,3440,0
2962,2962000.000us,3520,80
2963,2963000.000us,3360,0
2964,2964000.000us,3360,0
2965,2965000.000us,3440,80
2966,2966000.000us,3520,80
2967,2967000.000us,3360,-80
2968,2968000.000us,3520,80
2969,2969000.000us,3440,0
2970,2970000.000us,3440,80
2971,2971000.000us,3360,0
2972,2972000.000us,3440,80
2973,2973000.000us,3440,80
2974,2974000.000us,3520,80
2975,2975000.000us,3440,0
2976,2976000.000us,3520,0
2977,2977000.000us,3440,80
2978,2978000.000us,3440,80
2979,2979000.000us,3440,0
2980,2980000.000us,3440,0
2981,2981000.000us,3520,0
2982,2982000.000us,3520,80
2983,2983000.000us,3360,0
2984,2984000.000us,3440,80
2985,2985000.000us,3440,80
2986,2986000.000us,3440,80
2987,2987000.000us,3440,0
2988,2988000.000us,3440,0
2989,2989000.000us,3440,0
2990,2990000.000us,3440,80
2991,2991000.000us,3360,-80
2992,2992000.000us,3440,80
2993,2993000.000us,3440,-80
2994,2994000.000us,3520,80
2995,2995000.000us,3360,-80
2996,2996000.000us,3520,0
2997,2997000.000us,3440,80
2998,2998000.000us,3520,80
2999,2999000.000us,3360,0
3000,3000000.000us,3440,80
3001,3001000.000us,3440,0
3002,3002000.000us,3520,80
3003,3003000.000us,3360,0
3004,3004000.000us,3520,80
3005,3005000.000us,3440,0
3006,3006000.000us,3440,80
3007,3007000.000us,3440,0
3008,3008000.000us,3440,0
3009,3009000.000us,3520,80
3010,3010000.000us,3520,80
3011,3011000.000us,3360,0
3012,3012000.000us,3440,80
3013,3013000.000us,3440,0
3014,3014000.000us,3520,80
3015,3015000.000us,3360,0
3016,3016000.000us,3360,80
3017,3017000.000us,3360,80
3018,3018000.000us,3520,80
3019,3019000.000us,3360,0
3020,3020000.000us,3440,80
3021,3021000.000us,3440,0
3022,3022000.000us,3520,80
3023,3023000.000us,3360,0
3024,3024000.000us,3440,0
3025,3025000.000us,3440,0
3026,3026000.000us,3440,80
3027,3027000.000us,3360,0
3028,3028000.000us,3360,0
3029,3029000.000us,3440,0
3030,3030000.000us,3520,80
3031,3031000.000us,3360,0
3032,3032000.000us,3440,0
