Save Time:,7/14/2026 14:48,,
,,CH1,CH2
Frequency:,,3.097 Hz,24.483 Hz
Period:,,322.889 mS,40.845 mS
SP:,,1000.000 uS,1000.000 uS
PK-PK:,,3.520 V,3.600 V
,,,
Units:(mV),,,
1,1000.000us,80,0
2,2000.000us,160,3440
3,3000.000us,0,0
4,4000.000us,80,3440
5,5000.000us,80,3360
6,6000.000us,80,3440
7,7000.000us,0,0
8,8000.000us,80,0
9,9000.000us,80,80
10,10000.000us,80,3440
11,11000.000us,0,0
12,12000.000us,80,80
13,13000.000us,0,80
14,14000.000us,160,80
15,15000.000us,0,0
16,16000.000us,0,0
17,17000.000us,0,80
18,18000.000us,80,80
19,19000.000us,0,0
20,20000.000us,80,0
21,21000.000us,80,0
22,22000.000us,80,3360
23,23000.000us,0,0
24,24000.000us,80,0
25,25000.000us,80,0
26,26000.000us,80,3440
27,27000.000us,0,-80
28,28000.000us,80,3360
29,29000.000us,80,3360
30,30000.000us,160,3360
31,31000.000us,0,0
32,32000.000us,80,0
33,33000.000us,160,0
34,34000.000us,160,3440
35,35000.000us,80,0
36,36000.000us,80,80
37,37000.000us,80,0
38,38000.000us,160,3360
39,39000.000us,0,0
40,40000.000us,80,3360
41,41000.000us,0,3440
42,42000.000us,160,3440
43,43000.000us,0,0
44,44000.000us,160,80
45,45000.000us,80,80
46,46000.000us,160,3440
47,47000.000us,0,0
48,48000.000us,0,80
49,49000.000us,80,80
50,50000.000us,80,3440
51,51000.000us,0,0
52,52000.000us,80,3360
53,53000.000us,80,3440
54,54000.000us,80,3440
55,55000.000us,80,0
56,56000.000us,80,80
57,57000.000us,80,0
58,58000.000us,80,3440
59,59000.000us,80,0
60,60000.000us,80,0
61,61000.000us,80,0
62,62000.000us,3520,3440
63,63000.000us,80,0
64,64000.000us,3360,3440
65,65000.000us,3520,3440
66,66000.000us,3520,3440
67,67000.000us,3440,0
68,68000.000us,3440,80
69,69000.000us,3520,0
70,70000.000us,3520,80
71,71000.000us,3440,0
72,72000.000us,3440,0
73,73000.000us,3520,80
74,74000.000us,3520,80
75,75000.000us,3360,-80
76,76000.000us,3440,80
77,77000.000us,3440,0
78,78000.000us,3520,80
79,79000.000us,3440,0
80,80000.000us,3520,80
81,81000.000us,3440,0
82,82000.000us,3520,80
83,83000.000us,3360,-80
84,84000.000us,3520,-80
85,85000.000us,3520,80
86,86000.000us,3520,80
87,87000.000us,3360,0
88,88000.000us,3440,80
89,89000.000us,3520,0
90,90000.000us,3520,80
91,91000.000us,3360,0
92,92000.000us,3440,0
93,93000.000us,3360,0
94,94000.000us,3520,80
95,95000.000us,3360,0
96,96000.000us,3440,0
97,97000.000us,3520,0
98,98000.000us,3520,80
99,99000.000us,3360,0
100,100000.000us,3440,0
101,101000.000us,3520,0
102,102000.000us,3520,80
103,103000.000us,3360,0
104,104000.000us,3440,0
105,105000.000us,3360,0
106,106000.000us,3520,80
107,107000.000us,3360,0
108,108000.000us,3520,0
109,109000.000us,3440,80
110,110000.000us,3520,80
111,111000.000us,3440,0
112,112000.000us,3440,0
113,113000.000us,3440,0
114,114000.000us,3520,80
115,115000.000us,3360,0
116,116000.000us,3440,0
117,117000.000us,3440,80
118,118000.000us,3520,80
119,119000.000us,3360,-80
120,120000.000us,3520,0
121,121000.000us,3440,80
122,122000.000us,3520,80
123,123000.000us,3440,0
124,124000.000us,3440,0
125,125000.000us,3440,80
126,126000.000us,3520,80
127,127000.000us,3440,-80
128,128000.000us,3440,0
129,129000.000us,3440,0
130,130000.000us,3520,80
131,131000.000us,3360,0
132,132000.000us,3520,80
133,133000.000us,3440,80
134,134000.000us,3520,80
135,135000.000us,3440,0
136,136000.000us,3440,0
137,137000.000us,3440,0
138,138000.000us,3520,80
139,139000.000us,3360,0
140,140000.000us,3520,80
141,141000.000us,3440,0
142,142000.000us,3440,80
143,143000.000us,3360,0
144,144000.000us,3440,80
145,145000.000us,3360,80
146,146000.000us,3520,80
147,147000.000us,3360,0
148,148000.000us,3440,80
149,149000.000us,3440,0
150,150000.000us,3520,80
151,151000.000us,3440,0
152,152000.000us,3440,0
153,153000.000us,3440,80
154,154000.000us,3520,80
155,155000.000us,3360,0
156,156000.000us,3440,0
157,157000.000us,3360,0
158,158000.000us,3520,80
159,159000.000us,3360,0
160,160000.000us,3440,80
161,161000.000us,3440,0
162,162000.000us,3520,80
163,163000.000us,3360,-80
164,164000.000us,3440,0
165,165000.000us,3520,80
166,166000.000us,3520,80
167,167000.000us,3440,0
168,168000.000us,3440,0
169,169000.000us,3440,0
170,170000.000us,3440,80
171,171000.000us,3440,0
172,172000.000us,3440,0
173,173000.000us,3440,80
174,174000.000us,3520,80
175,175000.000us,3440,0
176,176000.000us,3520,0
177,177000.000us,3440,80
178,178000.000us,3520,80
179,179000.000us,3360,0
180,180000.000us,3440,80
181,181000.000us,3440,0
182,182000.000us,3520,80
183,183000.000us,3440,0
184,184000.000us,3440,0
185,185000.000us,3440,80
186,186000.000us,3440,80
187,187000.000us,3360,0
188,188000.000us,3440,0
189,189000.000us,3440,80
190,190000.000us,3440,80
191,191000.000us,3440,0
192,192000.000us,3440,80
193,193000.000us,3440,80
194,194000.000us,3520,80
195,195000.000us,3360,0
196,196000.000us,3440,0
197,197000.000us,3440,80
198,198000.000us,3520,80
199,199000.000us,3360,0
200,200000.000us,3440,80
201,201000.000us,3440,80
202,202000.000us,3520,80
203,203000.000us,3360,0
204,204000.000us,3440,0
205,205000.000us,3520,0
206,206000.000us,3520,80
207,207000.000us,3440,-80
208,208000.000us,3440,80
209,209000.000us,3440,80
210,210000.000us,3440,80
211,211000.000us,3440,0
212,212000.000us,3440,80
213,213000.000us,3520,80
214,214000.000us,3520,80
215,215000.000us,3360,0
216,216000.000us,3440,0
217,217000.000us,3520,0
218,218000.000us,3520,80
219,219000.000us,3360,0
220,220000.000us,3440,0
221,221000.000us,3440,0
222,222000.000us,3520,80
223,223000.000us,3360,0
224,224000.000us,3440,0
225,225000.000us,3440,0
226,226000.000us,3520,80
227,227000.000us,3360,0
228,228000.000us,3440,0
229,229000.000us,3440,80
230,230000.000us,3520,80
231,231000.000us,3360,0
232,232000.000us,3520,0
233,233000.000us,3440,80
234,234000.000us,3440,80
235,235000.000us,3360,0
236,236000.000us,3440,80
237,237000.000us,3520,0
238,238000.000us,3520,160
239,239000.000us,3360,0
240,240000.000us,3440,0
241,241000.000us,3440,0
242,242000.000us,3520,80
243,243000.000us,3440,0
244,244000.000us,3440,0
245,245000.000us,3520,80
246,246000.000us,3520,80
247,247000.000us,3360,0
248,248000.000us,3440,80
249,249000.000us,3440,0
250,250000.000us,3520,80
251,251000.000us,3360,0
252,252000.000us,3440,0
253,253000.000us,3440,80
254,254000.000us,3440,80
255,255000.000us,3360,0
256,256000.000us,3440,80
257,257000.000us,3440,80
258,258000.000us,3520,80
259,259000.000us,3360,0
260,260000.000us,3440,0
261,261000.000us,3440,80
262,262000.000us,3520,80
263,263000.000us,3360,0
264,264000.000us,3440,80
265,265000.000us,3440,0
266,266000.000us,3520,80
267,267000.000us,3360,0
268,268000.000us,3440,80
269,269000.000us,3440,0
270,270000.000us,3520,80
271,271000.000us,3360,0
272,272000.000us,3440,0
273,273000.000us,3440,0
274,274000.000us,3520,80
275,275000.000us,3440,0
276,276000.000us,3440,80
277,277000.000us,3440,80
278,278000.000us,3520,80
279,279000.000us,3440,-80
280,280000.000us,3440,0
281,281000.000us,3440,80
282,282000.000us,3520,80
283,283000.000us,3360,0
284,284000.000us,3440,0
285,285000.000us,3440,80
286,286000.000us,3440,80
287,287000.000us,3360,0
288,288000.000us,3440,80
289,289000.000us,3440,80
290,290000.000us,3520,160
291,291000.000us,3440,0
292,292000.000us,3440,80
293,293000.000us,3440,0
294,294000.000us,3520,80
295,295000.000us,3360,0
296,296000.000us,3360,80
297,297000.000us,3440,0
298,298000.000us,3440,80
299,299000.000us,3360,0
300,300000.000us,3360,0
301,301000.000us,3360,80
302,302000.000us,3520,80
303,303000.000us,3360,0
304,304000.000us,3440,0
305,305000.000us,3440,80
306,306000.000us,3520,80
307,307000.000us,3440,0
308,308000.000us,3520,0
309,309000.000us,3440,80
310,310000.000us,3520,80
311,311000.000us,3360,0
312,312000.000us,3440,0
313,313000.000us,3440,0
314,314000.000us,3440,80
315,315000.000us,3360,0
316,316000.000us,3440,0
317,317000.000us,3440,0
318,318000.000us,3440,80
319,319000.000us,80,0
320,320000.000us,80,0
321,321000.000us,80,3440
322,322000.000us,160,3440
323,323000.000us,80,-80
324,324000.000us,80,-80
325,325000.000us,80,0
326,326000.000us,80,3440
327,327000.000us,0,0
328,328000.000us,80,3440
329,329000.000us,80,0
330,330000.000us,80,80
331,331000.000us,0,0
332,332000.000us,80,0
333,333000.000us,80,3360
334,334000.000us,80,3360
335,335000.000us,0,0
336,336000.000us,0,0
337,337000.000us,80,0
338,338000.000us,80,3440
339,339000.000us,0,0
340,340000.000us,0,3440
341,341000.000us,80,80
342,342000.000us,80,80
343,343000.000us,80,0
344,344000.000us,80,0
345,345000.000us,80,3360
346,346000.000us,80,3440
347,347000.000us,0,0
348,348000.000us,80,0
349,349000.000us,0,0
350,350000.000us,160,3440
351,351000.000us,0,0
352,352000.000us,80,3440
353,353000.000us,80,80
354,354000.000us,160,80
355,355000.000us,0,0
356,356000.000us,80,80
357,357000.000us,0,3360
358,358000.000us,80,3440
359,359000.000us,0,0
360,360000.000us,80,80
361,361000.000us,80,80
362,362000.000us,80,3440
363,363000.000us,0,0
364,364000.000us,80,3440
365,365000.000us,0,80
366,366000.000us,160,80
367,367000.000us,0,0
368,368000.000us,80,0
369,369000.000us,80,80
370,370000.000us,3520,80
371,371000.000us,0,0
372,372000.000us,3440,80
373,373000.000us,3440,0
374,374000.000us,3440,3440
375,375000.000us,3360,0
376,376000.000us,3360,80
377,377000.000us,3440,0
378,378000.000us,3520,3440
379,379000.000us,3360,0
380,380000.000us,3360,3360
381,381000.000us,3520,3360
382,382000.000us,3520,3440
383,383000.000us,3360,0
384,384000.000us,3360,0
385,385000.000us,3520,0
386,386000.000us,3520,3440
387,387000.000us,3360,0
388,388000.000us,3440,0
389,389000.000us,3440,0
390,390000.000us,3520,3360
391,391000.000us,3360,0
392,392000.000us,3440,3360
393,393000.000us,3440,3360
394,394000.000us,3520,3440
395,395000.000us,3360,0
396,396000.000us,3440,80
397,397000.000us,3440,-80
398,398000.000us,3520,3360
399,399000.000us,3360,-80
400,400000.000us,3520,0
401,401000.000us,3440,0
402,402000.000us,3520,3360
403,403000.000us,3360,0
404,404000.000us,3440,3360
405,405000.000us,3440,3440
406,406000.000us,3440,3440
407,407000.000us,3360,0
408,408000.000us,3440,0
409,409000.000us,3440,80
410,410000.000us,3440,3440
411,411000.000us,3360,0
412,412000.000us,3440,0
413,413000.000us,3440,0
414,414000.000us,3440,3360
415,415000.000us,80,0
416,416000.000us,80,3360
417,417000.000us,80,3360
418,418000.000us,160,3440
419,419000.000us,0,0
420,420000.000us,80,0
421,421000.000us,80,0
422,422000.000us,80,80
423,423000.000us,0,0
424,424000.000us,0,80
425,425000.000us,80,80
426,426000.000us,80,80
427,427000.000us,0,0
428,428000.000us,80,0
429,429000.000us,80,0
430,430000.000us,160,80
431,431000.000us,0,0
432,432000.000us,80,80
433,433000.000us,80,0
434,434000.000us,80,80
435,435000.000us,0,0
436,436000.000us,80,80
437,437000.000us,160,0
438,438000.000us,160,80
439,439000.000us,0,0
440,440000.000us,80,80
441,441000.000us,80,80
442,442000.000us,80,80
443,443000.000us,0,0
444,444000.000us,80,80
445,445000.000us,0,80
446,446000.000us,160,80
447,447000.000us,0,0
448,448000.000us,80,0
449,449000.000us,80,0
450,450000.000us,160,80
451,451000.000us,0,0
452,452000.000us,80,0
453,453000.000us,80,80
454,454000.000us,80,80
455,455000.000us,0,0
456,456000.000us,0,0
457,457000.000us,80,0
458,458000.000us,160,80
459,459000.000us,0,0
460,460000.000us,80,0
461,461000.000us,0,0
462,462000.000us,80,80
463,463000.000us,0,0
464,464000.000us,80,0
465,465000.000us,80,0
466,466000.000us,80,80
467,467000.000us,0,0
468,468000.000us,0,80
469,469000.000us,80,0
470,470000.000us,80,80
471,471000.000us,0,0
472,472000.000us,80,0
473,473000.000us,0,0
474,474000.000us,80,80
475,475000.000us,0,0
476,476000.000us,80,0
477,477000.000us,80,80
478,478000.000us,80,80
479,479000.000us,0,0
480,480000.000us,80,80
481,481000.000us,80,0
482,482000.000us,80,80
483,483000.000us,0,0
484,484000.000us,80,80
485,485000.000us,80,0
486,486000.000us,160,80
487,487000.000us,0,0
488,488000.000us,80,0
489,489000.000us,80,80
490,490000.000us,80,80
491,491000.000us,0,0
492,492000.000us,80,0
493,493000.000us,80,80
494,494000.000us,160,80
495,495000.000us,0,0
496,496000.000us,80,0
497,497000.000us,80,0
498,498000.000us,160,80
499,499000.000us,0,0
500,500000.000us,80,80
501,501000.000us,80,80
502,502000.000us,80,80
503,503000.000us,0,0
504,504000.000us,80,0
505,505000.000us,80,0
506,506000.000us,80,80
507,507000.000us,0,0
508,508000.000us,0,0
509,509000.000us,80,80
510,510000.000us,80,80
511,511000.000us,0,0
512,512000.000us,80,0
513,513000.000us,80,0
514,514000.000us,80,80
515,515000.000us,0,0
516,516000.000us,0,0
517,517000.000us,80,0
518,518000.000us,80,80
519,519000.000us,0,0
520,520000.000us,80,0
521,521000.000us,80,80
522,522000.000us,80,80
523,523000.000us,0,0
524,524000.000us,80,80
525,525000.000us,80,0
526,526000.000us,80,80
527,527000.000us,0,0
528,528000.000us,80,80
529,529000.000us,0,0
530,530000.000us,80,80
531,531000.000us,0,0
532,532000.000us,80,0
533,533000.000us,80,0
534,534000.000us,80,80
535,535000.000us,0,0
536,536000.000us,80,0
537,537000.000us,0,0
538,538000.000us,80,80
539,539000.000us,0,0
540,540000.000us,80,80
541,541000.000us,80,0
542,542000.000us,160,80
543,543000.000us,0,0
544,544000.000us,0,80
545,545000.000us,80,0
546,546000.000us,80,80
547,547000.000us,0,0
548,548000.000us,80,0
549,549000.000us,80,0
550,550000.000us,160,80
551,551000.000us,0,0
552,552000.000us,0,0
553,553000.000us,80,0
554,554000.000us,80,80
555,555000.000us,0,0
556,556000.000us,80,0
557,557000.000us,80,80
558,558000.000us,80,80
559,559000.000us,80,0
560,560000.000us,80,0
561,561000.000us,80,80
562,562000.000us,160,80
563,563000.000us,0,0
564,564000.000us,80,0
565,565000.000us,80,80
566,566000.000us,160,80
567,567000.000us,0,0
568,568000.000us,80,0
569,569000.000us,0,80
570,570000.000us,80,80
571,571000.000us,0,0
572,572000.000us,80,80
573,573000.000us,160,0
574,574000.000us,160,80
575,575000.000us,80,0
576,576000.000us,80,80
577,577000.000us,80,0
578,578000.000us,160,80
579,579000.000us,0,0
580,580000.000us,80,0
581,581000.000us,80,0
582,582000.000us,80,80
583,583000.000us,0,0
584,584000.000us,80,80
585,585000.000us,80,0
586,586000.000us,80,80
587,587000.000us,0,0
588,588000.000us,80,0
589,589000.000us,80,80
590,590000.000us,80,80
591,591000.000us,0,0
592,592000.000us,0,0
593,593000.000us,80,80
594,594000.000us,160,80
595,595000.000us,0,0
596,596000.000us,80,80
597,597000.000us,80,80
598,598000.000us,80,80
599,599000.000us,0,0
600,600000.000us,80,80
601,601000.000us,0,0
602,602000.000us,160,80
603,603000.000us,0,0
604,604000.000us,160,0
605,605000.000us,80,0
606,606000.000us,80,80
607,607000.000us,0,0
608,608000.000us,80,80
609,609000.000us,80,0
610,610000.000us,80,80
611,611000.000us,0,0
612,612000.000us,80,80
613,613000.000us,80,80
614,614000.000us,160,80
615,615000.000us,0,0
616,616000.000us,0,0
617,617000.000us,80,0
618,618000.000us,80,80
619,619000.000us,0,0
620,620000.000us,80,0
621,621000.000us,0,0
622,622000.000us,80,80
623,623000.000us,0,0
624,624000.000us,80,0
625,625000.000us,80,0
626,626000.000us,160,80
627,627000.000us,80,0
628,628000.000us,80,0
629,629000.000us,80,0
630,630000.000us,160,80
631,631000.000us,0,0
632,632000.000us,80,80
633,633000.000us,0,0
634,634000.000us,80,80
635,635000.000us,0,0
636,636000.000us,80,0
637,637000.000us,80,0
638,638000.000us,80,80
639,639000.000us,0,0
640,640000.000us,80,80
641,641000.000us,160,0
642,642000.000us,160,80
643,643000.000us,0,-80
644,644000.000us,80,80
645,645000.000us,80,80
646,646000.000us,80,80
647,647000.000us,0,0
648,648000.000us,80,80
649,649000.000us,80,80
650,650000.000us,160,80
651,651000.000us,0,0
652,652000.000us,80,80
653,653000.000us,80,0
654,654000.000us,80,80
655,655000.000us,80,0
656,656000.000us,80,80
657,657000.000us,0,0
658,658000.000us,80,80
659,659000.000us,0,0
660,660000.000us,0,80
661,661000.000us,80,0
662,662000.000us,80,80
663,663000.000us,0,0
664,664000.000us,80,0
665,665000.000us,0,0
666,666000.000us,80,80
667,667000.000us,0,0
668,668000.000us,80,0
669,669000.000us,80,0
670,670000.000us,80,3440
671,671000.000us,0,0
672,672000.000us,0,3360
673,673000.000us,0,3360
674,674000.000us,80,3440
675,675000.000us,0,-80
676,676000.000us,80,-80
677,677000.000us,80,80
678,678000.000us,160,3440
679,679000.000us,0,0
680,680000.000us,0,0
681,681000.000us,80,80
682,682000.000us,80,3440
683,683000.000us,0,0
684,684000.000us,80,3360
685,685000.000us,0,3440
686,686000.000us,160,3440
687,687000.000us,0,0
688,688000.000us,80,80
689,689000.000us,80,0
690,690000.000us,80,3440
691,691000.000us,0,0
692,692000.000us,80,80
693,693000.000us,80,0
694,694000.000us,80,3440
695,695000.000us,0,0
696,696000.000us,0,3440
697,697000.000us,80,3440
698,698000.000us,80,3440
699,699000.000us,0,0
700,700000.000us,80,80
701,701000.000us,80,0
702,702000.000us,80,3440
703,703000.000us,0,0
704,704000.000us,80,80
705,705000.000us,80,0
706,706000.000us,80,3440
707,707000.000us,0,0
708,708000.000us,80,3440
709,709000.000us,80,3360
710,710000.000us,80,3440
711,711000.000us,0,0
712,712000.000us,80,80
713,713000.000us,80,0
714,714000.000us,80,3440
715,715000.000us,80,0
716,716000.000us,80,80
717,717000.000us,80,0
718,718000.000us,80,80
719,719000.000us,0,0
720,720000.000us,80,80
721,721000.000us,80,80
722,722000.000us,160,3360
723,723000.000us,0,0
724,724000.000us,80,3360
725,725000.000us,80,3360
726,726000.000us,80,3440
727,727000.000us,0,0
728,728000.000us,0,80
729,729000.000us,80,0
730,730000.000us,80,3440
731,731000.000us,0,0
732,732000.000us,0,80
733,733000.000us,80,0
734,734000.000us,160,3360
735,735000.000us,0,0
736,736000.000us,160,3360
737,737000.000us,80,3440
738,738000.000us,80,3440
739,739000.000us,80,0
740,740000.000us,80,0
741,741000.000us,80,0
742,742000.000us,80,3440
743,743000.000us,0,0
744,744000.000us,0,0
745,745000.000us,0,80
746,746000.000us,80,3360
747,747000.000us,0,0
748,748000.000us,80,3360
749,749000.000us,80,3360
750,750000.000us,80,3440
751,751000.000us,0,0
752,752000.000us,0,80
753,753000.000us,80,80
754,754000.000us,80,3440
755,755000.000us,0,0
756,756000.000us,0,80
757,757000.000us,0,0
758,758000.000us,80,3360
759,759000.000us,0,0
760,760000.000us,80,3360
761,761000.000us,80,3440
762,762000.000us,3440,3440
763,763000.000us,0,0
764,764000.000us,3440,0
765,765000.000us,3360,80
766,766000.000us,3520,3440
767,767000.000us,3360,0
768,768000.000us,3440,0
769,769000.000us,3440,80
770,770000.000us,3440,80
771,771000.000us,3360,0
772,772000.000us,3360,0
773,773000.000us,3440,0
774,774000.000us,3520,80
775,775000.000us,3440,0
776,776000.000us,3520,0
777,777000.000us,3440,0
778,778000.000us,3520,80
779,779000.000us,3360,0
780,780000.000us,3440,0
781,781000.000us,3440,80
782,782000.000us,3440,80
783,783000.000us,3440,0
784,784000.000us,3440,0
785,785000.000us,3440,0
786,786000.000us,3520,80
787,787000.000us,3440,0
788,788000.000us,3440,0
789,789000.000us,3440,80
790,790000.000us,3520,80
791,791000.000us,3440,0
792,792000.000us,3440,0
793,793000.000us,3440,80
794,794000.000us,3520,80
795,795000.000us,3360,-80
796,796000.000us,3440,-80
797,797000.000us,3440,0
798,798000.000us,3440,80
799,799000.000us,3440,0
800,800000.000us,3440,0
801,801000.000us,3440,0
802,802000.000us,3520,80
803,803000.000us,3360,0
804,804000.000us,3440,80
805,805000.000us,3440,0
806,806000.000us,3520,80
807,807000.000us,3360,0
808,808000.000us,3440,0
809,809000.000us,3440,0
810,810000.000us,3520,80
811,811000.000us,3440,0
812,812000.000us,3440,80
813,813000.000us,3440,0
814,814000.000us,3520,80
815,815000.000us,3440,0
816,816000.000us,3440,0
817,817000.000us,3440,80
818,818000.000us,3520,80
819,819000.000us,3440,0
820,820000.000us,3440,80
821,821000.000us,3440,80
822,822000.000us,3520,80
823,823000.000us,3440,0
824,824000.000us,3440,0
825,825000.000us,3520,80
826,826000.000us,3520,80
827,827000.000us,3440,0
828,828000.000us,3440,0
829,829000.000us,3440,0
830,830000.000us,3520,80
831,831000.000us,3360,0
832,832000.000us,3440,0
833,833000.000us,3440,80
834,834000.000us,3520,80
835,835000.000us,3440,0
836,836000.000us,3520,0
837,837000.000us,3440,0
838,838000.000us,3520,80
839,839000.000us,3360,0
840,840000.000us,3440,80
841,841000.000us,3440,0
842,842000.000us,3440,80
843,843000.000us,3440,0
844,844000.000us,3440,80
845,845000.000us,3440,0
846,846000.000us,3520,80
847,847000.000us,3440,0
848,848000.000us,3440,0
849,849000.000us,3520,0
850,850000.000us,3520,80
851,851000.000us,3360,0
852,852000.000us,3440,80
853,853000.000us,3440,80
854,854000.000us,3440,80
855,855000.000us,3360,0
856,856000.000us,3360,80
857,857000.000us,3440,0
858,858000.000us,3520,80
859,859000.000us,3440,0
860,860000.000us,3440,80
861,861000.000us,3440,0
862,862000.000us,3520,80
863,863000.000us,3440,0
864,864000.000us,3520,0
865,865000.000us,3440,80
866,866000.000us,3520,80
867,867000.000us,3360,0
868,868000.000us,3440,0
869,869000.000us,3440,0
870,870000.000us,3520,80
871,871000.000us,3360,0
872,872000.000us,3440,0
873,873000.000us,3440,80
874,874000.000us,3520,80
875,875000.000us,3360,0
876,876000.000us,3360,80
877,877000.000us,3440,0
878,878000.000us,3440,80
879,879000.000us,3440,0
880,880000.000us,3440,0
881,881000.000us,3440,80
882,882000.000us,3520,80
883,883000.000us,3440,0
884,884000.000us,3440,80
885,885000.000us,3440,0
886,886000.000us,3440,80
887,887000.000us,3360,0
888,888000.000us,3440,80
889,889000.000us,3440,80
890,890000.000us,3440,160
891,891000.000us,3440,-80
892,892000.000us,3440,-80
893,893000.000us,3440,0
894,894000.000us,3520,80
895,895000.000us,3440,0
896,896000.000us,3440,0
897,897000.000us,3440,0
898,898000.000us,3440,80
899,899000.000us,3360,0
900,900000.000us,3440,0
901,901000.000us,3440,80
902,902000.000us,3520,80
903,903000.000us,3440,0
904,904000.000us,3520,80
905,905000.000us,3440,0
906,906000.000us,3440,80
907,907000.000us,3360,0
908,908000.000us,3440,0
909,909000.000us,3360,0
910,910000.000us,3520,80
911,911000.000us,3360,0
912,912000.000us,3440,0
913,913000.000us,3520,80
914,914000.000us,3520,80
915,915000.000us,3360,0
916,916000.000us,3360,0
917,917000.000us,3440,0
918,918000.000us,3520,80
919,919000.000us,3440,0
920,920000.000us,3520,80
921,921000.000us,3440,0
922,922000.000us,3520,160
923,923000.000us,3440,0
924,924000.000us,3520,80
925,925000.000us,3440,0
926,926000.000us,3520,80
927,927000.000us,3360,-80
928,928000.000us,3440,80
929,929000.000us,3360,0
930,930000.000us,3520,80
931,931000.000us,3360,0
932,932000.000us,3440,80
933,933000.000us,3440,80
934,934000.000us,3440,80
935,935000.000us,3360,0
936,936000.000us,3440,80
937,937000.000us,3520,0
938,938000.000us,3520,80
939,939000.000us,3360,-80
940,940000.000us,3440,0
941,941000.000us,3440,80
942,942000.000us,3520,80
943,943000.000us,3440,0
944,944000.000us,3440,0
945,945000.000us,3440,0
946,946000.000us,3520,80
947,947000.000us,3360,0
948,948000.000us,3440,80
949,949000.000us,3440,0
950,950000.000us,3520,80
951,951000.000us,3360,0
952,952000.000us,3520,0
953,953000.000us,3440,80
954,954000.000us,3520,80
955,955000.000us,3360,0
956,956000.000us,3440,80
957,957000.000us,3440,80
958,958000.000us,3440,80
959,959000.000us,3360,0
960,960000.000us,3440,80
961,961000.000us,3440,0
962,962000.000us,3520,80
963,963000.000us,3440,0
964,964000.000us,3440,0
965,965000.000us,3520,0
966,966000.000us,3520,80
967,967000.000us,3440,0
968,968000.000us,3440,80
969,969000.000us,3520,0
970,970000.000us,3520,80
971,971000.000us,3440,0
972,972000.000us,3440,80
973,973000.000us,3440,0
974,974000.000us,3520,80
975,975000.000us,3440,0
976,976000.000us,3440,0
977,977000.000us,3440,0
978,978000.000us,3520,80
979,979000.000us,3360,0
980,980000.000us,3440,0
981,981000.000us,3440,80
982,982000.000us,3520,80
983,983000.000us,3360,0
984,984000.000us,3440,80
985,985000.000us,3440,80
986,986000.000us,3520,80
987,987000.000us,3360,0
988,988000.000us,3360,80
989,989000.000us,3440,0
990,990000.000us,3520,80
991,991000.000us,3440,0
992,992000.000us,3440,80
993,993000.000us,3440,80
994,994000.000us,3440,80
995,995000.000us,3440,-80
996,996000.000us,3440,0
997,997000.000us,3440,0
998,998000.000us,3520,80
999,999000.000us,3360,0
1000,1000000.000us,3520,80
1001,1001000.000us,3440,0
1002,1002000.000us,3520,80
1003,1003000.000us,3440,0
1004,1004000.000us,3440,0
1005,1005000.000us,3440,0
1006,1006000.000us,3520,80
1007,1007000.000us,3440,0
1008,1008000.000us,3440,80
1009,1009000.000us,3440,0
1010,1010000.000us,3520,80
1011,1011000.000us,3360,0
1012,1012000.000us,3440,0
1013,1013000.000us,3440,80
1014,1014000.000us,3520,80
1015,1015000.000us,3440,0
1016,1016000.000us,3440,0
1017,1017000.000us,3440,80
1018,1018000.000us,3520,80
1019,1019000.000us,3440,0
1020,1020000.000us,3520,0
1021,1021000.000us,3440,0
1022,1022000.000us,3520,3440
1023,1023000.000us,0,0
1024,1024000.000us,80,3440
1025,1025000.000us,80,3360
1026,1026000.000us,160,3440
1027,1027000.000us,0,0
1028,1028000.000us,80,0
1029,1029000.000us,80,80
1030,1030000.000us,160,3440
1031,1031000.000us,0,0
1032,1032000.000us,0,80
1033,1033000.000us,80,0
1034,1034000.000us,80,3360
1035,1035000.000us,0,0
1036,1036000.000us,80,3360
1037,1037000.000us,160,3440
1038,1038000.000us,160,3440
1039,1039000.000us,80,0
1040,1040000.000us,80,80
1041,1041000.000us,80,80
1042,1042000.000us,160,3440
1043,1043000.000us,0,0
1044,1044000.000us,80,0
1045,1045000.000us,80,80
1046,1046000.000us,80,3440
1047,1047000.000us,0,0
1048,1048000.000us,0,3440
1049,1049000.000us,80,3440
1050,1050000.000us,80,3440
1051,1051000.000us,0,0
1052,1052000.000us,0,80
1053,1053000.000us,80,80
1054,1054000.000us,80,3360
1055,1055000.000us,0,0
1056,1056000.000us,80,80
1057,1057000.000us,80,0
1058,1058000.000us,80,3360
1059,1059000.000us,0,0
1060,1060000.000us,80,3360
1061,1061000.000us,80,3520
1062,1062000.000us,80,3520
1063,1063000.000us,0,0
1064,1064000.000us,80,0
1065,1065000.000us,0,0
1066,1066000.000us,80,3440
1067,1067000.000us,0,0
1068,1068000.000us,80,80
1069,1069000.000us,80,80
1070,1070000.000us,80,80
1071,1071000.000us,80,0
1072,1072000.000us,80,80
1073,1073000.000us,80,80
1074,1074000.000us,3440,80
1075,1075000.000us,80,0
1076,1076000.000us,3360,80
1077,1077000.000us,3440,3440
1078,1078000.000us,3520,3440
1079,1079000.000us,3440,0
1080,1080000.000us,3440,80
1081,1081000.000us,3440,0
1082,1082000.000us,3520,3440
1083,1083000.000us,3440,0
1084,1084000.000us,3440,3440
1085,1085000.000us,3440,80
1086,1086000.000us,3520,80
1087,1087000.000us,3360,0
1088,1088000.000us,3440,0
1089,1089000.000us,3440,3360
1090,1090000.000us,3520,3360
1091,1091000.000us,3360,0
1092,1092000.000us,3440,80
1093,1093000.000us,3520,0
1094,1094000.000us,3520,3440
1095,1095000.000us,3360,0
1096,1096000.000us,3440,3440
1097,1097000.000us,3440,80
1098,1098000.000us,3520,160
1099,1099000.000us,3440,0
1100,1100000.000us,3440,0
1101,1101000.000us,3520,3360
1102,1102000.000us,3520,3440
1103,1103000.000us,3360,0
1104,1104000.000us,3520,80
1105,1105000.000us,3520,0
1106,1106000.000us,3520,3440
1107,1107000.000us,3360,0
1108,1108000.000us,3440,3440
1109,1109000.000us,3520,0
1110,1110000.000us,3520,80
1111,1111000.000us,3360,0
1112,1112000.000us,3440,80
1113,1113000.000us,3440,3440
1114,1114000.000us,3520,3440
1115,1115000.000us,3360,0
1116,1116000.000us,3520,0
1117,1117000.000us,80,0
1118,1118000.000us,80,3440
1119,1119000.000us,0,0
1120,1120000.000us,80,3440
1121,1121000.000us,80,80
1122,1122000.000us,80,80
1123,1123000.000us,80,0
1124,1124000.000us,80,80
1125,1125000.000us,0,80
1126,1126000.000us,80,80
1127,1127000.000us,0,0
1128,1128000.000us,0,80
1129,1129000.000us,80,80
1130,1130000.000us,80,80
1131,1131000.000us,0,-80
1132,1132000.000us,80,0
1133,1133000.000us,80,80
1134,1134000.000us,80,80
1135,1135000.000us,0,0
1136,1136000.000us,0,80
1137,1137000.000us,80,80
1138,1138000.000us,160,80
1139,1139000.000us,0,0
1140,1140000.000us,80,0
1141,1141000.000us,80,80
1142,1142000.000us,80,80
1143,1143000.000us,0,0
1144,1144000.000us,80,80
1145,1145000.000us,0,0
1146,1146000.000us,80,80
1147,1147000.000us,0,0
1148,1148000.000us,80,0
1149,1149000.000us,80,80
1150,1150000.000us,160,80
1151,1151000.000us,0,0
1152,1152000.000us,160,80
1153,1153000.000us,80,0
1154,1154000.000us,80,80
1155,1155000.000us,80,0
1156,1156000.000us,80,0
1157,1157000.000us,80,80
1158,1158000.000us,80,80
1159,1159000.000us,0,0
1160,1160000.000us,0,80
1161,1161000.000us,80,0
1162,1162000.000us,160,80
1163,1163000.000us,0,0
1164,1164000.000us,0,80
1165,1165000.000us,80,80
1166,1166000.000us,80,80
1167,1167000.000us,0,0
1168,1168000.000us,0,0
1169,1169000.000us,80,0
1170,1170000.000us,80,80
1171,1171000.000us,0,0
1172,1172000.000us,80,0
1173,1173000.000us,0,0
1174,1174000.000us,160,80
1175,1175000.000us,0,0
1176,1176000.000us,160,80
1177,1177000.000us,0,0
1178,1178000.000us,160,80
1179,1179000.000us,0,0
1180,1180000.000us,80,0
1181,1181000.000us,160,0
1182,1182000.000us,160,80
1183,1183000.000us,0,0
1184,1184000.000us,80,0
1185,1185000.000us,80,80
1186,1186000.000us,80,80
1187,1187000.000us,0,0
1188,1188000.000us,0,80
1189,1189000.000us,80,80
1190,1190000.000us,160,80
1191,1191000.000us,0,0
1192,1192000.000us,0,80
1193,1193000.000us,80,80
1194,1194000.000us,80,80
1195,1195000.000us,0,0
1196,1196000.000us,80,80
1197,1197000.000us,80,0
1198,1198000.000us,80,80
1199,1199000.000us,0,0
1200,1200000.000us,0,80
1201,1201000.000us,80,0
1202,1202000.000us,160,80
1203,1203000.000us,80,0
1204,1204000.000us,80,0
1205,1205000.000us,80,0
1206,1206000.000us,80,80
1207,1207000.000us,0,0
1208,1208000.000us,80,0
1209,1209000.000us,80,0
1210,1210000.000us,80,80
1211,1211000.000us,0,0
1212,1212000.000us,80,0
1213,1213000.000us,80,80
1214,1214000.000us,160,80
1215,1215000.000us,0,0
1216,1216000.000us,80,0
1217,1217000.000us,80,0
1218,1218000.000us,80,80
1219,1219000.000us,0,0
1220,1220000.000us,0,0
1221,1221000.000us,80,0
1222,1222000.000us,160,80
1223,1223000.000us,80,0
1224,1224000.000us,160,0
1225,1225000.000us,0,80
1226,1226000.000us,80,80
1227,1227000.000us,0,0
1228,1228000.000us,80,80
1229,1229000.000us,80,0
1230,1230000.000us,80,80
1231,1231000.000us,0,0
1232,1232000.000us,80,80
1233,1233000.000us,80,80
1234,1234000.000us,160,80
1235,1235000.000us,0,0
1236,1236000.000us,80,80
1237,1237000.000us,80,80
1238,1238000.000us,160,80
1239,1239000.000us,0,0
1240,1240000.000us,80,0
1241,1241000.000us,80,0
1242,1242000.000us,80,80
1243,1243000.000us,0,0
1244,1244000.000us,0,0
1245,1245000.000us,80,80
1246,1246000.000us,160,80
1247,1247000.000us,80,0
1248,1248000.000us,80,0
1249,1249000.000us,0,80
1250,1250000.000us,160,80
1251,1251000.000us,0,0
1252,1252000.000us,80,80
1253,1253000.000us,0,0
1254,1254000.000us,160,80
1255,1255000.000us,0,0
1256,1256000.000us,80,0
1257,1257000.000us,80,80
1258,1258000.000us,160,80
1259,1259000.000us,0,0
1260,1260000.000us,160,80
1261,1261000.000us,0,80
1262,1262000.000us,80,80
1263,1263000.000us,0,0
1264,1264000.000us,80,0
1265,1265000.000us,80,0
1266,1266000.000us,80,80
1267,1267000.000us,0,0
1268,1268000.000us,80,80
1269,1269000.000us,0,0
1270,1270000.000us,80,80
1271,1271000.000us,0,0
1272,1272000.000us,80,80
1273,1273000.000us,0,0
1274,1274000.000us,160,80
1275,1275000.000us,0,0
1276,1276000.000us,0,80
1277,1277000.000us,0,0
1278,1278000.000us,80,80
1279,1279000.000us,0,-80
1280,1280000.000us,80,-80
1281,1281000.000us,80,0
1282,1282000.000us,160,80
1283,1283000.000us,0,0
1284,1284000.000us,80,80
1285,1285000.000us,80,80
1286,1286000.000us,80,80
1287,1287000.000us,0,0
1288,1288000.000us,80,80
1289,1289000.000us,160,80
1290,1290000.000us,160,80
1291,1291000.000us,0,0
1292,1292000.000us,80,0
1293,1293000.000us,80,80
1294,1294000.000us,160,80
1295,1295000.000us,0,0
1296,1296000.000us,0,0
1297,1297000.000us,80,0
1298,1298000.000us,80,80
1299,1299000.000us,80,0
1300,1300000.000us,80,0
1301,1301000.000us,80,80
1302,1302000.000us,80,80
1303,1303000.000us,0,0
1304,1304000.000us,0,0
1305,1305000.000us,0,0
1306,1306000.000us,80,80
1307,1307000.000us,0,0
1308,1308000.000us,80,0
1309,1309000.000us,80,80
1310,1310000.000us,80,80
1311,1311000.000us,80,0
1312,1312000.000us,80,80
1313,1313000.000us,80,80
1314,1314000.000us,80,80
1315,1315000.000us,0,0
1316,1316000.000us,0,80
1317,1317000.000us,80,80
1318,1318000.000us,160,80
1319,1319000.000us,0,0
1320,1320000.000us,80,0
1321,1321000.000us,80,0
1322,1322000.000us,160,80
1323,1323000.000us,0,0
1324,1324000.000us,0,0
1325,1325000.000us,80,80
1326,1326000.000us,160,80
1327,1327000.000us,0,0
1328,1328000.000us,80,0
1329,1329000.000us,80,0
1330,1330000.000us,80,80
1331,1331000.000us,0,0
1332,1332000.000us,80,80
1333,1333000.000us,80,0
1334,1334000.000us,80,80
1335,1335000.000us,0,0
1336,1336000.000us,80,80
1337,1337000.000us,80,0
1338,1338000.000us,160,80
1339,1339000.000us,0,0
1340,1340000.000us,80,80
1341,1341000.000us,80,80
1342,1342000.000us,160,80
1343,1343000.000us,0,0
1344,1344000.000us,80,0
1345,1345000.000us,80,0
1346,1346000.000us,160,80
1347,1347000.000us,0,0
1348,1348000.000us,80,0
1349,1349000.000us,0,0
1350,1350000.000us,80,80
1351,1351000.000us,0,0
1352,1352000.000us,80,0
1353,1353000.000us,80,0
1354,1354000.000us,80,80
1355,1355000.000us,0,0
1356,1356000.000us,80,80
1357,1357000.000us,80,0
1358,1358000.000us,80,80
1359,1359000.000us,0,0
1360,1360000.000us,80,0
1361,1361000.000us,80,0
1362,1362000.000us,160,80
1363,1363000.000us,0,0
1364,1364000.000us,80,80
1365,1365000.000us,80,0
1366,1366000.000us,80,80
1367,1367000.000us,0,0
1368,1368000.000us,80,80
1369,1369000.000us,80,80
1370,1370000.000us,160,80
1371,1371000.000us,0,0
1372,1372000.000us,160,0
1373,1373000.000us,80,80
1374,1374000.000us,160,3360
1375,1375000.000us,80,0
1376,1376000.000us,80,80
1377,1377000.000us,80,80
1378,1378000.000us,160,3360
1379,1379000.000us,0,0
1380,1380000.000us,80,3360
1381,1381000.000us,80,3360
1382,1382000.000us,80,3360
1383,1383000.000us,0,-80
1384,1384000.000us,0,0
1385,1385000.000us,80,0
1386,1386000.000us,80,3440
1387,1387000.000us,0,0
1388,1388000.000us,80,80
1389,1389000.000us,0,0
1390,1390000.000us,80,3440
1391,1391000.000us,0,0
1392,1392000.000us,0,3440
1393,1393000.000us,80,3360
1394,1394000.000us,80,3360
1395,1395000.000us,0,0
1396,1396000.000us,80,0
1397,1397000.000us,0,80
1398,1398000.000us,80,3440
1399,1399000.000us,0,0
1400,1400000.000us,80,0
1401,1401000.000us,80,80
1402,1402000.000us,80,3360
1403,1403000.000us,80,0
1404,1404000.000us,80,3360
1405,1405000.000us,80,3360
1406,1406000.000us,80,3440
1407,1407000.000us,0,0
1408,1408000.000us,80,0
1409,1409000.000us,80,0
1410,1410000.000us,160,3360
1411,1411000.000us,0,0
1412,1412000.000us,80,0
1413,1413000.000us,80,80
1414,1414000.000us,80,3440
1415,1415000.000us,0,0
1416,1416000.000us,0,3440
1417,1417000.000us,80,3360
1418,1418000.000us,80,3360
1419,1419000.000us,0,0
1420,1420000.000us,80,80
1421,1421000.000us,80,0
1422,1422000.000us,80,80
1423,1423000.000us,0,0
1424,1424000.000us,80,80
1425,1425000.000us,80,80
1426,1426000.000us,160,3440
1427,1427000.000us,0,0
1428,1428000.000us,160,3440
1429,1429000.000us,80,3360
1430,1430000.000us,160,3360
1431,1431000.000us,80,0
1432,1432000.000us,80,80
1433,1433000.000us,80,80
1434,1434000.000us,160,3360
1435,1435000.000us,0,0
1436,1436000.000us,0,0
1437,1437000.000us,80,0
1438,1438000.000us,160,3440
1439,1439000.000us,0,0
1440,1440000.000us,80,3440
1441,1441000.000us,80,3360
1442,1442000.000us,80,3360
1443,1443000.000us,0,0
1444,1444000.000us,80,0
1445,1445000.000us,80,0
1446,1446000.000us,160,3440
1447,1447000.000us,0,0
1448,1448000.000us,80,80
1449,1449000.000us,80,0
1450,1450000.000us,80,3440
1451,1451000.000us,0,0
1452,1452000.000us,80,3440
1453,1453000.000us,80,3360
1454,1454000.000us,80,3360
1455,1455000.000us,0,0
1456,1456000.000us,80,80
1457,1457000.000us,80,0
1458,1458000.000us,80,3440
1459,1459000.000us,0,0
1460,1460000.000us,80,80
1461,1461000.000us,0,80
1462,1462000.000us,160,3440
1463,1463000.000us,0,0
1464,1464000.000us,80,3440
1465,1465000.000us,160,3360
1466,1466000.000us,3520,3360
1467,1467000.000us,0,0
1468,1468000.000us,3440,0
1469,1469000.000us,3440,0
1470,1470000.000us,3440,3440
1471,1471000.000us,3360,0
1472,1472000.000us,3440,80
1473,1473000.000us,3440,0
1474,1474000.000us,3520,80
1475,1475000.000us,3360,0
1476,1476000.000us,3520,80
1477,1477000.000us,3440,0
1478,1478000.000us,3520,80
1479,1479000.000us,3360,0
1480,1480000.000us,3440,0
1481,1481000.000us,3440,80
1482,1482000.000us,3520,80
1483,1483000.000us,3360,0
1484,1484000.000us,3360,80
1485,1485000.000us,3440,0
1486,1486000.000us,3520,80
1487,1487000.000us,3360,0
1488,1488000.000us,3360,80
1489,1489000.000us,3440,0
1490,1490000.000us,3520,80
1491,1491000.000us,3360,0
1492,1492000.000us,3440,0
1493,1493000.000us,3440,0
1494,1494000.000us,3520,80
1495,1495000.000us,3360,0
1496,1496000.000us,3440,0
1497,1497000.000us,3440,0
1498,1498000.000us,3520,80
1499,1499000.000us,3440,0
1500,1500000.000us,3520,80
1501,1501000.000us,3440,80
1502,1502000.000us,3520,80
1503,1503000.000us,3440,0
1504,1504000.000us,3520,0
1505,1505000.000us,3440,80
1506,1506000.000us,3520,80
1507,1507000.000us,3440,0
1508,1508000.000us,3440,0
1509,1509000.000us,3440,80
1510,1510000.000us,3520,160
1511,1511000.000us,3440,0
1512,1512000.000us,3440,0
1513,1513000.000us,3440,80
1514,1514000.000us,3520,80
1515,1515000.000us,3360,0
1516,1516000.000us,3440,80
1517,1517000.000us,3440,80
1518,1518000.000us,3520,80
1519,1519000.000us,3440,0
1520,1520000.000us,3440,0
1521,1521000.000us,3440,0
1522,1522000.000us,3520,80
1523,1523000.000us,3360,0
1524,1524000.000us,3440,80
1525,1525000.000us,3440,0
1526,1526000.000us,3520,80
1527,1527000.000us,3360,0
1528,1528000.000us,3360,80
1529,1529000.000us,3520,80
1530,1530000.000us,3520,80
1531,1531000.000us,3440,0
1532,1532000.000us,3520,80
1533,1533000.000us,3440,0
1534,1534000.000us,3520,80
1535,1535000.000us,3360,-80
1536,1536000.000us,3520,0
1537,1537000.000us,3520,0
1538,1538000.000us,3520,80
1539,1539000.000us,3440,0
1540,1540000.000us,3520,0
1541,1541000.000us,3440,80
1542,1542000.000us,3440,80
1543,1543000.000us,3360,0
1544,1544000.000us,3440,0
1545,1545000.000us,3440,80
1546,1546000.000us,3520,80
1547,1547000.000us,3360,0
1548,1548000.000us,3440,0
1549,1549000.000us,3520,0
1550,1550000.000us,3520,80
1551,1551000.000us,3360,-80
1552,1552000.000us,3440,0
1553,1553000.000us,3440,80
1554,1554000.000us,3520,80
1555,1555000.000us,3360,0
1556,1556000.000us,3360,80
1557,1557000.000us,3440,0
1558,1558000.000us,3520,80
1559,1559000.000us,3440,0
1560,1560000.000us,3440,0
1561,1561000.000us,3440,80
1562,1562000.000us,3440,80
1563,1563000.000us,3360,0
1564,1564000.000us,3440,0
1565,1565000.000us,3440,80
1566,1566000.000us,3440,80
1567,1567000.000us,3440,0
1568,1568000.000us,3440,80
1569,1569000.000us,3520,0
1570,1570000.000us,3520,80
1571,1571000.000us,3440,0
1572,1572000.000us,3440,0
1573,1573000.000us,3440,0
1574,1574000.000us,3520,80
1575,1575000.000us,3440,0
1576,1576000.000us,3520,80
1577,1577000.000us,3440,0
1578,1578000.000us,3520,80
1579,1579000.000us,3440,-80
1580,1580000.000us,3520,0
1581,1581000.000us,3440,80
1582,1582000.000us,3440,80
1583,1583000.000us,3360,0
1584,1584000.000us,3440,80
1585,1585000.000us,3440,0
1586,1586000.000us,3520,80
1587,1587000.000us,3360,0
1588,1588000.000us,3520,0
1589,1589000.000us,3440,0
1590,1590000.000us,3440,80
1591,1591000.000us,3360,0
1592,1592000.000us,3440,80
1593,1593000.000us,3440,0
1594,1594000.000us,3520,80
1595,1595000.000us,3440,0
1596,1596000.000us,3520,80
1597,1597000.000us,3440,0
1598,1598000.000us,3440,80
1599,1599000.000us,3360,-80
1600,1600000.000us,3440,80
1601,1601000.000us,3440,-80
1602,1602000.000us,3520,80
1603,1603000.000us,3440,-80
1604,1604000.000us,3440,0
1605,1605000.000us,3520,0
1606,1606000.000us,3520,80
1607,1607000.000us,3360,0
1608,1608000.000us,3440,0
1609,1609000.000us,3440,80
1610,1610000.000us,3520,160
1611,1611000.000us,3440,0
1612,1612000.000us,3440,160
1613,1613000.000us,3440,0
1614,1614000.000us,3440,80
1615,1615000.000us,3360,0
1616,1616000.000us,3440,0
1617,1617000.000us,3440,80
1618,1618000.000us,3520,80
1619,1619000.000us,3360,0
1620,1620000.000us,3360,80
1621,1621000.000us,3440,0
1622,1622000.000us,3520,80
1623,1623000.000us,3360,0
1624,1624000.000us,3440,80
1625,1625000.000us,3520,0
1626,1626000.000us,3520,80
1627,1627000.000us,3440,0
1628,1628000.000us,3440,0
1629,1629000.000us,3440,80
1630,1630000.000us,3520,80
1631,1631000.000us,3360,0
1632,1632000.000us,3440,0
1633,1633000.000us,3440,80
1634,1634000.000us,3520,80
1635,1635000.000us,3440,0
1636,1636000.000us,3440,80
1637,1637000.000us,3440,80
1638,1638000.000us,3520,80
1639,1639000.000us,3360,0
1640,1640000.000us,3440,80
1641,1641000.000us,3440,0
1642,1642000.000us,3520,80
1643,1643000.000us,3360,0
1644,1644000.000us,3440,80
1645,1645000.000us,3440,0
1646,1646000.000us,3520,80
1647,1647000.000us,3360,0
1648,1648000.000us,3520,0
1649,1649000.000us,3520,0
1650,1650000.000us,3520,80
1651,1651000.000us,3440,0
1652,1652000.000us,3440,80
1653,1653000.000us,3360,0
1654,1654000.000us,3520,80
1655,1655000.000us,3360,-80
1656,1656000.000us,3440,80
1657,1657000.000us,3360,80
1658,1658000.000us,3440,80
1659,1659000.000us,3360,0
1660,1660000.000us,3440,0
1661,1661000.000us,3440,0
1662,1662000.000us,3520,80
1663,1663000.000us,3360,0
1664,1664000.000us,3360,0
1665,1665000.000us,3520,0
1666,1666000.000us,3520,80
1667,1667000.000us,3440,0
1668,1668000.000us,3440,80
1669,1669000.000us,3440,0
1670,1670000.000us,3440,80
1671,1671000.000us,3360,0
1672,1672000.000us,3440,0
1673,1673000.000us,3440,0
1674,1674000.000us,3520,160
1675,1675000.000us,3440,0
1676,1676000.000us,3440,0
1677,1677000.000us,3520,0
1678,1678000.000us,3520,80
1679,1679000.000us,3360,0
1680,1680000.000us,3440,80
1681,1681000.000us,3440,0
1682,1682000.000us,3520,80
1683,1683000.000us,3360,0
1684,1684000.000us,3520,80
1685,1685000.000us,3440,80
1686,1686000.000us,3520,80
1687,1687000.000us,3440,0
1688,1688000.000us,3520,80
1689,1689000.000us,3440,80
1690,1690000.000us,3520,80
1691,1691000.000us,3360,0
1692,1692000.000us,3520,80
1693,1693000.000us,3440,0
1694,1694000.000us,3520,80
1695,1695000.000us,3440,0
1696,1696000.000us,3440,80
1697,1697000.000us,3440,0
1698,1698000.000us,3520,80
1699,1699000.000us,3360,-80
1700,1700000.000us,3440,0
1701,1701000.000us,3520,0
1702,1702000.000us,3520,80
1703,1703000.000us,3440,0
1704,1704000.000us,3440,80
1705,1705000.000us,3440,0
1706,1706000.000us,3440,80
1707,1707000.000us,3360,-80
1708,1708000.000us,3440,0
1709,1709000.000us,3440,80
1710,1710000.000us,3520,80
1711,1711000.000us,3360,0
1712,1712000.000us,3440,80
1713,1713000.000us,3440,0
1714,1714000.000us,3520,80
1715,1715000.000us,3360,0
1716,1716000.000us,3520,0
1717,1717000.000us,3440,0
1718,1718000.000us,3520,80
1719,1719000.000us,3440,0
1720,1720000.000us,3440,80
1721,1721000.000us,3520,0
1722,1722000.000us,3520,80
1723,1723000.000us,3440,0
1724,1724000.000us,3440,0
1725,1725000.000us,3440,80
1726,1726000.000us,3440,3440
1727,1727000.000us,0,0
1728,1728000.000us,0,3360
1729,1729000.000us,80,80
1730,1730000.000us,160,80
1731,1731000.000us,0,0
1732,1732000.000us,0,80
1733,1733000.000us,80,3360
1734,1734000.000us,80,3440
1735,1735000.000us,0,0
1736,1736000.000us,0,80
1737,1737000.000us,0,0
1738,1738000.000us,80,3440
1739,1739000.000us,0,0
1740,1740000.000us,80,3360
1741,1741000.000us,80,80
1742,1742000.000us,80,80
1743,1743000.000us,0,-80
1744,1744000.000us,80,0
1745,1745000.000us,80,3360
1746,1746000.000us,80,3440
1747,1747000.000us,80,0
1748,1748000.000us,80,0
1749,1749000.000us,80,80
1750,1750000.000us,80,3440
1751,1751000.000us,0,0
1752,1752000.000us,80,3360
1753,1753000.000us,80,80
1754,1754000.000us,80,80
1755,1755000.000us,0,0
1756,1756000.000us,80,0
1757,1757000.000us,80,3360
1758,1758000.000us,160,3440
1759,1759000.000us,0,0
1760,1760000.000us,80,80
1761,1761000.000us,80,0
1762,1762000.000us,80,3440
1763,1763000.000us,0,0
1764,1764000.000us,0,3360
1765,1765000.000us,80,80
1766,1766000.000us,80,80
1767,1767000.000us,0,0
1768,1768000.000us,80,0
1769,1769000.000us,80,3360
1770,1770000.000us,80,3440
1771,1771000.000us,80,0
1772,1772000.000us,80,0
1773,1773000.000us,0,0
1774,1774000.000us,80,80
1775,1775000.000us,0,0
1776,1776000.000us,80,80
1777,1777000.000us,0,0
1778,1778000.000us,3440,3440
1779,1779000.000us,0,0
1780,1780000.000us,3440,3440
1781,1781000.000us,3440,3360
1782,1782000.000us,3520,3360
1783,1783000.000us,3360,0
1784,1784000.000us,3360,0
1785,1785000.000us,3440,80
1786,1786000.000us,3440,3440
1787,1787000.000us,3440,0
1788,1788000.000us,3440,0
1789,1789000.000us,3440,80
1790,1790000.000us,3520,3360
1791,1791000.000us,3360,0
1792,1792000.000us,3520,3360
1793,1793000.000us,3440,3440
1794,1794000.000us,3520,3440
1795,1795000.000us,3360,0
1796,1796000.000us,3520,0
1797,1797000.000us,3520,0
1798,1798000.000us,3520,3440
1799,1799000.000us,3360,0
1800,1800000.000us,3440,80
1801,1801000.000us,3440,80
1802,1802000.000us,3520,3360
1803,1803000.000us,3360,0
1804,1804000.000us,3440,3360
1805,1805000.000us,3440,3440
1806,1806000.000us,3520,3440
1807,1807000.000us,3440,0
1808,1808000.000us,3440,80
1809,1809000.000us,3440,0
1810,1810000.000us,3520,3440
1811,1811000.000us,3440,0
1812,1812000.000us,3520,80
1813,1813000.000us,3440,0
1814,1814000.000us,3520,3360
1815,1815000.000us,3440,0
1816,1816000.000us,3440,3360
1817,1817000.000us,3520,3440
1818,1818000.000us,3520,3440
1819,1819000.000us,80,0
1820,1820000.000us,80,0
1821,1821000.000us,0,80
1822,1822000.000us,80,3440
1823,1823000.000us,0,0
1824,1824000.000us,0,0
1825,1825000.000us,80,0
1826,1826000.000us,80,80
1827,1827000.000us,0,0
1828,1828000.000us,0,0
1829,1829000.000us,80,80
1830,1830000.000us,80,80
1831,1831000.000us,0,0
1832,1832000.000us,0,80
1833,1833000.000us,80,80
1834,1834000.000us,80,80
1835,1835000.000us,0,0
1836,1836000.000us,80,80
1837,1837000.000us,80,80
1838,1838000.000us,80,80
1839,1839000.000us,80,0
1840,1840000.000us,80,0
1841,1841000.000us,0,80
1842,1842000.000us,80,80
1843,1843000.000us,0,0
1844,1844000.000us,0,0
1845,1845000.000us,80,80
1846,1846000.000us,80,80
1847,1847000.000us,0,0
1848,1848000.000us,0,0
1849,1849000.000us,80,80
1850,1850000.000us,80,80
1851,1851000.000us,80,0
1852,1852000.000us,80,0
1853,1853000.000us,80,80
1854,1854000.000us,160,80
1855,1855000.000us,0,0
1856,1856000.000us,80,0
1857,1857000.000us,80,0
1858,1858000.000us,80,80
1859,1859000.000us,0,0
1860,1860000.000us,0,80
1861,1861000.000us,80,0
1862,1862000.000us,80,80
1863,1863000.000us,80,0
1864,1864000.000us,80,80
1865,1865000.000us,80,0
1866,1866000.000us,160,80
1867,1867000.000us,80,0
1868,1868000.000us,80,80
1869,1869000.000us,80,80
1870,1870000.000us,80,80
1871,1871000.000us,0,0
1872,1872000.000us,80,80
1873,1873000.000us,80,80
1874,1874000.000us,80,80
1875,1875000.000us,80,0
1876,1876000.000us,80,80
1877,1877000.000us,80,80
1878,1878000.000us,160,80
1879,1879000.000us,0,0
1880,1880000.000us,80,0
1881,1881000.000us,80,0
1882,1882000.000us,80,80
1883,1883000.000us,0,0
1884,1884000.000us,80,80
1885,1885000.000us,0,0
1886,1886000.000us,80,80
1887,1887000.000us,0,-80
1888,1888000.000us,0,0
1889,1889000.000us,0,0
1890,1890000.000us,160,80
1891,1891000.000us,0,0
1892,1892000.000us,80,0
1893,1893000.000us,0,80
1894,1894000.000us,160,80
1895,1895000.000us,0,0
1896,1896000.000us,0,0
1897,1897000.000us,0,0
1898,1898000.000us,80,80
1899,1899000.000us,0,0
1900,1900000.000us,80,80
1901,1901000.000us,80,0
1902,1902000.000us,80,80
1903,1903000.000us,0,0
1904,1904000.000us,80,0
1905,1905000.000us,0,80
1906,1906000.000us,160,80
1907,1907000.000us,0,0
1908,1908000.000us,80,80
1909,1909000.000us,80,80
1910,1910000.000us,160,80
1911,1911000.000us,80,0
1912,1912000.000us,80,0
1913,1913000.000us,80,0
1914,1914000.000us,80,80
1915,1915000.000us,80,-80
1916,1916000.000us,80,0
1917,1917000.000us,0,0
1918,1918000.000us,160,80
1919,1919000.000us,0,0
1920,1920000.000us,0,80
1921,1921000.000us,0,80
1922,1922000.000us,160,80
1923,1923000.000us,0,0
1924,1924000.000us,80,80
1925,1925000.000us,80,0
1926,1926000.000us,160,80
1927,1927000.000us,0,0
1928,1928000.000us,80,0
1929,1929000.000us,80,0
1930,1930000.000us,80,160
1931,1931000.000us,0,0
1932,1932000.000us,80,80
1933,1933000.000us,80,80
1934,1934000.000us,160,80
1935,1935000.000us,0,0
1936,1936000.000us,80,0
1937,1937000.000us,80,0
1938,1938000.000us,80,80
1939,1939000.000us,0,0
1940,1940000.000us,80,80
1941,1941000.000us,80,0
1942,1942000.000us,160,80
1943,1943000.000us,0,0
1944,1944000.000us,80,0
1945,1945000.000us,80,0
1946,1946000.000us,80,80
1947,1947000.000us,0,0
1948,1948000.000us,80,0
1949,1949000.000us,80,0
1950,1950000.000us,160,80
1951,1951000.000us,0,0
1952,1952000.000us,80,0
1953,1953000.000us,160,0
1954,1954000.000us,160,80
1955,1955000.000us,0,-80
1956,1956000.000us,80,80
1957,1957000.000us,0,80
1958,1958000.000us,80,80
1959,1959000.000us,0,0
1960,1960000.000us,80,80
1961,1961000.000us,80,0
1962,1962000.000us,80,80
1963,1963000.000us,0,-80
1964,1964000.000us,0,0
1965,1965000.000us,160,80
1966,1966000.000us,160,80
1967,1967000.000us,0,0
1968,1968000.000us,80,0
1969,1969000.000us,80,80
1970,1970000.000us,80,80
1971,1971000.000us,0,0
1972,1972000.000us,80,80
1973,1973000.000us,80,80
1974,1974000.000us,80,80
1975,1975000.000us,0,-80
1976,1976000.000us,80,80
1977,1977000.000us,80,0
1978,1978000.000us,80,80
1979,1979000.000us,0,0
1980,1980000.000us,80,80
1981,1981000.000us,80,0
1982,1982000.000us,80,80
1983,1983000.000us,0,0
1984,1984000.000us,0,80
1985,1985000.000us,80,80
1986,1986000.000us,80,80
1987,1987000.000us,80,0
1988,1988000.000us,80,0
1989,1989000.000us,80,80
1990,1990000.000us,80,80
1991,1991000.000us,0,0
1992,1992000.000us,80,80
1993,1993000.000us,80,80
1994,1994000.000us,160,80
1995,1995000.000us,0,0
1996,1996000.000us,80,80
1997,1997000.000us,80,0
1998,1998000.000us,160,80
1999,1999000.000us,0,0
2000,2000000.000us,80,0
2001,2001000.000us,80,80
2002,2002000.000us,80,80
2003,2003000.000us,0,0
2004,2004000.000us,80,0
2005,2005000.000us,0,80
2006,2006000.000us,80,80
2007,2007000.000us,0,0
2008,2008000.000us,0,80
2009,2009000.000us,160,0
2010,2010000.000us,160,80
2011,2011000.000us,0,0
2012,2012000.000us,0,80
2013,2013000.000us,80,-80
2014,2014000.000us,80,80
2015,2015000.000us,0,-80
2016,2016000.000us,80,0
2017,2017000.000us,80,0
2018,2018000.000us,80,80
2019,2019000.000us,80,0
2020,2020000.000us,80,0
2021,2021000.000us,80,0
2022,2022000.000us,160,80
2023,2023000.000us,0,0
2024,2024000.000us,80,0
2025,2025000.000us,80,0
2026,2026000.000us,80,80
2027,2027000.000us,0,0
2028,2028000.000us,80,0
2029,2029000.000us,80,80
2030,2030000.000us,80,80
2031,2031000.000us,80,-80
2032,2032000.000us,80,0
2033,2033000.000us,80,80
2034,2034000.000us,80,80
2035,2035000.000us,0,0
2036,2036000.000us,80,0
2037,2037000.000us,80,80
2038,2038000.000us,160,80
2039,2039000.000us,0,0
2040,2040000.000us,160,0
2041,2041000.000us,80,0
2042,2042000.000us,80,80
2043,2043000.000us,0,0
2044,2044000.000us,80,80
2045,2045000.000us,80,0
2046,2046000.000us,80,80
2047,2047000.000us,0,0
2048,2048000.000us,80,0
2049,2049000.000us,80,0
2050,2050000.000us,80,80
2051,2051000.000us,0,0
2052,2052000.000us,0,0
2053,2053000.000us,0,0
2054,2054000.000us,80,80
2055,2055000.000us,0,0
2056,2056000.000us,80,0
2057,2057000.000us,0,80
2058,2058000.000us,80,80
2059,2059000.000us,0,0
2060,2060000.000us,80,0
2061,2061000.000us,80,80
2062,2062000.000us,80,80
2063,2063000.000us,0,0
2064,2064000.000us,80,80
2065,2065000.000us,0,0
2066,2066000.000us,80,80
2067,2067000.000us,0,0
2068,2068000.000us,80,0
2069,2069000.000us,80,0
2070,2070000.000us,80,80
2071,2071000.000us,0,0
2072,2072000.000us,80,0
2073,2073000.000us,80,80
2074,2074000.000us,80,80
2075,2075000.000us,0,0
2076,2076000.000us,80,80
2077,2077000.000us,80,0
2078,2078000.000us,160,3440
2079,2079000.000us,0,0
2080,2080000.000us,0,80
2081,2081000.000us,80,80
2082,2082000.000us,80,3440
2083,2083000.000us,0,0
2084,2084000.000us,80,3360
2085,2085000.000us,0,3440
2086,2086000.000us,80,3440
2087,2087000.000us,0,0
2088,2088000.000us,80,0
2089,2089000.000us,80,0
2090,2090000.000us,160,3440
2091,2091000.000us,0,0
2092,2092000.000us,80,80
2093,2093000.000us,0,0
2094,2094000.000us,80,3440
2095,2095000.000us,0,0
2096,2096000.000us,0,3360
2097,2097000.000us,80,3360
2098,2098000.000us,160,3360
2099,2099000.000us,80,0
2100,2100000.000us,80,0
2101,2101000.000us,160,0
2102,2102000.000us,160,3440
2103,2103000.000us,80,0
2104,2104000.000us,80,0
2105,2105000.000us,80,80
2106,2106000.000us,80,3440
2107,2107000.000us,0,0
2108,2108000.000us,80,3360
2109,2109000.000us,80,3360
2110,2110000.000us,80,3360
2111,2111000.000us,0,0
2112,2112000.000us,0,80
2113,2113000.000us,80,0
2114,2114000.000us,160,3440
2115,2115000.000us,80,0
2116,2116000.000us,80,80
2117,2117000.000us,0,80
2118,2118000.000us,80,3440
2119,2119000.000us,0,0
2120,2120000.000us,80,3440
2121,2121000.000us,0,3360
2122,2122000.000us,80,3360
2123,2123000.000us,0,0
2124,2124000.000us,80,80
2125,2125000.000us,0,0
2126,2126000.000us,80,80
2127,2127000.000us,0,0
2128,2128000.000us,80,80
2129,2129000.000us,80,0
2130,2130000.000us,80,3440
2131,2131000.000us,0,0
2132,2132000.000us,80,80
2133,2133000.000us,80,80
2134,2134000.000us,80,3280
2135,2135000.000us,80,0
2136,2136000.000us,80,3280
2137,2137000.000us,80,3360
2138,2138000.000us,80,3440
2139,2139000.000us,0,0
2140,2140000.000us,80,0
2141,2141000.000us,0,0
2142,2142000.000us,80,3440
2143,2143000.000us,0,0
2144,2144000.000us,80,80
2145,2145000.000us,80,80
2146,2146000.000us,160,3360
2147,2147000.000us,0,-80
2148,2148000.000us,80,3360
2149,2149000.000us,0,3360
2150,2150000.000us,80,3360
2151,2151000.000us,0,0
2152,2152000.000us,80,0
2153,2153000.000us,80,0
2154,2154000.000us,80,3440
2155,2155000.000us,0,0
2156,2156000.000us,80,0
2157,2157000.000us,80,80
2158,2158000.000us,80,3440
2159,2159000.000us,0,0
2160,2160000.000us,80,3440
2161,2161000.000us,160,3360
2162,2162000.000us,160,3440
2163,2163000.000us,0,0
2164,2164000.000us,80,0
2165,2165000.000us,80,0
2166,2166000.000us,160,3440
2167,2167000.000us,80,0
2168,2168000.000us,80,80
2169,2169000.000us,0,80
2170,2170000.000us,3520,3360
2171,2171000.000us,0,-80
2172,2172000.000us,3440,3360
2173,2173000.000us,3440,3360
2174,2174000.000us,3520,3440
2175,2175000.000us,3440,0
2176,2176000.000us,3440,0
2177,2177000.000us,3440,80
2178,2178000.000us,3440,80
2179,2179000.000us,3360,0
2180,2180000.000us,3440,0
2181,2181000.000us,3520,0
2182,2182000.000us,3520,80
2183,2183000.000us,3360,0
2184,2184000.000us,3440,80
2185,2185000.000us,3440,0
2186,2186000.000us,3520,80
2187,2187000.000us,3360,0
2188,2188000.000us,3440,80
2189,2189000.000us,3520,0
2190,2190000.000us,3520,80
2191,2191000.000us,3360,0
2192,2192000.000us,3440,0
2193,2193000.000us,3440,0
2194,2194000.000us,3520,80
2195,2195000.000us,3440,0
2196,2196000.000us,3440,0
2197,2197000.000us,3440,0
2198,2198000.000us,3520,80
2199,2199000.000us,3360,0
2200,2200000.000us,3440,80
2201,2201000.000us,3440,80
2202,2202000.000us,3520,80
2203,2203000.000us,3360,0
2204,2204000.000us,3520,80
2205,2205000.000us,3440,0
2206,2206000.000us,3520,80
2207,2207000.000us,3440,0
2208,2208000.000us,3440,0
2209,2209000.000us,3440,0
2210,2210000.000us,3520,80
2211,2211000.000us,3440,0
2212,2212000.000us,3440,0
2213,2213000.000us,3360,0
2214,2214000.000us,3520,80
2215,2215000.000us,3360,0
2216,2216000.000us,3440,80
2217,2217000.000us,3440,0
2218,2218000.000us,3520,80
2219,2219000.000us,3360,0
2220,2220000.000us,3440,0
2221,2221000.000us,3520,80
2222,2222000.000us,3520,80
2223,2223000.000us,3360,0
2224,2224000.000us,3440,0
2225,2225000.000us,3440,0
2226,2226000.000us,3520,80
2227,2227000.000us,3360,0
2228,2228000.000us,3440,0
2229,2229000.000us,3440,80
2230,2230000.000us,3520,80
2231,2231000.000us,3360,0
2232,2232000.000us,3360,0
2233,2233000.000us,3440,0
2234,2234000.000us,3520,80
2235,2235000.000us,3440,0
2236,2236000.000us,3520,80
2237,2237000.000us,3440,0
2238,2238000.000us,3520,80
2239,2239000.000us,3360,-80
2240,2240000.000us,3440,0
2241,2241000.000us,3440,0
2242,2242000.000us,3440,80
2243,2243000.000us,3440,0
2244,2244000.000us,3440,0
2245,2245000.000us,3440,0
2246,2246000.000us,3520,80
2247,2247000.000us,3360,0
2248,2248000.000us,3440,0
2249,2249000.000us,3440,80
2250,2250000.000us,3520,80
2251,2251000.000us,3360,0
2252,2252000.000us,3440,0
2253,2253000.000us,3520,0
2254,2254000.000us,3520,80
2255,2255000.000us,3360,0
2256,2256000.000us,3440,80
2257,2257000.000us,3440,80
2258,2258000.000us,3520,80
2259,2259000.000us,3440,-80
2260,2260000.000us,3440,-80
2261,2261000.000us,3440,-80
2262,2262000.000us,3440,80
2263,2263000.000us,3360,-80
2264,2264000.000us,3440,80
2265,2265000.000us,3440,0
2266,2266000.000us,3520,80
2267,2267000.000us,3440,0
2268,2268000.000us,3440,0
2269,2269000.000us,3440,0
2270,2270000.000us,3520,80
2271,2271000.000us,3440,0
2272,2272000.000us,3440,0
2273,2273000.000us,3440,0
2274,2274000.000us,3440,80
2275,2275000.000us,3440,0
2276,2276000.000us,3440,80
2277,2277000.000us,3440,80
2278,2278000.000us,3520,80
2279,2279000.000us,3440,-80
2280,2280000.000us,3440,80
2281,2281000.000us,3440,80
2282,2282000.000us,3520,80
2283,2283000.000us,3440,0
2284,2284000.000us,3520,0
2285,2285000.000us,3440,0
2286,2286000.000us,3520,80
2287,2287000.000us,3360,0
2288,2288000.000us,3440,0
2289,2289000.000us,3440,0
2290,2290000.000us,3520,80
2291,2291000.000us,3360,0
2292,2292000.000us,3440,0
2293,2293000.000us,3440,80
2294,2294000.000us,3520,80
2295,2295000.000us,3440,0
2296,2296000.000us,3440,0
2297,2297000.000us,3520,0
2298,2298000.000us,3520,80
2299,2299000.000us,3440,0
2300,2300000.000us,3440,80
2301,2301000.000us,3440,80
2302,2302000.000us,3520,80
2303,2303000.000us,3360,0
2304,2304000.000us,3520,80
2305,2305000.000us,3440,0
2306,2306000.000us,3440,80
2307,2307000.000us,3360,0
2308,2308000.000us,3360,0
2309,2309000.000us,3520,80
2310,2310000.000us,3520,80
2311,2311000.000us,3360,0
2312,2312000.000us,3440,0
2313,2313000.000us,3520,80
2314,2314000.000us,3520,80
2315,2315000.000us,3440,0
2316,2316000.000us,3440,80
2317,2317000.000us,3440,0
2318,2318000.000us,3520,80
2319,2319000.000us,3440,0
2320,2320000.000us,3520,80
2321,2321000.000us,3440,0
2322,2322000.000us,3440,80
2323,2323000.000us,3440,0
2324,2324000.000us,3440,0
2325,2325000.000us,3440,0
2326,2326000.000us,3520,80
2327,2327000.000us,3440,0
2328,2328000.000us,3440,80
2329,2329000.000us,3440,80
2330,2330000.000us,3520,80
2331,2331000.000us,3360,0
2332,2332000.000us,3520,80
2333,2333000.000us,3440,80
2334,2334000.000us,3520,80
2335,2335000.000us,3440,0
2336,2336000.000us,3440,0
2337,2337000.000us,3440,0
2338,2338000.000us,3520,80
2339,2339000.000us,3360,0
2340,2340000.000us,3440,80
2341,2341000.000us,3440,80
2342,2342000.000us,3520,80
2343,2343000.000us,3360,0
2344,2344000.000us,3520,80
2345,2345000.000us,3440,80
2346,2346000.000us,3520,80
2347,2347000.000us,3440,0
2348,2348000.000us,3520,0
2349,2349000.000us,3440,80
2350,2350000.000us,3520,80
2351,2351000.000us,3440,0
2352,2352000.000us,3520,0
2353,2353000.000us,3520,0
2354,2354000.000us,3520,80
2355,2355000.000us,3360,0
2356,2356000.000us,3360,0
2357,2357000.000us,3360,0
2358,2358000.000us,3520,80
2359,2359000.000us,3360,0
2360,2360000.000us,3440,0
2361,2361000.000us,3440,0
2362,2362000.000us,3520,80
2363,2363000.000us,3440,0
2364,2364000.000us,3440,80
2365,2365000.000us,3440,0
2366,2366000.000us,3520,80
2367,2367000.000us,3440,0
2368,2368000.000us,3440,80
2369,2369000.000us,3440,0
2370,2370000.000us,3520,80
2371,2371000.000us,3440,0
2372,2372000.000us,3440,80
2373,2373000.000us,3440,80
2374,2374000.000us,3520,80
2375,2375000.000us,3360,0
2376,2376000.000us,3440,80
2377,2377000.000us,3440,80
2378,2378000.000us,3520,80
2379,2379000.000us,3440,0
2380,2380000.000us,3520,0
2381,2381000.000us,3440,0
2382,2382000.000us,3520,80
2383,2383000.000us,3440,0
2384,2384000.000us,3520,80
2385,2385000.000us,3360,80
2386,2386000.000us,3520,80
2387,2387000.000us,3360,0
2388,2388000.000us,3440,80
2389,2389000.000us,3440,80
2390,2390000.000us,3520,80
2391,2391000.000us,3360,0
2392,2392000.000us,3440,80
2393,2393000.000us,3440,160
2394,2394000.000us,3440,160
2395,2395000.000us,3440,0
2396,2396000.000us,3440,0
2397,2397000.000us,3440,0
2398,2398000.000us,3520,80
2399,2399000.000us,3440,0
2400,2400000.000us,3440,80
2401,2401000.000us,3440,0
2402,2402000.000us,3440,80
2403,2403000.000us,3360,0
2404,2404000.000us,3440,80
2405,2405000.000us,3440,0
2406,2406000.000us,3520,80
2407,2407000.000us,3440,0
2408,2408000.000us,3440,80
2409,2409000.000us,3440,0
2410,2410000.000us,3440,80
2411,2411000.000us,3360,0
2412,2412000.000us,3440,80
2413,2413000.000us,3440,0
2414,2414000.000us,3520,80
2415,2415000.000us,3360,0
2416,2416000.000us,3440,0
2417,2417000.000us,3440,0
2418,2418000.000us,3520,80
2419,2419000.000us,3360,-80
2420,2420000.000us,3360,-80
2421,2421000.000us,3440,0
2422,2422000.000us,3440,80
2423,2423000.000us,3360,0
2424,2424000.000us,3360,80
2425,2425000.000us,3440,0
2426,2426000.000us,3520,80
2427,2427000.000us,3440,-80
2428,2428000.000us,3440,80
2429,2429000.000us,80,0
2430,2430000.000us,80,3440
2431,2431000.000us,0,0
2432,2432000.000us,80,0
2433,2433000.000us,80,80
2434,2434000.000us,80,3440
2435,2435000.000us,0,0
2436,2436000.000us,80,3360
2437,2437000.000us,80,3360
2438,2438000.000us,160,3440
2439,2439000.000us,0,0
2440,2440000.000us,80,0
2441,2441000.000us,80,0
2442,2442000.000us,160,3440
2443,2443000.000us,80,0
2444,2444000.000us,80,0
2445,2445000.000us,0,0
2446,2446000.000us,80,3360
2447,2447000.000us,0,0
2448,2448000.000us,80,3360
2449,2449000.000us,80,3360
2450,2450000.000us,80,3440
2451,2451000.000us,0,0
2452,2452000.000us,0,80
2453,2453000.000us,80,0
2454,2454000.000us,80,3440
2455,2455000.000us,0,0
2456,2456000.000us,80,80
2457,2457000.000us,80,80
2458,2458000.000us,80,3360
2459,2459000.000us,0,0
2460,2460000.000us,80,3360
2461,2461000.000us,80,3440
2462,2462000.000us,80,3440
2463,2463000.000us,0,0
2464,2464000.000us,80,80
2465,2465000.000us,80,0
2466,2466000.000us,80,3440
2467,2467000.000us,0,0
2468,2468000.000us,0,0
2469,2469000.000us,80,0
2470,2470000.000us,160,3440
2471,2471000.000us,0,0
2472,2472000.000us,0,3440
2473,2473000.000us,80,3360
2474,2474000.000us,160,3440
2475,2475000.000us,0,0
2476,2476000.000us,80,0
2477,2477000.000us,80,80
2478,2478000.000us,80,80
2479,2479000.000us,0,0
2480,2480000.000us,80,0
2481,2481000.000us,80,0
2482,2482000.000us,3440,3440
2483,2483000.000us,80,0
2484,2484000.000us,3440,3440
2485,2485000.000us,3520,0
2486,2486000.000us,3520,80
2487,2487000.000us,3360,0
2488,2488000.000us,3440,0
2489,2489000.000us,3440,3440
2490,2490000.000us,3520,3440
2491,2491000.000us,3360,0
2492,2492000.000us,3440,0
2493,2493000.000us,3440,80
2494,2494000.000us,3520,3440
2495,2495000.000us,3440,0
2496,2496000.000us,3440,3440
2497,2497000.000us,3440,80
2498,2498000.000us,3520,80
2499,2499000.000us,3360,0
2500,2500000.000us,3440,0
2501,2501000.000us,3440,3440
2502,2502000.000us,3520,3440
2503,2503000.000us,3360,0
2504,2504000.000us,3360,0
2505,2505000.000us,3520,0
2506,2506000.000us,3520,3440
2507,2507000.000us,3360,0
2508,2508000.000us,3440,3360
2509,2509000.000us,3520,80
2510,2510000.000us,3520,80
2511,2511000.000us,3440,0
2512,2512000.000us,3440,0
2513,2513000.000us,3360,3440
2514,2514000.000us,3520,3440
2515,2515000.000us,3360,0
2516,2516000.000us,3440,0
2517,2517000.000us,3440,80
2518,2518000.000us,3520,3360
2519,2519000.000us,3360,0
2520,2520000.000us,3360,3360
2521,2521000.000us,3520,0
2522,2522000.000us,3520,80
2523,2523000.000us,0,0
2524,2524000.000us,80,0
2525,2525000.000us,80,3360
2526,2526000.000us,80,3360
2527,2527000.000us,0,0
2528,2528000.000us,0,80
2529,2529000.000us,80,80
2530,2530000.000us,80,80
2531,2531000.000us,0,0
2532,2532000.000us,80,0
2533,2533000.000us,80,80
2534,2534000.000us,160,80
2535,2535000.000us,0,0
2536,2536000.000us,80,0
2537,2537000.000us,80,80
2538,2538000.000us,160,80
2539,2539000.000us,0,0
2540,2540000.000us,0,80
2541,2541000.000us,80,80
2542,2542000.000us,80,80
2543,2543000.000us,80,0
2544,2544000.000us,80,0
2545,2545000.000us,160,80
2546,2546000.000us,160,80
2547,2547000.000us,80,0
2548,2548000.000us,80,0
2549,2549000.000us,0,0
2550,2550000.000us,160,80
2551,2551000.000us,0,-80
2552,2552000.000us,160,80
2553,2553000.000us,0,80
2554,2554000.000us,80,80
2555,2555000.000us,0,0
2556,2556000.000us,80,0
2557,2557000.000us,80,80
2558,2558000.000us,160,80
2559,2559000.000us,0,0
2560,2560000.000us,80,0
2561,2561000.000us,0,0
2562,2562000.000us,80,80
2563,2563000.000us,0,0
2564,2564000.000us,80,80
2565,2565000.000us,0,0
2566,2566000.000us,160,80
2567,2567000.000us,0,0
2568,2568000.000us,0,80
2569,2569000.000us,80,80
2570,2570000.000us,80,80
2571,2571000.000us,0,0
2572,2572000.000us,80,80
2573,2573000.000us,80,80
2574,2574000.000us,80,80
2575,2575000.000us,0,0
2576,2576000.000us,80,80
2577,2577000.000us,80,0
2578,2578000.000us,80,80
2579,2579000.000us,0,0
2580,2580000.000us,80,80
2581,2581000.000us,80,80
2582,2582000.000us,160,80
2583,2583000.000us,0,0
2584,2584000.000us,80,0
2585,2585000.000us,80,0
2586,2586000.000us,80,80
2587,2587000.000us,0,0
2588,2588000.000us,0,80
2589,2589000.000us,80,80
2590,2590000.000us,80,80
2591,2591000.000us,0,0
2592,2592000.000us,80,80
2593,2593000.000us,0,80
2594,2594000.000us,80,80
2595,2595000.000us,0,-80
2596,2596000.000us,80,80
2597,2597000.000us,80,0
2598,2598000.000us,160,80
2599,2599000.000us,0,0
2600,2600000.000us,80,0
2601,2601000.000us,0,0
2602,2602000.000us,80,80
2603,2603000.000us,0,0
2604,2604000.000us,0,80
2605,2605000.000us,80,0
2606,2606000.000us,160,80
2607,2607000.000us,0,0
2608,2608000.000us,80,0
2609,2609000.000us,80,0
2610,2610000.000us,80,80
2611,2611000.000us,0,0
2612,2612000.000us,80,80
2613,2613000.000us,80,80
2614,2614000.000us,80,80
2615,2615000.000us,80,0
2616,2616000.000us,80,0
2617,2617000.000us,80,0
2618,2618000.000us,80,80
2619,2619000.000us,0,0
2620,2620000.000us,80,80
2621,2621000.000us,80,80
2622,2622000.000us,80,80
2623,2623000.000us,0,0
2624,2624000.000us,80,0
2625,2625000.000us,80,80
2626,2626000.000us,80,80
2627,2627000.000us,0,0
2628,2628000.000us,80,0
2629,2629000.000us,80,0
2630,2630000.000us,160,80
2631,2631000.000us,0,-80
2632,2632000.000us,80,-80
2633,2633000.000us,80,0
2634,2634000.000us,80,80
2635,2635000.000us,0,0
2636,2636000.000us,80,0
2637,2637000.000us,80,80
2638,2638000.000us,80,80
2639,2639000.000us,0,0
2640,2640000.000us,0,0
2641,2641000.000us,0,80
2642,2642000.000us,80,80
2643,2643000.000us,0,0
2644,2644000.000us,80,80
