Save Time: 2026-07-14 15:23:55,,,
Units:(mV),,,
,CH1,CH2,
Frequency:,2.845 Hz,1.423 Hz,
Period:,351.500 mS,702.667 mS,
SP:,1000.000 uS,1000.000 uS,
PK-PK:,3.600 V,3.440 V,
,,,
1,0,80,3280
2,1000,80,3200
3,2000,80,3280
4,3000,80,3200
5,4000,80,3200
6,5000,80,3200
7,6000,160,3280
8,7000,80,3200
9,8000,80,3200
10,9000,160,3280
11,10000,160,3280
12,11000,80,3200
13,12000,80,3280
14,13000,0,3200
15,14000,160,3280
16,15000,0,80
17,16000,80,80
18,17000,80,80
19,18000,80,80
20,19000,0,0
21,20000,0,0
22,21000,160,80
23,22000,160,80
24,23000,0,80
25,24000,0,80
26,25000,80,80
27,26000,80,80
28,27000,0,0
29,28000,80,80
30,29000,80,0
31,30000,80,80
32,31000,0,0
33,32000,0,80
34,33000,80,80
35,34000,160,80
36,35000,80,0
37,36000,80,80
38,37000,80,80
39,38000,160,80
40,39000,80,0
41,40000,80,0
42,41000,80,80
43,42000,160,80
44,43000,0,0
45,44000,80,0
46,45000,80,80
47,46000,80,80
48,47000,80,0
49,48000,80,0
50,49000,80,0
51,50000,160,80
52,51000,0,0
53,52000,80,80
54,53000,80,80
55,54000,80,80
56,55000,0,0
57,56000,80,0
58,57000,80,80
59,58000,160,80
60,59000,80,0
61,60000,160,80
62,61000,3440,80
63,62000,3440,80
64,63000,3440,0
65,64000,3440,80
66,65000,3440,0
67,66000,3520,80
68,67000,3440,0
69,68000,3440,80
70,69000,3440,80
71,70000,3520,80
72,71000,3440,0
73,72000,3440,80
74,73000,3360,0
75,74000,3520,80
76,75000,3360,0
77,76000,3440,80
78,77000,3440,80
79,78000,3520,80
80,79000,3440,0
81,80000,3440,80
82,81000,3440,80
83,82000,3520,80
84,83000,3440,0
85,84000,3440,80
86,85000,3520,80
87,86000,3520,80
88,87000,3440,0
89,88000,3440,80
90,89000,3440,80
91,90000,3520,80
92,91000,3360,0
93,92000,3360,0
94,93000,3440,80
95,94000,3520,80
96,95000,3440,0
97,96000,3520,80
98,97000,3520,80
99,98000,3520,80
100,99000,3360,0
101,100000,3360,0
102,101000,3440,80
103,102000,3520,160
104,103000,3360,0
105,104000,3440,80
106,105000,3440,80
107,106000,3520,80
108,107000,3440,0
109,108000,3440,80
110,109000,3440,80
111,110000,3520,80
112,111000,3440,0
113,112000,3440,80
114,113000,3440,80
115,114000,3520,160
116,115000,3440,0
117,116000,3440,80
118,117000,3520,0
119,118000,3520,80
120,119000,3440,0
121,120000,3440,80
122,121000,3440,0
123,122000,3520,80
124,123000,3360,0
125,124000,3440,80
126,125000,3440,0
127,126000,3520,80
128,127000,3360,0
129,128000,3440,80
130,129000,3520,80
131,130000,3520,160
132,131000,3360,0
133,132000,3440,0
134,133000,3520,0
135,134000,3520,80
136,135000,3360,0
137,136000,3440,80
138,137000,3520,80
139,138000,3520,80
140,139000,3440,0
141,140000,3440,0
142,141000,3440,80
143,142000,3520,80
144,143000,3360,80
145,144000,3520,80
146,145000,3440,0
147,146000,3520,80
148,147000,3440,0
149,148000,3520,80
150,149000,3440,80
151,150000,3520,80
152,151000,3440,0
153,152000,3440,80
154,153000,3440,0
155,154000,3440,80
156,155000,3360,0
157,156000,3440,80
158,157000,3440,80
159,158000,3440,80
160,159000,3360,0
161,160000,3360,80
162,161000,3440,80
163,162000,3520,80
164,163000,3360,0
165,164000,3360,0
166,165000,3440,80
167,166000,3520,160
168,167000,3360,0
169,168000,3440,80
170,169000,3520,80
171,170000,3520,160
172,171000,3360,0
173,172000,3440,160
174,173000,3440,80
175,174000,3440,80
176,175000,3440,0
177,176000,3440,80
178,177000,3520,80
179,178000,3520,160
180,179000,3360,0
181,180000,3520,160
182,181000,3440,80
183,182000,3520,80
184,183000,3360,0
185,184000,3360,80
186,185000,3440,80
187,186000,3520,80
188,187000,3360,0
189,188000,3440,80
190,189000,3440,80
191,190000,3440,160
192,191000,3440,0
193,192000,3440,80
194,193000,3440,80
195,194000,3520,80
196,195000,3360,0
197,196000,3440,80
198,197000,3440,80
199,198000,3520,80
200,199000,3440,0
201,200000,3520,0
202,201000,3440,80
203,202000,3520,80
204,203000,3440,0
205,204000,3440,80
206,205000,3440,0
207,206000,3520,80
208,207000,3360,0
209,208000,3520,0
210,209000,3440,80
211,210000,3520,80
212,211000,3440,0
213,212000,3440,0
214,213000,3520,80
215,214000,3520,80
216,215000,3360,0
217,216000,3360,0
218,217000,3440,80
219,218000,3520,80
220,219000,3440,0
221,220000,3520,80
222,221000,3440,80
223,222000,3520,80
224,223000,3360,0
225,224000,3520,80
226,225000,3440,80
227,226000,3520,80
228,227000,3360,0
229,228000,3440,0
230,229000,3440,0
231,230000,3520,160
232,231000,3440,0
233,232000,3440,160
234,233000,3360,80
235,234000,3520,80
236,235000,3360,0
237,236000,3440,80
238,237000,3440,80
239,238000,3520,80
240,239000,3360,0
241,240000,3440,0
242,241000,3360,80
243,242000,3520,80
244,243000,3360,0
245,244000,3440,80
246,245000,3360,80
247,246000,3520,80
248,247000,3360,0
249,248000,3520,0
250,249000,3440,80
251,250000,3520,80
252,251000,3360,0
253,252000,3360,80
254,253000,3520,80
255,254000,3520,80
256,255000,3440,0
257,256000,3440,0
258,257000,3440,80
259,258000,3520,80
260,259000,3440,0
261,260000,3520,80
262,261000,3440,0
263,262000,3520,80
264,263000,3440,0
265,264000,3440,0
266,265000,3440,80
267,266000,3520,80
268,267000,3360,-80
269,268000,3360,80
270,269000,3440,80
271,270000,3520,80
272,271000,3440,0
273,272000,3440,80
274,273000,3440,80
275,274000,3520,80
276,275000,3440,80
277,276000,3440,80
278,277000,3440,0
279,278000,3520,160
280,279000,3360,0
281,280000,3440,0
282,281000,3440,80
283,282000,3520,80
284,283000,3440,0
285,284000,3520,80
286,285000,3440,80
287,286000,3520,80
288,287000,3440,0
289,288000,3440,80
290,289000,3440,0
291,290000,3440,80
292,291000,3360,0
293,292000,3440,0
294,293000,3440,80
295,294000,3520,160
296,295000,3440,0
297,296000,3440,0
298,297000,3440,80
299,298000,3520,80
300,299000,3360,0
301,300000,3440,0
302,301000,3520,0
303,302000,3520,80
304,303000,3440,0
305,304000,3440,80
306,305000,3440,0
307,306000,3520,80
308,307000,3440,0
309,308000,3440,80
310,309000,3440,0
311,310000,3520,80
312,311000,3440,0
313,312000,3440,0
314,313000,3520,0
315,314000,3520,160
316,315000,3440,0
317,316000,3440,80
318,317000,3360,80
319,318000,3520,80
320,319000,0,0
321,320000,160,80
322,321000,80,80
323,322000,160,80
324,323000,80,80
325,324000,80,80
326,325000,80,0
327,326000,80,80
328,327000,0,0
329,328000,80,0
330,329000,80,80
331,330000,160,80
332,331000,80,0
333,332000,80,0
334,333000,80,0
335,334000,160,160
336,335000,80,0
337,336000,80,80
338,337000,80,80
339,338000,80,80
340,339000,80,0
341,340000,80,0
342,341000,80,0
343,342000,160,80
344,343000,80,0
345,344000,80,80
346,345000,80,80
347,346000,80,80
348,347000,0,0
349,348000,80,80
350,349000,160,80
351,350000,160,80
352,351000,80,0
353,352000,80,0
354,353000,80,80
355,354000,80,80
356,355000,0,0
357,356000,80,0
358,357000,80,0
359,358000,80,80
360,359000,0,0
361,360000,80,80
362,361000,80,80
363,362000,160,80
364,363000,80,0
365,364000,80,80
366,365000,80,0
367,366000,80,80
368,367000,0,0
369,368000,80,80
370,369000,80,0
371,370000,3520,80
372,371000,0,0
373,372000,3360,80
374,373000,3440,0
375,374000,3520,240
376,375000,3440,0
377,376000,3440,0
378,377000,3440,0
379,378000,3520,80
380,379000,3360,0
381,380000,3440,80
382,381000,3440,0
383,382000,3520,80
384,383000,3440,0
385,384000,3520,80
386,385000,3440,80
387,386000,3520,80
388,387000,3360,0
389,388000,3440,0
390,389000,3520,80
391,390000,3520,80
392,391000,3360,0
393,392000,3440,80
394,393000,3520,80
395,394000,3520,160
396,395000,3360,0
397,396000,3360,0
398,397000,3520,80
399,398000,3520,80
400,399000,3440,0
401,400000,3520,0
402,401000,3520,80
403,402000,3520,80
404,403000,3440,0
405,404000,3440,80
406,405000,3520,80
407,406000,3520,80
408,407000,3360,0
409,408000,3440,80
410,409000,3360,80
411,410000,3520,80
412,411000,3360,0
413,412000,3520,80
414,413000,3440,80
415,414000,3440,80
416,415000,80,0
417,416000,80,80
418,417000,80,0
419,418000,160,80
420,419000,80,0
421,420000,80,80
422,421000,80,80
423,422000,160,3280
424,423000,80,0
425,424000,80,3120
426,425000,80,3280
427,426000,160,3280
428,427000,80,3200
429,428000,160,3280
430,429000,80,3280
431,430000,80,3280
432,431000,0,3200
433,432000,80,3280
434,433000,80,3280
435,434000,80,3280
436,435000,0,3200
437,436000,80,3200
438,437000,80,3200
439,438000,160,3280
440,439000,80,3200
441,440000,80,3200
442,441000,80,3280
443,442000,160,3280
444,443000,80,3200
445,444000,80,3280
446,445000,80,3200
447,446000,80,3280
448,447000,0,3200
449,448000,80,3280
450,449000,80,3200
451,450000,80,3280
452,451000,0,3200
453,452000,80,3200
454,453000,0,3280
455,454000,160,3280
456,455000,0,3200
457,456000,80,3200
458,457000,80,3280
459,458000,160,3280
460,459000,80,3200
461,460000,80,3280
462,461000,160,3200
463,462000,160,3280
464,463000,80,3200
465,464000,80,3280
466,465000,80,3280
467,466000,160,3280
468,467000,80,3120
469,468000,160,3200
470,469000,160,3280
471,470000,160,3280
472,471000,0,3200
473,472000,80,3200
474,473000,80,3280
475,474000,160,3280
476,475000,80,3200
477,476000,80,3200
478,477000,80,3280
479,478000,80,3280
480,479000,80,3120
481,480000,80,3280
482,481000,80,3280
483,482000,160,3280
484,483000,80,3200
485,484000,80,3280
486,485000,0,3200
487,486000,240,3280
488,487000,0,3200
489,488000,80,3200
490,489000,80,3200
491,490000,80,3280
492,491000,80,3200
493,492000,80,3200
494,493000,80,3280
495,494000,80,3280
496,495000,0,3200
497,496000,80,3200
498,497000,160,3200
499,498000,160,3280
500,499000,0,3200
501,500000,0,3280
502,501000,80,3200
503,502000,160,3280
504,503000,80,3200
505,504000,80,3200
506,505000,80,3280
507,506000,160,3280
508,507000,0,3200
509,508000,80,3200
510,509000,80,3200
511,510000,80,3280
512,511000,0,3200
513,512000,80,3200
514,513000,80,3280
515,514000,160,3280
516,515000,0,3200
517,516000,0,3200
518,517000,80,3200
519,518000,160,3280
520,519000,80,3200
521,520000,160,3280
522,521000,80,3200
523,522000,80,3280
524,523000,0,3200
525,524000,80,3280
526,525000,80,3280
527,526000,160,3280
528,527000,0,3120
529,528000,80,3280
530,529000,80,3120
531,530000,160,3280
532,531000,0,3120
533,532000,80,3200
534,533000,80,3280
535,534000,160,3280
536,535000,0,3200
537,536000,160,3200
538,537000,80,3200
539,538000,160,3280
540,539000,0,3200
541,540000,80,3200
542,541000,80,3200
543,542000,80,3280
544,543000,0,3200
545,544000,80,3200
546,545000,80,3200
547,546000,80,3280
548,547000,80,3200
549,548000,80,3280
550,549000,80,3280
551,550000,80,3280
552,551000,0,3200
553,552000,80,3280
554,553000,80,3200
555,554000,80,3280
556,555000,0,3200
557,556000,80,3200
558,557000,80,3280
559,558000,160,3280
560,559000,80,3120
561,560000,80,3120
562,561000,80,3200
563,562000,160,3280
564,563000,0,3200
565,564000,80,3200
566,565000,80,3200
567,566000,160,3280
568,567000,0,3200
569,568000,0,3200
570,569000,80,3280
571,570000,160,3280
572,571000,0,3200
573,572000,0,3200
574,573000,0,3280
575,574000,160,3280
576,575000,0,3200
577,576000,80,3280
578,577000,160,3280
579,578000,160,3280
580,579000,0,3200
581,580000,0,3280
582,581000,80,3280
583,582000,80,3280
584,583000,80,3200
585,584000,80,3280
586,585000,80,3200
587,586000,160,3280
588,587000,0,3200
589,588000,0,3200
590,589000,0,3120
591,590000,160,3280
592,591000,0,3120
593,592000,80,3280
594,593000,80,3280
595,594000,160,3280
596,595000,0,3200
597,596000,0,3280
598,597000,80,3200
599,598000,160,3280
600,599000,80,3200
601,600000,80,3280
602,601000,160,3200
603,602000,160,3280
604,603000,80,3200
605,604000,80,3280
606,605000,80,3200
607,606000,80,3280
608,607000,0,3200
609,608000,80,3280
610,609000,80,3200
611,610000,240,3280
612,611000,80,3200
613,612000,80,3200
614,613000,80,3280
615,614000,160,3280
616,615000,80,3200
617,616000,80,3200
618,617000,80,3200
619,618000,160,3280
620,619000,0,3200
621,620000,80,3200
622,621000,80,3200
623,622000,160,3280
624,623000,80,3200
625,624000,80,3280
626,625000,80,3280
627,626000,80,3280
628,627000,0,3200
629,628000,80,3200
630,629000,80,3200
631,630000,160,3280
632,631000,80,3200
633,632000,80,3280
634,633000,80,3280
635,634000,80,3280
636,635000,0,3200
637,636000,80,3280
638,637000,160,3200
639,638000,160,3280
640,639000,80,3200
641,640000,160,3280
642,641000,80,3200
643,642000,160,3280
644,643000,0,3200
645,644000,80,3200
646,645000,80,3200
647,646000,160,3360
648,647000,80,3200
649,648000,80,3280
650,649000,80,3200
651,650000,160,3280
652,651000,80,3200
653,652000,80,3200
654,653000,80,3280
655,654000,160,3280
656,655000,0,3120
657,656000,80,3280
658,657000,80,3280
659,658000,160,3280
660,659000,80,3120
661,660000,80,3200
662,661000,80,3200
663,662000,80,3280
664,663000,0,3200
665,664000,80,3200
666,665000,80,3200
667,666000,80,3280
668,667000,0,3200
669,668000,0,3280
670,669000,80,3200
671,670000,160,3280
672,671000,0,3200
673,672000,80,3200
674,673000,80,3200
675,674000,80,3280
676,675000,0,3200
677,676000,80,3280
678,677000,80,3280
679,678000,80,3280
680,679000,0,3200
681,680000,80,3200
682,681000,80,3200
683,682000,160,3280
684,683000,80,3200
685,684000,160,3200
686,685000,80,3280
687,686000,160,3280
688,687000,0,3200
689,688000,0,3280
690,689000,80,3280
691,690000,80,3280
692,691000,80,3200
693,692000,80,3200
694,693000,80,3200
695,694000,160,3280
696,695000,0,3200
697,696000,80,3200
698,697000,80,3280
699,698000,160,3280
700,699000,0,3120
701,700000,160,3280
702,701000,80,3200
703,702000,160,3280
704,703000,0,3200
705,704000,80,3280
706,705000,80,3280
707,706000,160,3280
708,707000,0,3200
709,708000,160,3280
710,709000,0,3200
711,710000,160,3280
712,711000,0,3200
713,712000,80,3280
714,713000,80,3200
715,714000,80,3280
716,715000,0,3200
717,716000,80,3280
718,717000,80,3200
719,718000,160,3280
720,719000,0,0
721,720000,0,80
722,721000,80,80
723,722000,240,80
724,723000,80,0
725,724000,80,0
726,725000,80,0
727,726000,160,80
728,727000,80,0
729,728000,160,80
730,729000,80,80
731,730000,160,80
732,731000,0,0
733,732000,160,80
734,733000,80,80
735,734000,160,80
736,735000,80,0
737,736000,80,0
738,737000,80,80
739,738000,80,80
740,739000,0,0
741,740000,80,80
742,741000,160,0
743,742000,160,80
744,743000,0,0
745,744000,80,0
746,745000,80,80
747,746000,160,80
748,747000,80,0
749,748000,80,0
750,749000,80,80
751,750000,160,80
752,751000,80,0
753,752000,80,80
754,753000,80,0
755,754000,160,80
756,755000,0,0
757,756000,80,80
758,757000,80,80
759,758000,80,80
760,759000,80,0
761,760000,80,0
762,761000,160,80
763,762000,3520,80
764,763000,0,0
765,764000,3520,80
766,765000,3440,80
767,766000,3520,80
768,767000,3440,0
769,768000,3520,80
770,769000,3520,80
771,770000,3520,80
772,771000,3440,0
773,772000,3440,80
774,773000,3440,80
775,774000,3520,80
776,775000,3440,80
777,776000,3440,80
778,777000,3440,80
779,778000,3520,80
780,779000,3440,80
781,780000,3440,80
782,781000,3520,0
783,782000,3520,80
784,783000,3440,0
785,784000,3520,80
786,785000,3440,80
787,786000,3520,80
788,787000,3360,0
789,788000,3440,80
790,789000,3520,80
791,790000,3520,80
792,791000,3440,0
793,792000,3520,80
794,793000,3440,80
795,794000,3520,80
796,795000,3440,0
797,796000,3520,80
798,797000,3440,0
799,798000,3520,80
800,799000,3440,0
801,800000,3440,80
802,801000,3440,80
803,802000,3520,80
804,803000,3360,0
805,804000,3360,0
806,805000,3440,80
807,806000,3520,80
808,807000,3360,0
809,808000,3440,80
810,809000,3440,80
811,810000,3520,80
812,811000,3440,0
813,812000,3440,80
814,813000,3440,80
815,814000,3520,80
816,815000,3360,0
817,816000,3360,80
818,817000,3520,80
819,818000,3520,80
820,819000,3440,0
821,820000,3520,80
822,821000,3440,80
823,822000,3440,80
824,823000,3440,0
825,824000,3440,80
826,825000,3440,80
827,826000,3440,80
828,827000,3360,0
829,828000,3440,80
830,829000,3360,160
831,830000,3520,160
832,831000,3360,0
833,832000,3440,80
834,833000,3440,80
835,834000,3520,80
836,835000,3440,0
837,836000,3520,80
838,837000,3440,80
839,838000,3520,160
840,839000,3360,0
841,840000,3440,0
842,841000,3440,80
843,842000,3520,80
844,843000,3440,0
845,844000,3440,80
846,845000,3440,0
847,846000,3520,80
848,847000,3440,0
849,848000,3440,80
850,849000,3520,160
851,850000,3520,160
852,851000,3440,0
853,852000,3520,80
854,853000,3440,80
855,854000,3440,80
856,855000,3440,0
857,856000,3440,0
858,857000,3440,80
859,858000,3520,80
860,859000,3440,0
861,860000,3440,0
862,861000,3440,0
863,862000,3440,80
864,863000,3440,0
865,864000,3440,80
866,865000,3520,80
867,866000,3520,80
868,867000,3440,0
869,868000,3440,80
870,869000,3440,0
871,870000,3520,80
872,871000,3360,0
873,872000,3440,0
874,873000,3440,80
875,874000,3440,80
876,875000,3360,0
877,876000,3440,80
878,877000,3440,80
879,878000,3520,80
880,879000,3440,0
881,880000,3440,0
882,881000,3520,80
883,882000,3520,80
884,883000,3360,0
885,884000,3440,80
886,885000,3440,80
887,886000,3520,80
888,887000,3440,0
889,888000,3520,80
890,889000,3440,80
891,890000,3440,80
892,891000,3440,0
893,892000,3440,80
894,893000,3360,80
895,894000,3440,80
896,895000,3360,0
897,896000,3440,0
898,897000,3360,80
899,898000,3520,80
900,899000,3360,0
901,900000,3520,80
902,901000,3440,0
903,902000,3520,80
904,903000,3440,-80
905,904000,3440,80
906,905000,3440,80
907,906000,3440,80
908,907000,3360,0
909,908000,3440,80
910,909000,3440,80
911,910000,3520,80
912,911000,3360,80
913,912000,3520,80
914,913000,3440,80
915,914000,3520,80
916,915000,3440,0
917,916000,3440,80
918,917000,3440,80
919,918000,3520,80
920,919000,3440,0
921,920000,3440,0
922,921000,3440,0
923,922000,3520,80
924,923000,3360,0
925,924000,3520,0
926,925000,3440,80
927,926000,3520,80
928,927000,3440,0
929,928000,3440,80
930,929000,3440,80
931,930000,3520,80
932,931000,3440,0
933,932000,3440,80
934,933000,3440,80
935,934000,3520,80
936,935000,3440,0
937,936000,3440,0
938,937000,3440,0
939,938000,3520,160
940,939000,3360,0
941,940000,3440,0
942,941000,3520,80
943,942000,3520,80
944,943000,3440,0
945,944000,3440,80
946,945000,3440,0
947,946000,3520,160
948,947000,3360,0
949,948000,3440,0
950,949000,3520,80
951,950000,3520,160
952,951000,3440,0
953,952000,3440,80
954,953000,3440,80
955,954000,3520,80
956,955000,3360,0
957,956000,3520,80
958,957000,3440,80
959,958000,3520,80
960,959000,3440,0
961,960000,3440,80
962,961000,3520,80
963,962000,3520,160
964,963000,3440,0
965,964000,3440,80
966,965000,3440,80
967,966000,3520,80
968,967000,3440,0
969,968000,3440,80
970,969000,3440,80
971,970000,3520,80
972,971000,3440,80
973,972000,3440,80
974,973000,3440,80
975,974000,3520,80
976,975000,3360,0
977,976000,3440,0
978,977000,3440,80
979,978000,3520,80
980,979000,3360,0
981,980000,3360,0
982,981000,3440,0
983,982000,3520,80
984,983000,3360,0
985,984000,3520,80
986,985000,3440,80
987,986000,3520,80
988,987000,3440,0
989,988000,3440,0
990,989000,3520,80
991,990000,3520,80
992,991000,3360,0
993,992000,3360,80
994,993000,3440,80
995,994000,3520,80
996,995000,3360,0
997,996000,3520,80
998,997000,3440,80
999,998000,3520,80
1000,999000,3440,0
1001,1000000,3440,0
1002,1001000,3360,80
1003,1002000,3520,80
1004,1003000,3360,0
1005,1004000,3440,0
1006,1005000,3440,0
1007,1006000,3520,80
1008,1007000,3440,0
1009,1008000,3440,80
1010,1009000,3520,0
1011,1010000,3520,80
1012,1011000,3440,-80
1013,1012000,3440,0
1014,1013000,3360,0
1015,1014000,3520,80
1016,1015000,3360,0
1017,1016000,3440,80
1018,1017000,3520,0
1019,1018000,3520,80
1020,1019000,3440,-80
1021,1020000,3440,80
1022,1021000,3440,80
1023,1022000,3520,80
1024,1023000,80,0
1025,1024000,80,80
1026,1025000,80,0
1027,1026000,160,80
1028,1027000,0,0
1029,1028000,0,0
1030,1029000,80,0
1031,1030000,80,80
1032,1031000,80,0
1033,1032000,80,0
1034,1033000,80,80
1035,1034000,160,80
1036,1035000,0,80
1037,1036000,160,80
1038,1037000,80,0
1039,1038000,160,80
1040,1039000,0,0
1041,1040000,80,80
1042,1041000,80,0
1043,1042000,80,80
1044,1043000,80,0
1045,1044000,80,0
1046,1045000,80,80
1047,1046000,160,80
1048,1047000,80,-80
1049,1048000,80,0
1050,1049000,80,80
1051,1050000,80,80
1052,1051000,0,0
1053,1052000,80,80
1054,1053000,80,80
1055,1054000,160,80
1056,1055000,80,0
1057,1056000,80,80
1058,1057000,80,80
1059,1058000,80,160
1060,1059000,0,0
1061,1060000,0,80
1062,1061000,80,0
1063,1062000,160,80
1064,1063000,80,0
1065,1064000,80,80
1066,1065000,80,80
1067,1066000,160,80
1068,1067000,0,0
1069,1068000,80,0
1070,1069000,80,80
1071,1070000,160,80
1072,1071000,0,80
1073,1072000,80,80
1074,1073000,80,80
1075,1074000,3520,80
1076,1075000,80,0
1077,1076000,3440,80
1078,1077000,3440,80
1079,1078000,3520,80
1080,1079000,3440,0
1081,1080000,3440,80
1082,1081000,3440,80
1083,1082000,3520,80
1084,1083000,3440,0
1085,1084000,3440,80
1086,1085000,3440,80
1087,1086000,3520,80
1088,1087000,3440,0
1089,1088000,3440,0
1090,1089000,3440,80
1091,1090000,3520,80
1092,1091000,3440,0
1093,1092000,3440,80
1094,1093000,3440,80
1095,1094000,3520,80
1096,1095000,3360,0
1097,1096000,3440,80
1098,1097000,3440,80
1099,1098000,3520,80
1100,1099000,3360,0
1101,1100000,3440,80
1102,1101000,3520,80
1103,1102000,3520,80
1104,1103000,3360,0
1105,1104000,3360,80
1106,1105000,3440,80
1107,1106000,3520,80
1108,1107000,3440,0
1109,1108000,3520,0
1110,1109000,3440,-80
1111,1110000,3520,80
1112,1111000,3440,-80
1113,1112000,3440,80
1114,1113000,3520,80
1115,1114000,3520,80
1116,1115000,160,0
1117,1116000,160,80
1118,1117000,80,80
1119,1118000,80,80
1120,1119000,80,0
1121,1120000,80,80
1122,1121000,80,0
1123,1122000,80,3200
1124,1123000,0,0
1125,1124000,0,3200
1126,1125000,80,3200
1127,1126000,160,3280
1128,1127000,0,3200
1129,1128000,80,3200
1130,1129000,160,3280
1131,1130000,160,3280
1132,1131000,80,3200
1133,1132000,80,3280
1134,1133000,80,3200
1135,1134000,80,3280
1136,1135000,80,3200
1137,1136000,80,3200
1138,1137000,80,3200
1139,1138000,80,3280
1140,1139000,0,3200
1141,1140000,80,3200
1142,1141000,80,3280
1143,1142000,160,3280
1144,1143000,0,3200
1145,1144000,80,3280
1146,1145000,80,3200
1147,1146000,80,3280
1148,1147000,0,3120
1149,1148000,80,3200
1150,1149000,80,3280
1151,1150000,160,3360
1152,1151000,0,3120
1153,1152000,0,3200
1154,1153000,80,3280
1155,1154000,80,3280
1156,1155000,0,3200
1157,1156000,0,3280
1158,1157000,80,3280
1159,1158000,160,3280
1160,1159000,80,3200
1161,1160000,80,3280
1162,1161000,80,3200
1163,1162000,160,3280
1164,1163000,0,3200
1165,1164000,80,3280
1166,1165000,80,3280
1167,1166000,160,3280
1168,1167000,0,3200
1169,1168000,0,3280
1170,1169000,80,3200
1171,1170000,160,3280
1172,1171000,0,3200
1173,1172000,80,3280
1174,1173000,80,3280
1175,1174000,80,3280
1176,1175000,0,3120
1177,1176000,0,3200
1178,1177000,80,3200
1179,1178000,160,3280
1180,1179000,80,3200
1181,1180000,160,3200
1182,1181000,80,3200
1183,1182000,80,3280
1184,1183000,80,3120
1185,1184000,80,3200
1186,1185000,80,3200
1187,1186000,160,3280
1188,1187000,0,3200
1189,1188000,160,3200
1190,1189000,80,3280
1191,1190000,160,3280
1192,1191000,0,3200
1193,1192000,160,3280
1194,1193000,80,3280
1195,1194000,80,3280
1196,1195000,80,3200
1197,1196000,80,3200
1198,1197000,80,3280
1199,1198000,80,3280
1200,1199000,0,3200
1201,1200000,80,3280
1202,1201000,80,3280
1203,1202000,160,3280
1204,1203000,0,3200
1205,1204000,80,3280
1206,1205000,80,3280
1207,1206000,160,3280
1208,1207000,0,3200
1209,1208000,80,3280
1210,1209000,80,3280
1211,1210000,160,3280
1212,1211000,80,3200
1213,1212000,80,3200
1214,1213000,80,3200
1215,1214000,80,3280
1216,1215000,0,3200
1217,1216000,80,3280
1218,1217000,80,3200
1219,1218000,80,3280
1220,1219000,0,3200
1221,1220000,80,3280
1222,1221000,80,3200
1223,1222000,80,3280
1224,1223000,80,3200
1225,1224000,80,3280
1226,1225000,160,3200
1227,1226000,160,3280
1228,1227000,0,3200
1229,1228000,80,3280
1230,1229000,80,3200
1231,1230000,80,3280
1232,1231000,0,3200
1233,1232000,80,3200
1234,1233000,80,3200
1235,1234000,160,3280
1236,1235000,0,3200
1237,1236000,80,3200
1238,1237000,80,3280
1239,1238000,80,3280
1240,1239000,0,3200
1241,1240000,80,3280
1242,1241000,80,3200
1243,1242000,160,3280
1244,1243000,0,3120
1245,1244000,0,3200
1246,1245000,80,3200
1247,1246000,160,3280
1248,1247000,80,3200
1249,1248000,80,3280
1250,1249000,160,3200
1251,1250000,160,3280
1252,1251000,0,3200
1253,1252000,80,3200
1254,1253000,0,3200
1255,1254000,160,3280
1256,1255000,0,3200
1257,1256000,80,3280
1258,1257000,80,3280
1259,1258000,160,3360
1260,1259000,80,3200
1261,1260000,80,3200
1262,1261000,80,3200
1263,1262000,160,3280
1264,1263000,0,3120
1265,1264000,80,3200
1266,1265000,80,3280
1267,1266000,160,3280
1268,1267000,0,3200
1269,1268000,80,3280
1270,1269000,0,3200
1271,1270000,80,3280
1272,1271000,0,3200
1273,1272000,80,3280
1274,1273000,80,3200
1275,1274000,80,3280
1276,1275000,0,3200
1277,1276000,80,3200
1278,1277000,80,3200
1279,1278000,160,3280
1280,1279000,80,3200
1281,1280000,80,3200
1282,1281000,80,3200
1283,1282000,80,3280
1284,1283000,0,3200
1285,1284000,80,3200
1286,1285000,160,3280
1287,1286000,160,3280
1288,1287000,0,3200
1289,1288000,80,3200
1290,1289000,80,3200
1291,1290000,160,3280
1292,1291000,80,3200
1293,1292000,80,3280
1294,1293000,80,3200
1295,1294000,160,3280
1296,1295000,0,3200
1297,1296000,80,3200
1298,1297000,80,3280
1299,1298000,160,3280
1300,1299000,80,3200
1301,1300000,160,3200
1302,1301000,80,3280
1303,1302000,160,3280
1304,1303000,80,3200
1305,1304000,160,3200
1306,1305000,80,3200
1307,1306000,160,3280
1308,1307000,0,3200
1309,1308000,0,3200
1310,1309000,80,3280
1311,1310000,160,3280
1312,1311000,80,3200
1313,1312000,160,3200
1314,1313000,80,3280
1315,1314000,80,3280
1316,1315000,80,3200
1317,1316000,80,3200
1318,1317000,80,3280
1319,1318000,160,3280
1320,1319000,80,3200
1321,1320000,80,3200
1322,1321000,80,3200
1323,1322000,80,3280
1324,1323000,80,3200
1325,1324000,80,3200
1326,1325000,80,3280
1327,1326000,80,3280
1328,1327000,0,3200
1329,1328000,80,3280
1330,1329000,0,3280
1331,1330000,160,3280
1332,1331000,0,3200
1333,1332000,80,3200
1334,1333000,80,3200
1335,1334000,160,3280
1336,1335000,0,3200
1337,1336000,0,3200
1338,1337000,80,3280
1339,1338000,80,3280
1340,1339000,80,3200
1341,1340000,80,3280
1342,1341000,80,3200
1343,1342000,80,3280
1344,1343000,0,3200
1345,1344000,80,3200
1346,1345000,80,3200
1347,1346000,160,3280
1348,1347000,80,3200
1349,1348000,80,3280
1350,1349000,80,3280
1351,1350000,80,3280
1352,1351000,80,3200
1353,1352000,80,3200
1354,1353000,80,3280
1355,1354000,80,3280
1356,1355000,0,3200
1357,1356000,0,3280
1358,1357000,80,3200
1359,1358000,160,3280
1360,1359000,80,3120
1361,1360000,80,3200
1362,1361000,80,3280
1363,1362000,80,3280
1364,1363000,0,3200
1365,1364000,0,3200
1366,1365000,160,3120
1367,1366000,160,3280
1368,1367000,80,3120
1369,1368000,80,3280
1370,1369000,80,3200
1371,1370000,80,3280
1372,1371000,0,3200
1373,1372000,80,3280
1374,1373000,80,3280
1375,1374000,160,3280
1376,1375000,80,3200
1377,1376000,80,3280
1378,1377000,160,3200
1379,1378000,160,3280
1380,1379000,80,3200
1381,1380000,80,3280
1382,1381000,80,3200
1383,1382000,160,3280
1384,1383000,80,3200
1385,1384000,80,3200
1386,1385000,80,3280
1387,1386000,160,3280
1388,1387000,80,3200
1389,1388000,80,3280
1390,1389000,80,3280
1391,1390000,160,3280
1392,1391000,0,3200
1393,1392000,80,3200
1394,1393000,80,3200
1395,1394000,80,3280
1396,1395000,0,3200
1397,1396000,80,3280
1398,1397000,0,3280
1399,1398000,160,3280
1400,1399000,0,3200
1401,1400000,80,3280
1402,1401000,80,3200
1403,1402000,160,3280
1404,1403000,80,3200
1405,1404000,80,3200
1406,1405000,80,3200
1407,1406000,160,3280
1408,1407000,80,3200
1409,1408000,80,3280
1410,1409000,80,3280
1411,1410000,160,3280
1412,1411000,80,3200
1413,1412000,80,3280
1414,1413000,80,3200
1415,1414000,160,3280
1416,1415000,80,3200
1417,1416000,80,3200
1418,1417000,80,3200
1419,1418000,160,3280
1420,1419000,0,3200
1421,1420000,80,3200
1422,1421000,80,3280
1423,1422000,80,3280
1424,1423000,80,0
1425,1424000,80,80
1426,1425000,160,80
1427,1426000,160,80
1428,1427000,0,0
1429,1428000,80,80
1430,1429000,80,80
1431,1430000,160,80
1432,1431000,80,0
1433,1432000,80,0
1434,1433000,80,80
1435,1434000,160,80
1436,1435000,80,0
1437,1436000,160,80
1438,1437000,80,80
1439,1438000,160,80
1440,1439000,80,0
1441,1440000,80,80
1442,1441000,80,0
1443,1442000,160,80
1444,1443000,0,0
1445,1444000,0,80
1446,1445000,80,80
1447,1446000,80,80
1448,1447000,0,0
1449,1448000,80,80
1450,1449000,80,0
1451,1450000,80,80
1452,1451000,80,0
1453,1452000,80,80
1454,1453000,80,80
1455,1454000,160,80
1456,1455000,80,0
1457,1456000,80,0
1458,1457000,80,80
1459,1458000,80,80
1460,1459000,0,0
1461,1460000,80,80
1462,1461000,80,80
1463,1462000,160,80
1464,1463000,0,0
1465,1464000,80,80
1466,1465000,80,80
1467,1466000,3440,80
1468,1467000,0,0
1469,1468000,3440,80
1470,1469000,3520,80
1471,1470000,3520,80
1472,1471000,3440,0
1473,1472000,3440,80
1474,1473000,3440,0
1475,1474000,3520,80
1476,1475000,3440,0
1477,1476000,3520,80
1478,1477000,3360,80
1479,1478000,3520,80
1480,1479000,3360,0
1481,1480000,3440,80
1482,1481000,3440,80
1483,1482000,3520,80
1484,1483000,3440,0
1485,1484000,3440,80
1486,1485000,3520,80
1487,1486000,3520,80
1488,1487000,3360,0
1489,1488000,3520,80
1490,1489000,3440,0
1491,1490000,3520,80
1492,1491000,3360,0
1493,1492000,3440,80
1494,1493000,3440,0
1495,1494000,3520,160
1496,1495000,3440,0
1497,1496000,3440,80
1498,1497000,3440,0
1499,1498000,3520,160
1500,1499000,3440,0
1501,1500000,3520,80
1502,1501000,3440,80
1503,1502000,3520,80
1504,1503000,3360,0
1505,1504000,3440,80
1506,1505000,3440,0
1507,1506000,3520,160
1508,1507000,3440,0
1509,1508000,3440,80
1510,1509000,3520,0
1511,1510000,3520,80
1512,1511000,3440,0
1513,1512000,3440,80
1514,1513000,3360,0
1515,1514000,3440,80
1516,1515000,3360,0
1517,1516000,3440,80
1518,1517000,3520,0
1519,1518000,3520,80
1520,1519000,3440,0
1521,1520000,3440,80
1522,1521000,3440,0
1523,1522000,3440,80
1524,1523000,3360,0
1525,1524000,3440,80
1526,1525000,3440,80
1527,1526000,3440,80
1528,1527000,3360,0
1529,1528000,3440,0
1530,1529000,3440,80
1531,1530000,3520,80
1532,1531000,3440,0
1533,1532000,3440,80
1534,1533000,3440,80
1535,1534000,3520,80
1536,1535000,3440,0
1537,1536000,3440,80
1538,1537000,3440,0
1539,1538000,3520,80
1540,1539000,3360,0
1541,1540000,3440,80
1542,1541000,3440,80
1543,1542000,3520,160
1544,1543000,3440,0
1545,1544000,3440,80
1546,1545000,3440,80
1547,1546000,3520,80
1548,1547000,3360,0
1549,1548000,3440,0
1550,1549000,3440,80
1551,1550000,3520,160
1552,1551000,3360,0
1553,1552000,3440,160
1554,1553000,3440,80
1555,1554000,3520,80
1556,1555000,3360,0
1557,1556000,3440,0
1558,1557000,3440,0
1559,1558000,3520,160
1560,1559000,3360,0
1561,1560000,3520,80
1562,1561000,3440,80
1563,1562000,3520,80
1564,1563000,3360,0
1565,1564000,3440,0
1566,1565000,3440,80
1567,1566000,3520,80
1568,1567000,3440,0
1569,1568000,3440,80
1570,1569000,3520,80
1571,1570000,3520,80
1572,1571000,3440,0
1573,1572000,3520,80
1574,1573000,3440,0
1575,1574000,3440,80
1576,1575000,3440,0
1577,1576000,3440,80
1578,1577000,3440,80
1579,1578000,3520,80
1580,1579000,3440,0
1581,1580000,3440,80
1582,1581000,3520,80
1583,1582000,3520,80
1584,1583000,3440,0
1585,1584000,3520,80
1586,1585000,3440,80
1587,1586000,3520,80
1588,1587000,3360,0
1589,1588000,3440,0
1590,1589000,3440,80
1591,1590000,3520,80
1592,1591000,3440,0
1593,1592000,3440,80
1594,1593000,3440,80
1595,1594000,3520,80
1596,1595000,3440,-80
1597,1596000,3440,80
1598,1597000,3440,0
1599,1598000,3520,160
1600,1599000,3360,0
1601,1600000,3520,80
1602,1601000,3360,80
1603,1602000,3520,80
1604,1603000,3360,0
1605,1604000,3440,80
1606,1605000,3440,0
1607,1606000,3520,80
1608,1607000,3360,0
1609,1608000,3440,80
1610,1609000,3440,80
1611,1610000,3520,80
1612,1611000,3440,0
1613,1612000,3440,80
1614,1613000,3440,0
1615,1614000,3520,160
1616,1615000,3440,0
1617,1616000,3440,0
1618,1617000,3520,0
1619,1618000,3520,80
1620,1619000,3360,0
1621,1620000,3440,0
1622,1621000,3440,80
1623,1622000,3520,80
1624,1623000,3360,0
1625,1624000,3440,80
1626,1625000,3440,80
1627,1626000,3520,160
1628,1627000,3440,0
1629,1628000,3440,80
1630,1629000,3520,80
1631,1630000,3520,80
1632,1631000,3440,0
1633,1632000,3440,0
1634,1633000,3520,80
1635,1634000,3520,80
1636,1635000,3440,0
1637,1636000,3440,80
1638,1637000,3520,80
1639,1638000,3520,80
1640,1639000,3440,0
1641,1640000,3520,80
1642,1641000,3520,80
1643,1642000,3520,80
1644,1643000,3440,0
1645,1644000,3440,80
1646,1645000,3520,80
1647,1646000,3520,80
1648,1647000,3360,80
1649,1648000,3440,80
1650,1649000,3440,80
1651,1650000,3520,80
1652,1651000,3440,0
1653,1652000,3440,80
1654,1653000,3520,80
1655,1654000,3520,80
1656,1655000,3440,0
1657,1656000,3520,0
1658,1657000,3440,0
1659,1658000,3520,80
1660,1659000,3440,0
1661,1660000,3440,0
1662,1661000,3360,80
1663,1662000,3520,80
1664,1663000,3360,0
1665,1664000,3440,0
1666,1665000,3520,80
1667,1666000,3520,80
1668,1667000,3440,0
1669,1668000,3520,80
1670,1669000,3440,0
1671,1670000,3520,80
1672,1671000,3360,0
1673,1672000,3440,0
1674,1673000,3520,80
1675,1674000,3520,160
1676,1675000,3440,0
1677,1676000,3520,80
1678,1677000,3440,80
1679,1678000,3520,80
1680,1679000,3440,0
1681,1680000,3520,0
1682,1681000,3440,80
1683,1682000,3520,80
1684,1683000,3440,80
1685,1684000,3440,80
1686,1685000,3440,80
1687,1686000,3520,80
1688,1687000,3440,0
1689,1688000,3440,0
1690,1689000,3520,80
1691,1690000,3520,80
1692,1691000,3440,0
1693,1692000,3440,80
1694,1693000,3440,80
1695,1694000,3440,160
1696,1695000,3360,0
1697,1696000,3440,0
1698,1697000,3520,80
1699,1698000,3520,80
1700,1699000,3440,0
1701,1700000,3440,80
1702,1701000,3440,80
1703,1702000,3520,80
1704,1703000,3360,0
1705,1704000,3520,0
1706,1705000,3440,0
1707,1706000,3520,80
1708,1707000,3440,0
1709,1708000,3520,0
1710,1709000,3440,0
1711,1710000,3520,160
1712,1711000,3440,0
1713,1712000,3440,80
1714,1713000,3440,80
1715,1714000,3520,80
1716,1715000,3440,80
1717,1716000,3520,80
1718,1717000,3520,0
1719,1718000,3520,160
1720,1719000,3360,0
1721,1720000,3440,80
1722,1721000,3440,80
1723,1722000,3520,160
1724,1723000,3440,0
1725,1724000,3440,0
1726,1725000,3440,80
1727,1726000,3440,160
1728,1727000,0,0
1729,1728000,80,80
1730,1729000,160,0
1731,1730000,160,80
1732,1731000,0,0
1733,1732000,80,80
1734,1733000,80,80
1735,1734000,240,80
1736,1735000,80,0
1737,1736000,80,80
1738,1737000,80,80
1739,1738000,160,80
1740,1739000,0,0
1741,1740000,0,0
1742,1741000,160,80
1743,1742000,160,80
1744,1743000,0,0
1745,1744000,80,0
1746,1745000,80,80
1747,1746000,80,80
1748,1747000,0,0
1749,1748000,0,80
1750,1749000,80,0
1751,1750000,80,80
1752,1751000,80,0
1753,1752000,80,80
1754,1753000,80,80
1755,1754000,160,80
1756,1755000,0,0
1757,1756000,80,0
1758,1757000,80,80
1759,1758000,80,80
1760,1759000,0,0
1761,1760000,80,80
1762,1761000,80,0
1763,1762000,80,80
1764,1763000,80,0
1765,1764000,80,80
1766,1765000,80,80
1767,1766000,160,80
1768,1767000,0,0
1769,1768000,160,80
1770,1769000,80,80
1771,1770000,80,80
1772,1771000,80,0
1773,1772000,80,80
1774,1773000,80,0
1775,1774000,80,80
1776,1775000,80,0
1777,1776000,80,0
1778,1777000,80,80
1779,1778000,3520,80
1780,1779000,80,0
1781,1780000,3440,80
1782,1781000,3520,0
1783,1782000,3520,80
1784,1783000,3360,0
1785,1784000,3360,0
1786,1785000,3440,80
1787,1786000,3520,80
1788,1787000,3360,0
1789,1788000,3440,80
1790,1789000,3440,0
1791,1790000,3520,80
1792,1791000,3360,0
1793,1792000,3440,80
1794,1793000,3520,80
1795,1794000,3520,160
1796,1795000,3440,0
1797,1796000,3440,80
1798,1797000,3440,80
1799,1798000,3520,80
1800,1799000,3440,0
1801,1800000,3520,80
1802,1801000,3520,80
1803,1802000,3520,80
1804,1803000,3360,0
1805,1804000,3440,0
1806,1805000,3440,80
1807,1806000,3520,80
1808,1807000,3440,0
1809,1808000,3440,80
1810,1809000,3520,80
1811,1810000,3520,80
1812,1811000,3440,0
1813,1812000,3520,0
1814,1813000,3520,80
1815,1814000,3520,80
1816,1815000,3440,0
1817,1816000,3440,0
1818,1817000,3440,80
1819,1818000,3520,80
1820,1819000,80,0
1821,1820000,80,80
1822,1821000,80,0
1823,1822000,160,80
1824,1823000,80,0
1825,1824000,80,80
1826,1825000,80,0
1827,1826000,80,3280
1828,1827000,80,0
1829,1828000,80,3280
1830,1829000,80,3280
1831,1830000,160,3280
1832,1831000,0,3200
1833,1832000,80,3280
1834,1833000,0,3280
1835,1834000,80,3280
1836,1835000,0,3200
1837,1836000,80,3200
1838,1837000,80,3280
1839,1838000,160,3280
1840,1839000,0,3200
1841,1840000,80,3200
1842,1841000,0,3280
1843,1842000,160,3280
1844,1843000,0,3200
1845,1844000,80,3280
1846,1845000,80,3200
1847,1846000,160,3280
1848,1847000,80,3120
1849,1848000,80,3200
1850,1849000,80,3280
1851,1850000,80,3280
1852,1851000,0,3200
1853,1852000,80,3200
1854,1853000,80,3200
1855,1854000,160,3280
1856,1855000,0,3200
1857,1856000,0,3200
1858,1857000,80,3280
1859,1858000,160,3280
1860,1859000,80,3200
1861,1860000,80,3280
1862,1861000,80,3280
1863,1862000,160,3280
1864,1863000,0,3200
1865,1864000,80,3280
1866,1865000,80,3200
1867,1866000,80,3280
1868,1867000,80,3200
1869,1868000,80,3280
1870,1869000,0,3200
1871,1870000,160,3280
1872,1871000,0,3120
1873,1872000,80,3280
1874,1873000,0,3200
1875,1874000,160,3280
1876,1875000,0,3200
1877,1876000,80,3280
1878,1877000,80,3200
1879,1878000,160,3280
1880,1879000,80,3200
1881,1880000,80,3200
1882,1881000,160,3200
1883,1882000,160,3280
1884,1883000,80,3200
1885,1884000,80,3280
1886,1885000,80,3200
1887,1886000,160,3280
1888,1887000,80,3200
1889,1888000,80,3200
1890,1889000,160,3200
1891,1890000,160,3280
1892,1891000,80,3200
1893,1892000,80,3280
1894,1893000,80,3200
1895,1894000,160,3280
1896,1895000,0,3200
1897,1896000,80,3200
1898,1897000,80,3280
1899,1898000,80,3280
1900,1899000,80,3200
1901,1900000,80,3280
1902,1901000,80,3200
1903,1902000,160,3280
1904,1903000,80,3200
1905,1904000,160,3200
1906,1905000,80,3200
1907,1906000,160,3280
1908,1907000,0,3200
1909,1908000,80,3200
1910,1909000,80,3200
1911,1910000,160,3280
1912,1911000,0,3200
1913,1912000,80,3200
1914,1913000,80,3200
1915,1914000,160,3280
1916,1915000,0,3200
1917,1916000,0,3280
1918,1917000,80,3280
1919,1918000,160,3280
1920,1919000,0,3120
1921,1920000,80,3280
1922,1921000,160,3280
1923,1922000,160,3280
1924,1923000,0,3200
1925,1924000,80,3280
1926,1925000,80,3200
1927,1926000,160,3280
1928,1927000,80,3200
1929,1928000,80,3200
1930,1929000,80,3200
1931,1930000,80,3280
1932,1931000,80,3200
1933,1932000,80,3200
1934,1933000,80,3280
1935,1934000,160,3280
1936,1935000,0,3200
1937,1936000,160,3200
1938,1937000,80,3280
1939,1938000,160,3280
1940,1939000,0,3120
1941,1940000,80,3120
1942,1941000,80,3200
1943,1942000,160,3280
1944,1943000,0,3200
1945,1944000,0,3280
1946,1945000,80,3200
1947,1946000,160,3280
1948,1947000,0,3200
1949,1948000,160,3200
1950,1949000,80,3200
1951,1950000,160,3280
1952,1951000,0,3200
1953,1952000,80,3280
1954,1953000,80,3280
1955,1954000,80,3280
1956,1955000,0,3200
1957,1956000,80,3200
1958,1957000,80,3200
1959,1958000,80,3280
1960,1959000,0,3200
1961,1960000,80,3200
1962,1961000,80,3280
1963,1962000,80,3280
1964,1963000,0,3200
1965,1964000,0,3200
1966,1965000,80,3280
1967,1966000,80,3280
1968,1967000,80,3200
1969,1968000,80,3200
1970,1969000,80,3280
1971,1970000,160,3280
1972,1971000,0,3200
1973,1972000,80,3280
1974,1973000,80,3280
1975,1974000,160,3280
1976,1975000,0,3200
1977,1976000,160,3200
1978,1977000,80,3200
1979,1978000,160,3280
1980,1979000,80,3200
1981,1980000,80,3280
1982,1981000,80,3200
1983,1982000,80,3280
1984,1983000,0,3200
1985,1984000,80,3280
1986,1985000,80,3280
1987,1986000,160,3280
1988,1987000,0,3200
1989,1988000,160,3200
1990,1989000,80,3280
1991,1990000,160,3280
1992,1991000,80,3200
1993,1992000,80,3280
1994,1993000,80,3280
1995,1994000,160,3280
1996,1995000,0,3200
1997,1996000,80,3280
1998,1997000,80,3200
1999,1998000,80,3280
2000,1999000,0,3200
2001,2000000,80,3280
2002,2001000,80,3200
2003,2002000,80,3280
2004,2003000,0,3200
2005,2004000,80,3280
2006,2005000,80,3280
2007,2006000,80,3280
2008,2007000,80,3200
2009,2008000,80,3280
2010,2009000,80,3200
2011,2010000,160,3280
2012,2011000,80,3120
2013,2012000,80,3280
2014,2013000,80,3200
2015,2014000,160,3280
2016,2015000,0,3200
2017,2016000,80,3200
2018,2017000,80,3280
2019,2018000,80,3280
2020,2019000,0,3200
2021,2020000,80,3280
2022,2021000,80,3280
2023,2022000,160,3280
2024,2023000,80,3200
2025,2024000,80,3200
2026,2025000,80,3280
2027,2026000,80,3280
2028,2027000,0,3200
2029,2028000,0,3200
2030,2029000,80,3200
2031,2030000,160,3280
2032,2031000,0,3200
2033,2032000,80,3200
2034,2033000,160,3280
2035,2034000,160,3280
2036,2035000,0,3120
2037,2036000,80,3200
2038,2037000,0,3280
2039,2038000,80,3280
2040,2039000,0,3200
2041,2040000,80,3280
2042,2041000,80,3280
2043,2042000,80,3280
2044,2043000,0,3200
2045,2044000,80,3200
2046,2045000,80,3200
2047,2046000,160,3280
2048,2047000,0,3200
2049,2048000,80,3200
2050,2049000,160,3200
2051,2050000,160,3280
2052,2051000,80,3200
2053,2052000,80,3200
2054,2053000,80,3200
2055,2054000,80,3280
2056,2055000,0,3200
2057,2056000,80,3280
2058,2057000,80,3200
2059,2058000,160,3280
2060,2059000,80,3200
2061,2060000,80,3200
2062,2061000,80,3200
2063,2062000,160,3280
2064,2063000,0,3200
2065,2064000,0,3280
2066,2065000,80,3280
2067,2066000,160,3280
2068,2067000,0,3200
2069,2068000,80,3280
2070,2069000,80,3280
2071,2070000,80,3280
2072,2071000,80,3200
2073,2072000,80,3200
2074,2073000,0,3280
2075,2074000,160,3280
2076,2075000,0,3200
2077,2076000,80,3280
2078,2077000,80,3200
2079,2078000,80,3280
2080,2079000,0,3200
2081,2080000,80,3200
2082,2081000,80,3200
2083,2082000,160,3280
2084,2083000,0,3200
2085,2084000,80,3280
2086,2085000,80,3280
2087,2086000,160,3280
2088,2087000,0,3200
2089,2088000,0,3280
2090,2089000,160,3280
2091,2090000,160,3280
2092,2091000,0,3200
2093,2092000,80,3280
2094,2093000,80,3200
2095,2094000,160,3280
2096,2095000,0,3200
2097,2096000,80,3280
2098,2097000,0,3280
2099,2098000,80,3280
2100,2099000,0,3200
2101,2100000,0,3200
2102,2101000,80,3280
2103,2102000,160,3280
2104,2103000,80,3200
2105,2104000,80,3280
2106,2105000,80,3200
2107,2106000,160,3280
2108,2107000,0,3200
2109,2108000,80,3280
2110,2109000,80,3280
2111,2110000,240,3280
2112,2111000,80,3200
2113,2112000,80,3280
2114,2113000,80,3280
2115,2114000,80,3280
2116,2115000,0,3200
2117,2116000,80,3200
2118,2117000,80,3280
2119,2118000,160,3280
2120,2119000,80,3200
2121,2120000,80,3200
2122,2121000,80,3280
2123,2122000,160,3280
2124,2123000,80,3200
2125,2124000,80,3200
2126,2125000,80,3200
2127,2126000,80,3200
2128,2127000,80,0
2129,2128000,80,80
2130,2129000,80,0
2131,2130000,80,80
2132,2131000,0,0
2133,2132000,80,0
2134,2133000,80,80
2135,2134000,80,80
2136,2135000,0,0
2137,2136000,80,80
2138,2137000,80,80
2139,2138000,160,80
2140,2139000,0,-80
2141,2140000,0,80
2142,2141000,80,80
2143,2142000,160,80
2144,2143000,80,80
2145,2144000,80,80
2146,2145000,80,0
2147,2146000,160,80
2148,2147000,80,0
2149,2148000,160,80
2150,2149000,80,80
2151,2150000,80,80
2152,2151000,-80,0
2153,2152000,80,0
2154,2153000,80,0
2155,2154000,80,160
2156,2155000,80,0
2157,2156000,80,160
2158,2157000,80,0
2159,2158000,80,160
2160,2159000,0,0
2161,2160000,0,80
2162,2161000,160,80
2163,2162000,160,160
2164,2163000,80,80
2165,2164000,80,80
2166,2165000,80,0
2167,2166000,80,160
2168,2167000,80,0
2169,2168000,80,80
2170,2169000,80,80
2171,2170000,3520,80
2172,2171000,80,0
2173,2172000,3440,80
2174,2173000,3440,80
2175,2174000,3440,80
2176,2175000,3440,0
2177,2176000,3440,80
2178,2177000,3440,0
2179,2178000,3520,80
2180,2179000,3360,0
2181,2180000,3520,80
2182,2181000,3520,80
2183,2182000,3520,80
2184,2183000,3440,0
2185,2184000,3520,80
2186,2185000,3360,0
2187,2186000,3520,80
2188,2187000,3360,0
2189,2188000,3520,80
2190,2189000,3440,80
2191,2190000,3520,80
2192,2191000,3360,0
2193,2192000,3440,80
2194,2193000,3440,80
2195,2194000,3440,80
2196,2195000,3360,0
2197,2196000,3440,80
2198,2197000,3440,80
2199,2198000,3520,80
2200,2199000,3360,0
2201,2200000,3440,0
2202,2201000,3520,0
2203,2202000,3520,160
2204,2203000,3360,0
2205,2204000,3360,160
2206,2205000,3520,80
2207,2206000,3520,80
2208,2207000,3360,0
2209,2208000,3440,80
2210,2209000,3440,80
2211,2210000,3520,80
2212,2211000,3440,0
2213,2212000,3440,0
2214,2213000,3440,0
2215,2214000,3520,80
2216,2215000,3440,0
2217,2216000,3440,0
2218,2217000,3440,80
2219,2218000,3520,80
2220,2219000,3440,80
2221,2220000,3440,80
2222,2221000,3520,0
2223,2222000,3520,80
2224,2223000,3360,0
2225,2224000,3360,0
2226,2225000,3440,0
2227,2226000,3520,80
2228,2227000,3440,0
2229,2228000,3440,80
2230,2229000,3440,80
2231,2230000,3520,160
2232,2231000,3360,0
2233,2232000,3440,80
2234,2233000,3440,0
2235,2234000,3520,80
2236,2235000,3360,0
2237,2236000,3440,80
2238,2237000,3440,80
2239,2238000,3520,80
2240,2239000,3360,0
2241,2240000,3440,80
2242,2241000,3440,80
2243,2242000,3440,80
2244,2243000,3440,0
2245,2244000,3440,80
2246,2245000,3440,80
2247,2246000,3520,80
2248,2247000,3360,0
2249,2248000,3440,80
2250,2249000,3520,80
2251,2250000,3520,80
2252,2251000,3440,0
2253,2252000,3440,0
2254,2253000,3360,0
2255,2254000,3520,80
2256,2255000,3360,0
2257,2256000,3520,0
2258,2257000,3440,160
2259,2258000,3520,160
2260,2259000,3360,0
2261,2260000,3440,80
2262,2261000,3360,0
2263,2262000,3520,80
2264,2263000,3360,0
2265,2264000,3440,80
2266,2265000,3360,80
2267,2266000,3440,80
2268,2267000,3360,0
2269,2268000,3360,80
2270,2269000,3520,80
2271,2270000,3520,80
2272,2271000,3440,0
2273,2272000,3520,0
2274,2273000,3440,0
2275,2274000,3520,80
2276,2275000,3440,0
2277,2276000,3440,80
2278,2277000,3440,80
2279,2278000,3440,80
2280,2279000,3440,0
2281,2280000,3440,0
2282,2281000,3440,160
2283,2282000,3520,160
2284,2283000,3360,0
2285,2284000,3520,80
2286,2285000,3440,0
2287,2286000,3520,80
2288,2287000,3440,0
2289,2288000,3440,80
2290,2289000,3440,80
2291,2290000,3520,80
2292,2291000,3440,0
2293,2292000,3440,80
2294,2293000,3440,80
2295,2294000,3520,160
2296,2295000,3360,0
2297,2296000,3440,0
2298,2297000,3520,80
2299,2298000,3520,80
2300,2299000,3360,0
2301,2300000,3520,80
2302,2301000,3440,0
2303,2302000,3520,80
2304,2303000,3360,0
2305,2304000,3440,80
2306,2305000,3440,80
2307,2306000,3520,80
2308,2307000,3440,0
2309,2308000,3440,80
2310,2309000,3440,80
2311,2310000,3520,80
2312,2311000,3360,0
2313,2312000,3440,80
2314,2313000,3440,80
2315,2314000,3440,80
2316,2315000,3440,0
2317,2316000,3440,80
2318,2317000,3440,80
2319,2318000,3520,80
2320,2319000,3440,0
2321,2320000,3520,80
2322,2321000,3520,80
2323,2322000,3520,80
2324,2323000,3360,0
2325,2324000,3520,0
2326,2325000,3440,80
2327,2326000,3520,80
2328,2327000,3360,0
2329,2328000,3520,80
2330,2329000,3440,80
2331,2330000,3520,80
2332,2331000,3360,0
2333,2332000,3440,0
2334,2333000,3440,80
2335,2334000,3520,80
2336,2335000,3360,0
2337,2336000,3520,80
2338,2337000,3440,0
2339,2338000,3520,80
2340,2339000,3440,0
2341,2340000,3440,80
2342,2341000,3520,80
2343,2342000,3520,80
2344,2343000,3440,0
2345,2344000,3520,0
2346,2345000,3520,80
2347,2346000,3520,80
2348,2347000,3440,0
2349,2348000,3440,0
2350,2349000,3440,80
2351,2350000,3520,80
2352,2351000,3360,0
2353,2352000,3440,80
2354,2353000,3440,0
2355,2354000,3520,160
2356,2355000,3360,0
2357,2356000,3360,80
2358,2357000,3440,80
2359,2358000,3520,80
2360,2359000,3440,0
2361,2360000,3440,0
2362,2361000,3440,0
2363,2362000,3520,80
2364,2363000,3440,0
2365,2364000,3520,0
2366,2365000,3440,80
2367,2366000,3520,80
2368,2367000,3440,0
2369,2368000,3440,80
2370,2369000,3440,80
2371,2370000,3520,80
2372,2371000,3360,0
2373,2372000,3440,0
2374,2373000,3520,0
2375,2374000,3520,80
2376,2375000,3360,0
2377,2376000,3440,80
2378,2377000,3440,80
2379,2378000,3440,80
2380,2379000,3360,0
2381,2380000,3360,80
2382,2381000,3520,80
2383,2382000,3520,80
2384,2383000,3360,0
2385,2384000,3440,0
2386,2385000,3440,80
2387,2386000,3520,160
2388,2387000,3360,0
2389,2388000,3520,80
2390,2389000,3520,80
2391,2390000,3520,80
2392,2391000,3360,0
2393,2392000,3440,80
2394,2393000,3440,80
2395,2394000,3520,80
2396,2395000,3440,0
2397,2396000,3440,80
2398,2397000,3360,0
2399,2398000,3520,80
2400,2399000,3360,0
2401,2400000,3440,80
2402,2401000,3520,80
2403,2402000,3520,160
2404,2403000,3360,0
2405,2404000,3440,80
2406,2405000,3440,0
2407,2406000,3520,80
2408,2407000,3360,0
2409,2408000,3440,80
2410,2409000,3440,0
2411,2410000,3520,80
2412,2411000,3360,0
2413,2412000,3440,80
2414,2413000,3440,0
2415,2414000,3520,160
2416,2415000,3440,0
2417,2416000,3440,80
2418,2417000,3440,80
2419,2418000,3520,80
2420,2419000,3440,0
2421,2420000,3440,0
2422,2421000,3440,80
2423,2422000,3520,80
2424,2423000,3440,0
2425,2424000,3440,0
2426,2425000,3440,80
2427,2426000,3520,80
2428,2427000,80,0
2429,2428000,80,80
2430,2429000,80,80
2431,2430000,160,80
2432,2431000,0,0
2433,2432000,80,80
2434,2433000,80,80
2435,2434000,160,80
2436,2435000,80,0
2437,2436000,80,80
2438,2437000,80,80
2439,2438000,160,160
2440,2439000,80,0
2441,2440000,80,80
2442,2441000,80,80
2443,2442000,160,160
2444,2443000,0,0
2445,2444000,80,0
2446,2445000,80,80
2447,2446000,160,80
2448,2447000,0,0
2449,2448000,80,80
2450,2449000,0,80
2451,2450000,160,80
2452,2451000,0,0
2453,2452000,80,80
2454,2453000,160,80
2455,2454000,160,80
2456,2455000,80,0
2457,2456000,160,80
2458,2457000,80,80
2459,2458000,160,80
2460,2459000,0,80
2461,2460000,80,80
2462,2461000,80,80
2463,2462000,80,80
2464,2463000,80,80
2465,2464000,80,80
2466,2465000,80,80
2467,2466000,80,80
2468,2467000,80,0
2469,2468000,80,80
2470,2469000,80,0
2471,2470000,80,160
2472,2471000,80,0
2473,2472000,80,0
2474,2473000,80,80
2475,2474000,80,160
2476,2475000,0,0
2477,2476000,80,80
2478,2477000,80,80
2479,2478000,160,80
2480,2479000,80,0
2481,2480000,80,0
2482,2481000,3360,80
2483,2482000,3520,80
2484,2483000,3360,-80
2485,2484000,3440,0
2486,2485000,3440,80
2487,2486000,3520,160
2488,2487000,3360,0
2489,2488000,3520,80
2490,2489000,3520,80
2491,2490000,3520,80
2492,2491000,3440,0
2493,2492000,3440,80
2494,2493000,3440,0
2495,2494000,3520,80
2496,2495000,3440,-80
2497,2496000,3440,80
2498,2497000,3440,80
2499,2498000,3520,80
2500,2499000,3440,0
2501,2500000,3440,0
2502,2501000,3440,160
2503,2502000,3520,160
2504,2503000,3440,0
2505,2504000,3440,80
2506,2505000,3440,80
2507,2506000,3440,80
2508,2507000,3360,80
2509,2508000,3440,80
2510,2509000,3440,80
2511,2510000,3520,80
2512,2511000,3440,0
2513,2512000,3520,0
2514,2513000,3440,0
2515,2514000,3520,80
2516,2515000,3360,0
2517,2516000,3440,80
2518,2517000,3440,0
2519,2518000,3520,160
2520,2519000,3360,0
2521,2520000,3520,80
