Save Time:,7/14/2026 14:57,,
,,CH1,CH2
Frequency:,,2.893 Hz,?
Period:,,345.714 mS,?
SP:,,1000.000 uS,1000.000 uS
PK-PK:,,3.600 V,7.600 V
,,,
Units:(mV),,,
1,1000.000us,80,6240
2,2000.000us,80,6240
3,3000.000us,0,6160
4,4000.000us,0,6160
5,5000.000us,80,6160
6,6000.000us,80,6240
7,7000.000us,0,6160
8,8000.000us,80,6160
9,9000.000us,80,6240
10,10000.000us,80,6240
11,11000.000us,0,6160
12,12000.000us,80,6240
13,13000.000us,80,6160
14,14000.000us,160,6240
15,15000.000us,0,6160
16,16000.000us,80,6160
17,17000.000us,160,6240
18,18000.000us,160,6400
19,19000.000us,0,5760
20,20000.000us,80,5760
21,21000.000us,80,5920
22,22000.000us,160,5920
23,23000.000us,0,5760
24,24000.000us,80,5840
25,25000.000us,80,5840
26,26000.000us,80,5920
27,27000.000us,0,5840
28,28000.000us,0,5840
29,29000.000us,80,5760
30,30000.000us,160,5920
31,31000.000us,0,5760
32,32000.000us,160,5840
33,33000.000us,80,5840
34,34000.000us,160,5840
35,35000.000us,0,5760
36,36000.000us,80,5840
37,37000.000us,80,5840
38,38000.000us,160,5920
39,39000.000us,80,5760
40,40000.000us,160,5840
41,41000.000us,80,5840
42,42000.000us,80,5920
43,43000.000us,0,5840
44,44000.000us,80,5840
45,45000.000us,80,5920
46,46000.000us,160,5920
47,47000.000us,0,5760
48,48000.000us,80,5840
49,49000.000us,0,5840
50,50000.000us,80,5920
51,51000.000us,0,5760
52,52000.000us,80,5840
53,53000.000us,80,5840
54,54000.000us,80,5920
55,55000.000us,0,5760
56,56000.000us,0,5840
57,57000.000us,80,5840
58,58000.000us,80,5920
59,59000.000us,80,5760
60,60000.000us,80,5920
61,61000.000us,80,5840
62,62000.000us,3440,5920
63,63000.000us,80,5760
64,64000.000us,3440,5840
65,65000.000us,3440,5840
66,66000.000us,3520,5920
67,67000.000us,3360,5840
68,68000.000us,3440,5840
69,69000.000us,3440,5840
70,70000.000us,3520,5840
71,71000.000us,3360,5680
72,72000.000us,3440,5760
73,73000.000us,3440,5840
74,74000.000us,3520,5840
75,75000.000us,3440,5760
76,76000.000us,3520,5760
77,77000.000us,3440,5840
78,78000.000us,3440,5920
79,79000.000us,3360,5760
80,80000.000us,3440,5840
81,81000.000us,3520,5840
82,82000.000us,3520,5840
83,83000.000us,3360,5760
84,84000.000us,3440,5840
85,85000.000us,3440,5840
86,86000.000us,3520,5840
87,87000.000us,3360,5760
88,88000.000us,3520,5840
89,89000.000us,3440,5840
90,90000.000us,3520,5840
91,91000.000us,3440,5760
92,92000.000us,3440,5840
93,93000.000us,3440,5840
94,94000.000us,3520,5840
95,95000.000us,3360,5760
96,96000.000us,3440,5840
97,97000.000us,3440,5760
98,98000.000us,3520,5840
99,99000.000us,3440,5760
100,100000.000us,3440,5840
101,101000.000us,3440,5760
102,102000.000us,3520,5840
103,103000.000us,3360,5760
104,104000.000us,3440,5840
105,105000.000us,3360,5840
106,106000.000us,3520,5840
107,107000.000us,3360,5760
108,108000.000us,3440,5840
109,109000.000us,3440,5840
110,110000.000us,3520,5840
111,111000.000us,3440,5760
112,112000.000us,3440,5840
113,113000.000us,3440,5760
114,114000.000us,3520,5840
115,115000.000us,3440,5760
116,116000.000us,3440,5840
117,117000.000us,3520,5840
118,118000.000us,3520,5840
119,119000.000us,3440,5760
120,120000.000us,3440,5760
121,121000.000us,3440,5840
122,122000.000us,3520,5840
123,123000.000us,3440,5680
124,124000.000us,3440,5760
125,125000.000us,3440,5840
126,126000.000us,3520,5840
127,127000.000us,3440,5760
128,128000.000us,3440,5840
129,129000.000us,3520,5840
130,130000.000us,3520,5840
131,131000.000us,3360,5760
132,132000.000us,3440,5760
133,133000.000us,3440,5760
134,134000.000us,3520,5840
135,135000.000us,3440,5760
136,136000.000us,3440,5840
137,137000.000us,3440,5840
138,138000.000us,3520,5920
139,139000.000us,3360,5760
140,140000.000us,3360,5840
141,141000.000us,3440,5840
142,142000.000us,3520,5840
143,143000.000us,3440,5760
144,144000.000us,3440,5760
145,145000.000us,3440,5760
146,146000.000us,3520,5920
147,147000.000us,3360,5760
148,148000.000us,3520,5840
149,149000.000us,3360,5840
150,150000.000us,3520,5840
151,151000.000us,3360,5760
152,152000.000us,3520,5840
153,153000.000us,3440,5840
154,154000.000us,3520,5920
155,155000.000us,3360,5840
156,156000.000us,3440,5840
157,157000.000us,3440,5760
158,158000.000us,3440,5840
159,159000.000us,3360,5760
160,160000.000us,3440,5840
161,161000.000us,3520,5840
162,162000.000us,3520,5840
163,163000.000us,3440,5760
164,164000.000us,3440,5760
165,165000.000us,3440,5760
166,166000.000us,3520,5840
167,167000.000us,3360,5760
168,168000.000us,3440,5840
169,169000.000us,3440,5840
170,170000.000us,3440,5840
171,171000.000us,3440,5760
172,172000.000us,3440,5840
173,173000.000us,3520,5840
174,174000.000us,3520,5840
175,175000.000us,3360,5760
176,176000.000us,3440,5840
177,177000.000us,3440,5840
178,178000.000us,3520,5840
179,179000.000us,3440,5760
180,180000.000us,3440,5840
181,181000.000us,3440,5840
182,182000.000us,3520,5920
183,183000.000us,3360,5760
184,184000.000us,3440,5840
185,185000.000us,3440,5840
186,186000.000us,3440,5840
187,187000.000us,3440,5760
188,188000.000us,3440,5840
189,189000.000us,3440,5920
190,190000.000us,3520,5920
191,191000.000us,3440,5760
192,192000.000us,3520,5760
193,193000.000us,3440,5840
194,194000.000us,3520,5840
195,195000.000us,3440,5760
196,196000.000us,3440,5840
197,197000.000us,3440,5760
198,198000.000us,3520,5840
199,199000.000us,3360,5760
200,200000.000us,3440,5760
201,201000.000us,3440,5840
202,202000.000us,3520,5840
203,203000.000us,3440,5760
204,204000.000us,3440,5840
205,205000.000us,3440,5840
206,206000.000us,3520,5840
207,207000.000us,3440,5760
208,208000.000us,3440,5760
209,209000.000us,3440,5840
210,210000.000us,3520,5840
211,211000.000us,3360,5760
212,212000.000us,3520,5840
213,213000.000us,3440,5840
214,214000.000us,3520,5840
215,215000.000us,3440,5760
216,216000.000us,3440,5840
217,217000.000us,3440,5840
218,218000.000us,3520,5840
219,219000.000us,3440,5760
220,220000.000us,3440,5840
221,221000.000us,3440,5760
222,222000.000us,3520,5920
223,223000.000us,3360,5760
224,224000.000us,3520,5840
225,225000.000us,3440,5840
226,226000.000us,3520,5840
227,227000.000us,3440,5760
228,228000.000us,3520,5840
229,229000.000us,3440,5760
230,230000.000us,3520,5840
231,231000.000us,3440,5760
232,232000.000us,3520,5760
233,233000.000us,3440,5840
234,234000.000us,3520,5840
235,235000.000us,3360,5760
236,236000.000us,3440,5840
237,237000.000us,3440,5840
238,238000.000us,3520,5920
239,239000.000us,3440,5760
240,240000.000us,3440,5840
241,241000.000us,3440,5840
242,242000.000us,3440,5840
243,243000.000us,3360,5760
244,244000.000us,3440,5840
245,245000.000us,3440,5840
246,246000.000us,3520,5920
247,247000.000us,3440,5760
248,248000.000us,3440,5840
249,249000.000us,3440,5840
250,250000.000us,3520,5840
251,251000.000us,3440,5760
252,252000.000us,3440,5840
253,253000.000us,3440,5840
254,254000.000us,3440,5840
255,255000.000us,3360,5760
256,256000.000us,3440,5840
257,257000.000us,3440,5840
258,258000.000us,3520,5840
259,259000.000us,3360,5760
260,260000.000us,3440,5840
261,261000.000us,3520,5760
262,262000.000us,3520,5840
263,263000.000us,3360,5760
264,264000.000us,3440,5760
265,265000.000us,3440,5840
266,266000.000us,3440,5840
267,267000.000us,3440,5760
268,268000.000us,3440,5760
269,269000.000us,3440,5920
270,270000.000us,3520,5920
271,271000.000us,3440,5760
272,272000.000us,3440,5840
273,273000.000us,3440,5840
274,274000.000us,3520,5840
275,275000.000us,3360,5760
276,276000.000us,3520,5840
277,277000.000us,3440,5840
278,278000.000us,3520,5840
279,279000.000us,3440,5760
280,280000.000us,3440,5760
281,281000.000us,3440,5760
282,282000.000us,3520,5840
283,283000.000us,3440,5760
284,284000.000us,3440,5760
285,285000.000us,3440,5840
286,286000.000us,3520,5840
287,287000.000us,3440,5760
288,288000.000us,3520,5760
289,289000.000us,3360,5840
290,290000.000us,3520,5840
291,291000.000us,3360,5760
292,292000.000us,3360,5840
293,293000.000us,3440,5840
294,294000.000us,3440,5920
295,295000.000us,3360,5760
296,296000.000us,3440,5840
297,297000.000us,3440,5840
298,298000.000us,3440,5840
299,299000.000us,3360,5760
300,300000.000us,3360,5840
301,301000.000us,3520,5840
302,302000.000us,3520,5920
303,303000.000us,3360,5760
304,304000.000us,3440,5840
305,305000.000us,3520,5840
306,306000.000us,3520,5840
307,307000.000us,3360,5760
308,308000.000us,3360,5760
309,309000.000us,3520,5840
310,310000.000us,3520,5840
311,311000.000us,3360,5760
312,312000.000us,3440,5840
313,313000.000us,3440,5840
314,314000.000us,3520,5840
315,315000.000us,3360,5760
316,316000.000us,3440,5840
317,317000.000us,3440,5760
318,318000.000us,3520,5840
319,319000.000us,3440,5760
320,320000.000us,3440,5760
321,321000.000us,3440,5840
322,322000.000us,3440,5840
323,323000.000us,0,5760
324,324000.000us,80,5840
325,325000.000us,80,5840
326,326000.000us,160,5840
327,327000.000us,0,5760
328,328000.000us,160,5840
329,329000.000us,80,5840
330,330000.000us,80,5840
331,331000.000us,0,5760
332,332000.000us,80,5840
333,333000.000us,80,5760
334,334000.000us,80,5840
335,335000.000us,0,5760
336,336000.000us,80,5840
337,337000.000us,80,5840
338,338000.000us,160,5840
339,339000.000us,0,5760
340,340000.000us,0,5840
341,341000.000us,80,5840
342,342000.000us,160,5920
343,343000.000us,0,5760
344,344000.000us,80,5840
345,345000.000us,80,5840
346,346000.000us,160,5920
347,347000.000us,80,5760
348,348000.000us,160,5760
349,349000.000us,80,5840
350,350000.000us,160,5920
351,351000.000us,0,5760
352,352000.000us,0,5920
353,353000.000us,80,5760
354,354000.000us,80,5840
355,355000.000us,80,5760
356,356000.000us,80,5760
357,357000.000us,80,5760
358,358000.000us,80,5920
359,359000.000us,0,5760
360,360000.000us,0,5840
361,361000.000us,80,5840
362,362000.000us,80,5920
363,363000.000us,0,5760
364,364000.000us,80,5920
365,365000.000us,80,5840
366,366000.000us,80,5840
367,367000.000us,0,5760
368,368000.000us,80,5760
369,369000.000us,80,5840
370,370000.000us,80,5920
371,371000.000us,0,5760
372,372000.000us,80,5840
373,373000.000us,80,5840
374,374000.000us,3520,5840
375,375000.000us,80,5840
376,376000.000us,3440,5840
377,377000.000us,3440,5840
378,378000.000us,3440,5840
379,379000.000us,3440,5760
380,380000.000us,3440,5840
381,381000.000us,3440,5840
382,382000.000us,3520,5840
383,383000.000us,3360,5760
384,384000.000us,3360,5840
385,385000.000us,3440,5840
386,386000.000us,3520,5840
387,387000.000us,3440,5760
388,388000.000us,3520,5840
389,389000.000us,3440,5840
390,390000.000us,3520,5920
391,391000.000us,3440,5760
392,392000.000us,3520,5840
393,393000.000us,3440,5840
394,394000.000us,3520,5920
395,395000.000us,3360,5840
396,396000.000us,3520,5920
397,397000.000us,3440,5920
398,398000.000us,3440,5920
399,399000.000us,3440,5760
400,400000.000us,3440,5840
401,401000.000us,3440,5840
402,402000.000us,3520,5840
403,403000.000us,3360,5840
404,404000.000us,3360,5840
405,405000.000us,3440,5760
406,406000.000us,3520,5840
407,407000.000us,3360,5760
408,408000.000us,3520,5840
409,409000.000us,3520,5840
410,410000.000us,3520,5920
411,411000.000us,3360,5760
412,412000.000us,3520,5920
413,413000.000us,3440,5840
414,414000.000us,3520,5920
415,415000.000us,0,5760
416,416000.000us,0,5760
417,417000.000us,80,5840
418,418000.000us,160,5840
419,419000.000us,0,5840
420,420000.000us,80,5840
421,421000.000us,80,5840
422,422000.000us,80,6240
423,423000.000us,0,5840
424,424000.000us,80,6160
425,425000.000us,0,6160
426,426000.000us,160,6240
427,427000.000us,0,6160
428,428000.000us,80,6240
429,429000.000us,80,6160
430,430000.000us,80,6240
431,431000.000us,0,6160
432,432000.000us,80,6160
433,433000.000us,0,6240
434,434000.000us,80,6240
435,435000.000us,0,6080
436,436000.000us,80,6160
437,437000.000us,80,6160
438,438000.000us,160,6240
439,439000.000us,0,6160
440,440000.000us,80,6160
441,441000.000us,0,6160
442,442000.000us,80,6240
443,443000.000us,0,6160
444,444000.000us,80,6160
445,445000.000us,80,6160
446,446000.000us,160,6240
447,447000.000us,0,6160
448,448000.000us,80,6160
449,449000.000us,0,6240
450,450000.000us,160,6240
451,451000.000us,0,6160
452,452000.000us,80,6160
453,453000.000us,80,6160
454,454000.000us,160,6240
455,455000.000us,0,6160
456,456000.000us,0,6160
457,457000.000us,80,6240
458,458000.000us,160,6240
459,459000.000us,0,6160
460,460000.000us,80,6240
461,461000.000us,80,6160
462,462000.000us,160,6240
463,463000.000us,0,6160
464,464000.000us,0,6160
465,465000.000us,80,6160
466,466000.000us,80,6240
467,467000.000us,0,6160
468,468000.000us,80,6160
469,469000.000us,80,6160
470,470000.000us,160,6240
471,471000.000us,0,6160
472,472000.000us,80,6160
473,473000.000us,80,6240
474,474000.000us,80,6240
475,475000.000us,0,6160
476,476000.000us,80,6240
477,477000.000us,80,6240
478,478000.000us,160,6240
479,479000.000us,0,6160
480,480000.000us,0,6160
481,481000.000us,80,6160
482,482000.000us,80,6240
483,483000.000us,0,6160
484,484000.000us,80,6160
485,485000.000us,0,6160
486,486000.000us,160,6240
487,487000.000us,0,6160
488,488000.000us,160,6240
489,489000.000us,80,6160
490,490000.000us,160,6240
491,491000.000us,80,6160
492,492000.000us,80,6160
493,493000.000us,80,6160
494,494000.000us,80,6240
495,495000.000us,0,6160
496,496000.000us,80,6160
497,497000.000us,80,6160
498,498000.000us,80,6240
499,499000.000us,0,6160
500,500000.000us,80,6160
501,501000.000us,80,6160
502,502000.000us,80,6240
503,503000.000us,0,6160
504,504000.000us,80,6160
505,505000.000us,80,6160
506,506000.000us,160,6240
507,507000.000us,0,6160
508,508000.000us,0,6160
509,509000.000us,0,6160
510,510000.000us,160,6240
511,511000.000us,0,6160
512,512000.000us,80,6160
513,513000.000us,80,6160
514,514000.000us,80,6240
515,515000.000us,0,6160
516,516000.000us,80,6160
517,517000.000us,0,6160
518,518000.000us,80,6240
519,519000.000us,0,6160
520,520000.000us,80,6160
521,521000.000us,80,6160
522,522000.000us,160,6240
523,523000.000us,80,6080
524,524000.000us,80,6160
525,525000.000us,0,6160
526,526000.000us,160,6240
527,527000.000us,0,6160
528,528000.000us,80,6160
529,529000.000us,80,6240
530,530000.000us,80,6240
531,531000.000us,0,6160
532,532000.000us,80,6160
533,533000.000us,80,6160
534,534000.000us,160,6160
535,535000.000us,0,6160
536,536000.000us,80,6160
537,537000.000us,80,6160
538,538000.000us,160,6240
539,539000.000us,80,6160
540,540000.000us,80,6240
541,541000.000us,0,6160
542,542000.000us,80,6240
543,543000.000us,0,6160
544,544000.000us,80,6240
545,545000.000us,0,6160
546,546000.000us,80,6240
547,547000.000us,0,6160
548,548000.000us,80,6240
549,549000.000us,80,6240
550,550000.000us,80,6240
551,551000.000us,0,6160
552,552000.000us,80,6160
553,553000.000us,80,6160
554,554000.000us,80,6240
555,555000.000us,0,6080
556,556000.000us,80,6240
557,557000.000us,80,6160
558,558000.000us,80,6240
559,559000.000us,0,6160
560,560000.000us,80,6160
561,561000.000us,80,6160
562,562000.000us,80,6240
563,563000.000us,0,6160
564,564000.000us,80,6160
565,565000.000us,80,6160
566,566000.000us,160,6240
567,567000.000us,80,6160
568,568000.000us,80,6160
569,569000.000us,80,6160
570,570000.000us,80,6240
571,571000.000us,80,6160
572,572000.000us,80,6240
573,573000.000us,160,6160
574,574000.000us,160,6240
575,575000.000us,0,6160
576,576000.000us,160,6160
577,577000.000us,80,6240
578,578000.000us,80,6240
579,579000.000us,80,6160
580,580000.000us,80,6240
581,581000.000us,80,6160
582,582000.000us,80,6240
583,583000.000us,0,6160
584,584000.000us,80,6240
585,585000.000us,0,6160
586,586000.000us,80,6240
587,587000.000us,0,6160
588,588000.000us,80,6240
589,589000.000us,80,6160
590,590000.000us,80,6240
591,591000.000us,0,6160
592,592000.000us,0,6160
593,593000.000us,80,6160
594,594000.000us,80,6240
595,595000.000us,0,6160
596,596000.000us,0,6160
597,597000.000us,80,6160
598,598000.000us,160,6240
599,599000.000us,0,6160
600,600000.000us,80,6160
601,601000.000us,80,6160
602,602000.000us,80,6240
603,603000.000us,80,6160
604,604000.000us,80,6160
605,605000.000us,80,6160
606,606000.000us,160,6240
607,607000.000us,80,6160
608,608000.000us,80,6160
609,609000.000us,160,6160
610,610000.000us,160,6240
611,611000.000us,0,6160
612,612000.000us,80,6240
613,613000.000us,80,6160
614,614000.000us,80,6240
615,615000.000us,80,6160
616,616000.000us,80,6160
617,617000.000us,80,6240
618,618000.000us,160,6240
619,619000.000us,0,6080
620,620000.000us,80,6240
621,621000.000us,80,6160
622,622000.000us,160,6240
623,623000.000us,0,6160
624,624000.000us,80,6240
625,625000.000us,80,6160
626,626000.000us,160,6240
627,627000.000us,0,6080
628,628000.000us,80,6080
629,629000.000us,80,6160
630,630000.000us,80,6240
631,631000.000us,0,6160
632,632000.000us,80,6240
633,633000.000us,80,6160
634,634000.000us,80,6240
635,635000.000us,0,6160
636,636000.000us,80,6240
637,637000.000us,80,6160
638,638000.000us,160,6240
639,639000.000us,0,6160
640,640000.000us,0,6240
641,641000.000us,80,6160
642,642000.000us,80,6240
643,643000.000us,0,6160
644,644000.000us,0,6240
645,645000.000us,80,6160
646,646000.000us,160,6240
647,647000.000us,0,6080
648,648000.000us,80,6240
649,649000.000us,80,6240
650,650000.000us,160,6240
651,651000.000us,0,6160
652,652000.000us,80,6160
653,653000.000us,160,6160
654,654000.000us,160,6240
655,655000.000us,0,6160
656,656000.000us,80,6160
657,657000.000us,80,6160
658,658000.000us,160,6240
659,659000.000us,0,6160
660,660000.000us,80,6160
661,661000.000us,0,6160
662,662000.000us,160,6240
663,663000.000us,0,6160
664,664000.000us,80,6240
665,665000.000us,160,6160
666,666000.000us,160,6240
667,667000.000us,0,6160
668,668000.000us,80,6160
669,669000.000us,80,6240
670,670000.000us,160,6240
671,671000.000us,0,6160
672,672000.000us,80,6240
673,673000.000us,80,6160
674,674000.000us,80,6240
675,675000.000us,80,6160
676,676000.000us,80,6240
677,677000.000us,80,6240
678,678000.000us,80,6240
679,679000.000us,0,6160
680,680000.000us,80,6160
681,681000.000us,0,6160
682,682000.000us,80,6240
683,683000.000us,0,6160
684,684000.000us,80,6160
685,685000.000us,80,6160
686,686000.000us,80,6240
687,687000.000us,80,6160
688,688000.000us,80,6160
689,689000.000us,160,6160
690,690000.000us,160,6240
691,691000.000us,80,6160
692,692000.000us,80,6160
693,693000.000us,80,6160
694,694000.000us,80,6240
695,695000.000us,0,6160
696,696000.000us,80,6160
697,697000.000us,80,6240
698,698000.000us,160,6240
699,699000.000us,0,6160
700,700000.000us,80,6160
701,701000.000us,160,6240
702,702000.000us,160,6240
703,703000.000us,0,6160
704,704000.000us,80,6160
705,705000.000us,80,6160
706,706000.000us,80,6240
707,707000.000us,80,6160
708,708000.000us,80,6160
709,709000.000us,80,6160
710,710000.000us,160,6240
711,711000.000us,0,6160
712,712000.000us,80,6240
713,713000.000us,80,6160
714,714000.000us,160,6240
715,715000.000us,0,6080
716,716000.000us,80,6160
717,717000.000us,80,6240
718,718000.000us,80,6240
719,719000.000us,0,6160
720,720000.000us,80,6160
721,721000.000us,80,5840
722,722000.000us,160,5840
723,723000.000us,0,5760
724,724000.000us,80,5760
725,725000.000us,80,5840
726,726000.000us,80,5840
727,727000.000us,0,5840
728,728000.000us,80,5840
729,729000.000us,80,5840
730,730000.000us,80,5840
731,731000.000us,0,5760
732,732000.000us,80,5760
733,733000.000us,80,5840
734,734000.000us,80,5840
735,735000.000us,0,5760
736,736000.000us,0,5840
737,737000.000us,80,5760
738,738000.000us,160,5920
739,739000.000us,0,5760
740,740000.000us,80,5920
741,741000.000us,80,5840
742,742000.000us,80,5840
743,743000.000us,80,5840
744,744000.000us,80,5840
745,745000.000us,80,5840
746,746000.000us,80,5920
747,747000.000us,0,5840
748,748000.000us,80,5840
749,749000.000us,0,5760
750,750000.000us,160,5920
751,751000.000us,0,5760
752,752000.000us,0,5840
753,753000.000us,80,5920
754,754000.000us,80,5920
755,755000.000us,0,5760
756,756000.000us,80,5840
757,757000.000us,80,5840
758,758000.000us,160,5920
759,759000.000us,0,5840
760,760000.000us,80,5840
761,761000.000us,80,5840
762,762000.000us,160,5840
763,763000.000us,0,5840
764,764000.000us,160,5840
765,765000.000us,80,5840
766,766000.000us,3520,5920
767,767000.000us,80,5760
768,768000.000us,3360,5840
769,769000.000us,3520,5840
770,770000.000us,3520,5840
771,771000.000us,3360,5840
772,772000.000us,3440,5840
773,773000.000us,3360,5840
774,774000.000us,3520,5840
775,775000.000us,3360,5760
776,776000.000us,3440,5840
777,777000.000us,3440,5760
778,778000.000us,3520,5840
779,779000.000us,3360,5760
780,780000.000us,3360,5760
781,781000.000us,3440,5760
782,782000.000us,3520,5840
783,783000.000us,3360,5760
784,784000.000us,3440,5760
785,785000.000us,3440,5840
786,786000.000us,3520,5840
787,787000.000us,3440,5760
788,788000.000us,3440,5840
789,789000.000us,3440,5840
790,790000.000us,3520,5920
791,791000.000us,3360,5760
792,792000.000us,3440,5760
793,793000.000us,3440,5760
794,794000.000us,3440,5920
795,795000.000us,3360,5760
796,796000.000us,3440,5840
797,797000.000us,3440,5840
798,798000.000us,3520,5840
799,799000.000us,3360,5760
800,800000.000us,3520,5840
801,801000.000us,3440,5840
802,802000.000us,3440,5840
803,803000.000us,3440,5760
804,804000.000us,3440,5840
805,805000.000us,3440,5840
806,806000.000us,3520,5840
807,807000.000us,3440,5760
808,808000.000us,3440,5840
809,809000.000us,3520,5760
810,810000.000us,3520,5840
811,811000.000us,3440,5760
812,812000.000us,3440,5840
813,813000.000us,3440,5840
814,814000.000us,3520,5840
815,815000.000us,3360,5760
816,816000.000us,3440,5840
817,817000.000us,3440,5840
818,818000.000us,3520,5840
819,819000.000us,3440,5760
820,820000.000us,3440,5840
821,821000.000us,3440,5840
822,822000.000us,3440,5840
823,823000.000us,3360,5760
824,824000.000us,3440,5840
825,825000.000us,3440,5840
826,826000.000us,3520,5840
827,827000.000us,3360,5760
828,828000.000us,3360,5840
829,829000.000us,3440,5840
830,830000.000us,3520,5840
831,831000.000us,3360,5760
832,832000.000us,3520,5840
833,833000.000us,3440,5840
834,834000.000us,3520,5840
835,835000.000us,3360,5760
836,836000.000us,3360,5840
837,837000.000us,3440,5840
838,838000.000us,3440,5840
839,839000.000us,3360,5760
840,840000.000us,3440,5760
841,841000.000us,3440,5760
842,842000.000us,3520,5840
843,843000.000us,3360,5760
844,844000.000us,3440,5760
845,845000.000us,3520,5840
846,846000.000us,3520,5840
847,847000.000us,3360,5760
848,848000.000us,3440,5760
849,849000.000us,3440,5920
850,850000.000us,3440,5920
851,851000.000us,3360,5760
852,852000.000us,3440,5840
853,853000.000us,3440,5840
854,854000.000us,3520,5840
855,855000.000us,3360,5760
856,856000.000us,3360,5840
857,857000.000us,3360,5760
858,858000.000us,3520,5920
859,859000.000us,3360,5680
860,860000.000us,3440,5840
861,861000.000us,3440,5760
862,862000.000us,3520,5920
863,863000.000us,3360,5760
864,864000.000us,3520,5760
865,865000.000us,3440,5840
866,866000.000us,3520,5840
867,867000.000us,3440,5760
868,868000.000us,3440,5840
869,869000.000us,3440,5840
870,870000.000us,3440,5840
871,871000.000us,3360,5760
872,872000.000us,3440,5760
873,873000.000us,3440,5840
874,874000.000us,3520,5840
875,875000.000us,3360,5760
876,876000.000us,3440,5840
877,877000.000us,3440,5840
878,878000.000us,3520,5840
879,879000.000us,3360,5840
880,880000.000us,3360,5840
881,881000.000us,3440,5840
882,882000.000us,3440,5840
883,883000.000us,3360,5760
884,884000.000us,3440,5760
885,885000.000us,3520,5840
886,886000.000us,3520,5920
887,887000.000us,3360,5840
888,888000.000us,3360,5840
889,889000.000us,3440,5840
890,890000.000us,3520,5840
891,891000.000us,3360,5760
892,892000.000us,3440,5760
893,893000.000us,3440,5760
894,894000.000us,3520,5840
895,895000.000us,3440,5760
896,896000.000us,3440,5840
897,897000.000us,3440,5840
898,898000.000us,3520,5840
899,899000.000us,3360,5760
900,900000.000us,3440,5840
901,901000.000us,3440,5840
902,902000.000us,3520,5840
903,903000.000us,3360,5760
904,904000.000us,3440,5840
905,905000.000us,3440,5920
906,906000.000us,3440,5920
907,907000.000us,3360,5760
908,908000.000us,3360,5840
909,909000.000us,3440,5840
910,910000.000us,3520,5840
911,911000.000us,3360,5760
912,912000.000us,3440,5840
913,913000.000us,3440,5840
914,914000.000us,3520,5840
915,915000.000us,3360,5760
916,916000.000us,3440,5840
917,917000.000us,3440,5840
918,918000.000us,3520,5840
919,919000.000us,3360,5760
920,920000.000us,3440,5840
921,921000.000us,3440,5760
922,922000.000us,3520,5840
923,923000.000us,3440,5760
924,924000.000us,3520,5840
925,925000.000us,3440,5840
926,926000.000us,3520,5840
927,927000.000us,3440,5760
928,928000.000us,3520,5760
929,929000.000us,3520,5840
930,930000.000us,3520,5840
931,931000.000us,3360,5760
932,932000.000us,3440,5760
933,933000.000us,3440,5760
934,934000.000us,3520,5840
935,935000.000us,3360,5760
936,936000.000us,3520,5840
937,937000.000us,3520,5840
938,938000.000us,3520,5840
939,939000.000us,3440,5760
940,940000.000us,3440,5760
941,941000.000us,3520,5840
942,942000.000us,3520,5920
943,943000.000us,3440,5760
944,944000.000us,3520,5840
945,945000.000us,3440,5840
946,946000.000us,3520,5920
947,947000.000us,3440,5840
948,948000.000us,3440,5840
949,949000.000us,3440,5760
950,950000.000us,3440,5920
951,951000.000us,3360,5760
952,952000.000us,3440,5840
953,953000.000us,3520,5840
954,954000.000us,3520,5840
955,955000.000us,3360,5760
956,956000.000us,3440,5840
957,957000.000us,3520,5760
958,958000.000us,3520,5840
959,959000.000us,3360,5760
960,960000.000us,3440,5840
961,961000.000us,3440,5840
962,962000.000us,3440,5840
963,963000.000us,3360,5760
964,964000.000us,3440,5760
965,965000.000us,3440,5760
966,966000.000us,3520,5840
967,967000.000us,3440,5760
968,968000.000us,3440,5840
969,969000.000us,3440,5760
970,970000.000us,3520,5840
971,971000.000us,3360,5760
972,972000.000us,3440,5840
973,973000.000us,3440,5760
974,974000.000us,3520,5840
975,975000.000us,3440,5760
976,976000.000us,3440,5760
977,977000.000us,3440,5760
978,978000.000us,3520,5840
979,979000.000us,3360,5760
980,980000.000us,3440,5760
981,981000.000us,3440,5840
982,982000.000us,3520,5920
983,983000.000us,3360,5760
984,984000.000us,3440,5760
985,985000.000us,3440,5760
986,986000.000us,3520,5920
987,987000.000us,3360,5760
988,988000.000us,3440,5840
989,989000.000us,3440,5840
990,990000.000us,3520,5840
991,991000.000us,3440,5760
992,992000.000us,3440,5840
993,993000.000us,3440,5760
994,994000.000us,3440,5840
995,995000.000us,3360,5760
996,996000.000us,3440,5840
997,997000.000us,3440,5840
998,998000.000us,3440,5920
999,999000.000us,3360,5760
1000,1000000.000us,3440,5840
1001,1001000.000us,3520,5840
1002,1002000.000us,3520,5840
1003,1003000.000us,3360,5760
1004,1004000.000us,3440,5840
1005,1005000.000us,3440,5840
1006,1006000.000us,3440,5920
1007,1007000.000us,3440,5760
1008,1008000.000us,3440,5840
1009,1009000.000us,3440,5840
1010,1010000.000us,3520,5840
1011,1011000.000us,3360,5760
1012,1012000.000us,3520,5760
1013,1013000.000us,3440,5840
1014,1014000.000us,3520,5840
1015,1015000.000us,3360,5760
1016,1016000.000us,3520,5840
1017,1017000.000us,3440,5760
1018,1018000.000us,3440,5840
1019,1019000.000us,3360,5760
1020,1020000.000us,3360,5760
1021,1021000.000us,3440,5840
1022,1022000.000us,3520,5840
1023,1023000.000us,160,5760
1024,1024000.000us,160,5840
1025,1025000.000us,80,5840
1026,1026000.000us,160,5840
1027,1027000.000us,0,5760
1028,1028000.000us,80,5840
1029,1029000.000us,80,5840
1030,1030000.000us,160,5840
1031,1031000.000us,80,5760
1032,1032000.000us,80,5760
1033,1033000.000us,80,5760
1034,1034000.000us,80,5840
1035,1035000.000us,0,5760
1036,1036000.000us,80,5760
1037,1037000.000us,80,5840
1038,1038000.000us,80,5840
1039,1039000.000us,80,5760
1040,1040000.000us,80,5840
1041,1041000.000us,0,5840
1042,1042000.000us,160,5840
1043,1043000.000us,0,5760
1044,1044000.000us,80,5840
1045,1045000.000us,160,5840
1046,1046000.000us,160,5840
1047,1047000.000us,80,5760
1048,1048000.000us,80,5840
1049,1049000.000us,80,5840
1050,1050000.000us,80,5840
1051,1051000.000us,80,5760
1052,1052000.000us,80,5840
1053,1053000.000us,80,5840
1054,1054000.000us,80,5840
1055,1055000.000us,0,5680
1056,1056000.000us,80,5840
1057,1057000.000us,80,5760
1058,1058000.000us,80,5920
1059,1059000.000us,80,5760
1060,1060000.000us,80,5840
1061,1061000.000us,160,5920
1062,1062000.000us,160,5920
1063,1063000.000us,0,5760
1064,1064000.000us,80,5840
1065,1065000.000us,80,5840
1066,1066000.000us,80,5840
1067,1067000.000us,0,5760
1068,1068000.000us,0,5760
1069,1069000.000us,0,5840
1070,1070000.000us,80,5840
1071,1071000.000us,0,5760
1072,1072000.000us,80,5840
1073,1073000.000us,160,5840
1074,1074000.000us,3360,5840
1075,1075000.000us,0,5840
1076,1076000.000us,3360,5840
1077,1077000.000us,3440,5840
1078,1078000.000us,3520,5920
1079,1079000.000us,3440,5840
1080,1080000.000us,3440,5920
1081,1081000.000us,3440,5840
1082,1082000.000us,3520,5920
1083,1083000.000us,3360,5840
1084,1084000.000us,3440,5840
1085,1085000.000us,3440,5840
1086,1086000.000us,3520,5920
1087,1087000.000us,3360,5840
1088,1088000.000us,3440,5840
1089,1089000.000us,3520,5840
1090,1090000.000us,3520,5840
1091,1091000.000us,3440,5840
1092,1092000.000us,3440,5840
1093,1093000.000us,3440,5840
1094,1094000.000us,3520,5920
1095,1095000.000us,3440,5760
1096,1096000.000us,3440,5840
1097,1097000.000us,3440,5840
1098,1098000.000us,3520,5840
1099,1099000.000us,3440,5760
1100,1100000.000us,3440,5840
1101,1101000.000us,3440,5840
1102,1102000.000us,3440,5920
1103,1103000.000us,3440,5840
1104,1104000.000us,3440,5920
1105,1105000.000us,3440,5840
1106,1106000.000us,3520,5920
1107,1107000.000us,3360,5760
1108,1108000.000us,3440,5760
1109,1109000.000us,3440,5840
1110,1110000.000us,3520,5840
1111,1111000.000us,3440,5760
1112,1112000.000us,3440,5840
1113,1113000.000us,3520,5840
1114,1114000.000us,3520,5920
1115,1115000.000us,3440,5840
1116,1116000.000us,3440,5840
1117,1117000.000us,3440,5840
1118,1118000.000us,3520,5840
1119,1119000.000us,80,5760
1120,1120000.000us,80,5840
1121,1121000.000us,80,5840
1122,1122000.000us,160,5920
1123,1123000.000us,80,5840
1124,1124000.000us,80,5840
1125,1125000.000us,80,5760
1126,1126000.000us,80,6240
1127,1127000.000us,0,5760
1128,1128000.000us,80,6160
1129,1129000.000us,80,6240
1130,1130000.000us,80,6240
1131,1131000.000us,0,6080
1132,1132000.000us,80,6160
1133,1133000.000us,160,6160
1134,1134000.000us,160,6240
1135,1135000.000us,80,6160
1136,1136000.000us,80,6160
1137,1137000.000us,80,6160
1138,1138000.000us,160,6240
1139,1139000.000us,80,6160
1140,1140000.000us,80,6160
1141,1141000.000us,80,6160
1142,1142000.000us,80,6240
1143,1143000.000us,0,6160
1144,1144000.000us,80,6160
1145,1145000.000us,80,6160
1146,1146000.000us,80,6240
1147,1147000.000us,0,6160
1148,1148000.000us,80,6160
1149,1149000.000us,80,6160
1150,1150000.000us,160,6240
1151,1151000.000us,80,6160
1152,1152000.000us,160,6160
1153,1153000.000us,0,6160
1154,1154000.000us,80,6240
1155,1155000.000us,0,6160
1156,1156000.000us,80,6240
1157,1157000.000us,80,6240
1158,1158000.000us,160,6240
1159,1159000.000us,0,6160
1160,1160000.000us,80,6160
1161,1161000.000us,80,6160
1162,1162000.000us,80,6240
1163,1163000.000us,0,6160
1164,1164000.000us,80,6240
1165,1165000.000us,80,6160
1166,1166000.000us,160,6240
1167,1167000.000us,0,6160
1168,1168000.000us,160,6160
1169,1169000.000us,0,6160
1170,1170000.000us,80,6240
1171,1171000.000us,0,6160
1172,1172000.000us,0,6160
1173,1173000.000us,80,6240
1174,1174000.000us,80,6240
1175,1175000.000us,0,6080
1176,1176000.000us,80,6160
1177,1177000.000us,80,6240
1178,1178000.000us,80,6240
1179,1179000.000us,0,6160
1180,1180000.000us,80,6160
1181,1181000.000us,0,6160
1182,1182000.000us,160,6240
1183,1183000.000us,0,6160
1184,1184000.000us,80,6160
1185,1185000.000us,80,6160
1186,1186000.000us,80,6240
1187,1187000.000us,0,6160
1188,1188000.000us,0,6160
1189,1189000.000us,80,6160
1190,1190000.000us,80,6160
1191,1191000.000us,0,6080
1192,1192000.000us,80,6160
1193,1193000.000us,80,6160
1194,1194000.000us,80,6240
1195,1195000.000us,80,6160
1196,1196000.000us,80,6160
1197,1197000.000us,80,6160
1198,1198000.000us,80,6240
1199,1199000.000us,80,6160
1200,1200000.000us,80,6160
1201,1201000.000us,80,6240
1202,1202000.000us,80,6240
1203,1203000.000us,80,6160
1204,1204000.000us,80,6160
1205,1205000.000us,80,6160
1206,1206000.000us,160,6240
1207,1207000.000us,0,6160
1208,1208000.000us,80,6160
1209,1209000.000us,80,6160
1210,1210000.000us,80,6240
1211,1211000.000us,0,6160
1212,1212000.000us,80,6160
1213,1213000.000us,80,6160
1214,1214000.000us,80,6240
1215,1215000.000us,0,6160
1216,1216000.000us,80,6160
1217,1217000.000us,0,6240
1218,1218000.000us,80,6240
1219,1219000.000us,0,6160
1220,1220000.000us,80,6160
1221,1221000.000us,80,6160
1222,1222000.000us,80,6240
1223,1223000.000us,0,6160
1224,1224000.000us,80,6160
1225,1225000.000us,80,6160
1226,1226000.000us,160,6240
1227,1227000.000us,0,6160
1228,1228000.000us,80,6160
1229,1229000.000us,80,6240
1230,1230000.000us,160,6240
1231,1231000.000us,0,6160
1232,1232000.000us,80,6240
1233,1233000.000us,80,6160
1234,1234000.000us,80,6240
1235,1235000.000us,0,6160
1236,1236000.000us,0,6160
1237,1237000.000us,80,6160
1238,1238000.000us,80,6240
1239,1239000.000us,0,6160
1240,1240000.000us,80,6160
1241,1241000.000us,80,6240
1242,1242000.000us,160,6240
1243,1243000.000us,80,6160
1244,1244000.000us,80,6160
1245,1245000.000us,80,6160
1246,1246000.000us,80,6240
1247,1247000.000us,0,6160
1248,1248000.000us,80,6160
1249,1249000.000us,80,6160
1250,1250000.000us,80,6240
1251,1251000.000us,80,6160
1252,1252000.000us,80,6160
1253,1253000.000us,80,6160
1254,1254000.000us,160,6240
1255,1255000.000us,0,6160
1256,1256000.000us,0,6160
1257,1257000.000us,80,6160
1258,1258000.000us,160,6240
1259,1259000.000us,0,6160
1260,1260000.000us,80,6160
1261,1261000.000us,80,6160
1262,1262000.000us,160,6160
1263,1263000.000us,0,6080
1264,1264000.000us,80,6160
1265,1265000.000us,80,6160
1266,1266000.000us,160,6240
1267,1267000.000us,0,6160
1268,1268000.000us,160,6160
1269,1269000.000us,80,6160
1270,1270000.000us,80,6240
1271,1271000.000us,0,6160
1272,1272000.000us,80,6160
1273,1273000.000us,80,6240
1274,1274000.000us,160,6240
1275,1275000.000us,0,6160
1276,1276000.000us,0,6240
1277,1277000.000us,80,6160
1278,1278000.000us,80,6240
1279,1279000.000us,0,6160
1280,1280000.000us,80,6160
1281,1281000.000us,0,6240
1282,1282000.000us,80,6240
1283,1283000.000us,0,6160
1284,1284000.000us,80,6160
1285,1285000.000us,80,6160
1286,1286000.000us,160,6240
1287,1287000.000us,80,6160
1288,1288000.000us,80,6160
1289,1289000.000us,80,6160
1290,1290000.000us,80,6240
1291,1291000.000us,80,6080
1292,1292000.000us,80,6080
1293,1293000.000us,80,6160
1294,1294000.000us,80,6240
1295,1295000.000us,0,6160
1296,1296000.000us,80,6160
1297,1297000.000us,80,6160
1298,1298000.000us,160,6240
1299,1299000.000us,0,6160
1300,1300000.000us,160,6160
1301,1301000.000us,80,6160
1302,1302000.000us,160,6240
1303,1303000.000us,0,6160
1304,1304000.000us,160,6160
1305,1305000.000us,80,6160
1306,1306000.000us,80,6240
1307,1307000.000us,0,6080
1308,1308000.000us,0,6160
1309,1309000.000us,80,6160
1310,1310000.000us,80,6240
1311,1311000.000us,0,6160
1312,1312000.000us,0,6160
1313,1313000.000us,80,6160
1314,1314000.000us,80,6240
1315,1315000.000us,0,6160
1316,1316000.000us,80,6160
1317,1317000.000us,0,6160
1318,1318000.000us,80,6240
1319,1319000.000us,0,6160
1320,1320000.000us,80,6160
1321,1321000.000us,160,6160
1322,1322000.000us,160,6240
1323,1323000.000us,0,6160
1324,1324000.000us,80,6240
1325,1325000.000us,80,6160
1326,1326000.000us,80,6240
1327,1327000.000us,80,6080
1328,1328000.000us,80,6160
1329,1329000.000us,80,6160
1330,1330000.000us,80,6240
1331,1331000.000us,80,6160
1332,1332000.000us,80,6160
1333,1333000.000us,80,6240
1334,1334000.000us,80,6240
1335,1335000.000us,0,6160
1336,1336000.000us,0,6240
1337,1337000.000us,80,6160
1338,1338000.000us,80,6240
1339,1339000.000us,80,6160
1340,1340000.000us,80,6240
1341,1341000.000us,80,6160
1342,1342000.000us,160,6240
1343,1343000.000us,0,6160
1344,1344000.000us,80,6160
1345,1345000.000us,80,6240
1346,1346000.000us,80,6240
1347,1347000.000us,0,6160
1348,1348000.000us,80,6240
1349,1349000.000us,80,6160
1350,1350000.000us,160,6240
1351,1351000.000us,80,6160
1352,1352000.000us,80,6240
1353,1353000.000us,80,6240
1354,1354000.000us,80,6240
1355,1355000.000us,0,6160
1356,1356000.000us,80,6160
1357,1357000.000us,80,6160
1358,1358000.000us,80,6320
1359,1359000.000us,0,6160
1360,1360000.000us,80,6160
1361,1361000.000us,80,6160
1362,1362000.000us,80,6240
1363,1363000.000us,0,6160
1364,1364000.000us,80,6160
1365,1365000.000us,80,6160
1366,1366000.000us,160,6240
1367,1367000.000us,80,6160
1368,1368000.000us,80,6160
1369,1369000.000us,80,6160
1370,1370000.000us,160,6240
1371,1371000.000us,80,6160
1372,1372000.000us,80,6160
1373,1373000.000us,0,6160
1374,1374000.000us,80,6240
1375,1375000.000us,0,6160
1376,1376000.000us,80,6240
1377,1377000.000us,80,6160
1378,1378000.000us,160,6240
1379,1379000.000us,80,6160
1380,1380000.000us,160,6160
1381,1381000.000us,80,6160
1382,1382000.000us,160,6240
1383,1383000.000us,0,6160
1384,1384000.000us,160,6160
1385,1385000.000us,80,6160
1386,1386000.000us,80,6240
1387,1387000.000us,0,6160
1388,1388000.000us,0,6160
1389,1389000.000us,0,6160
1390,1390000.000us,160,6160
1391,1391000.000us,0,6160
1392,1392000.000us,80,6160
1393,1393000.000us,80,6160
1394,1394000.000us,80,6240
1395,1395000.000us,0,6160
1396,1396000.000us,80,6240
1397,1397000.000us,80,6160
1398,1398000.000us,80,6240
1399,1399000.000us,0,6160
1400,1400000.000us,0,6240
1401,1401000.000us,0,6240
1402,1402000.000us,80,6240
1403,1403000.000us,0,6160
1404,1404000.000us,80,6160
1405,1405000.000us,160,6240
1406,1406000.000us,160,6240
1407,1407000.000us,0,6160
1408,1408000.000us,80,6160
1409,1409000.000us,0,6240
1410,1410000.000us,160,6240
1411,1411000.000us,0,6160
1412,1412000.000us,160,6160
1413,1413000.000us,80,6160
1414,1414000.000us,160,6240
1415,1415000.000us,0,6160
1416,1416000.000us,80,6160
1417,1417000.000us,80,6160
1418,1418000.000us,80,6160
1419,1419000.000us,80,6160
1420,1420000.000us,80,6160
1421,1421000.000us,80,6160
1422,1422000.000us,80,6240
1423,1423000.000us,0,5840
1424,1424000.000us,0,5840
1425,1425000.000us,80,5840
1426,1426000.000us,80,5920
1427,1427000.000us,80,5760
1428,1428000.000us,80,5840
1429,1429000.000us,0,5840
1430,1430000.000us,80,5920
1431,1431000.000us,0,5760
1432,1432000.000us,80,5840
1433,1433000.000us,80,5840
1434,1434000.000us,80,5840
1435,1435000.000us,0,5760
1436,1436000.000us,80,5840
1437,1437000.000us,80,5840
1438,1438000.000us,80,5920
1439,1439000.000us,0,5760
1440,1440000.000us,80,5840
1441,1441000.000us,80,5840
1442,1442000.000us,160,5840
1443,1443000.000us,0,5760
1444,1444000.000us,0,5840
1445,1445000.000us,80,5840
1446,1446000.000us,160,5920
1447,1447000.000us,0,5760
1448,1448000.000us,80,5920
1449,1449000.000us,80,5840
1450,1450000.000us,160,6000
1451,1451000.000us,80,5840
1452,1452000.000us,80,6000
1453,1453000.000us,80,5840
1454,1454000.000us,80,5840
1455,1455000.000us,80,5840
1456,1456000.000us,80,5840
1457,1457000.000us,0,5840
1458,1458000.000us,80,5920
1459,1459000.000us,0,5760
1460,1460000.000us,0,5840
1461,1461000.000us,80,5760
1462,1462000.000us,80,5920
1463,1463000.000us,80,5760
1464,1464000.000us,80,5920
1465,1465000.000us,80,5840
1466,1466000.000us,160,5920
1467,1467000.000us,0,5760
1468,1468000.000us,80,5920
1469,1469000.000us,3440,5840
1470,1470000.000us,3520,5920
1471,1471000.000us,3360,5760
1472,1472000.000us,3520,5920
1473,1473000.000us,3440,5840
1474,1474000.000us,3520,5920
1475,1475000.000us,3440,5760
1476,1476000.000us,3440,5760
1477,1477000.000us,3440,5840
1478,1478000.000us,3440,5840
1479,1479000.000us,3360,5760
1480,1480000.000us,3360,5760
1481,1481000.000us,3360,5840
1482,1482000.000us,3520,5920
1483,1483000.000us,3360,5760
1484,1484000.000us,3440,5760
1485,1485000.000us,3440,5760
1486,1486000.000us,3520,5840
1487,1487000.000us,3440,5760
1488,1488000.000us,3520,5760
1489,1489000.000us,3440,5840
1490,1490000.000us,3520,5840
1491,1491000.000us,3440,5760
1492,1492000.000us,3440,5760
1493,1493000.000us,3520,5920
1494,1494000.000us,3520,5920
1495,1495000.000us,3440,5760
1496,1496000.000us,3440,5840
1497,1497000.000us,3520,5840
1498,1498000.000us,3520,5840
1499,1499000.000us,3440,5760
1500,1500000.000us,3440,5840
1501,1501000.000us,3440,5840
1502,1502000.000us,3520,5840
1503,1503000.000us,3440,5760
1504,1504000.000us,3520,5840
1505,1505000.000us,3440,5760
1506,1506000.000us,3440,5840
1507,1507000.000us,3360,5760
1508,1508000.000us,3360,5840
1509,1509000.000us,3440,5840
1510,1510000.000us,3440,5840
1511,1511000.000us,3360,5760
1512,1512000.000us,3440,5840
1513,1513000.000us,3520,5840
1514,1514000.000us,3520,5840
1515,1515000.000us,3440,5760
1516,1516000.000us,3440,5840
1517,1517000.000us,3440,5840
1518,1518000.000us,3440,5840
1519,1519000.000us,3360,5760
1520,1520000.000us,3360,5840
1521,1521000.000us,3440,5840
1522,1522000.000us,3520,5840
1523,1523000.000us,3360,5760
1524,1524000.000us,3440,5840
1525,1525000.000us,3440,5840
1526,1526000.000us,3520,5840
1527,1527000.000us,3440,5760
1528,1528000.000us,3440,5840
1529,1529000.000us,3440,5840
1530,1530000.000us,3520,5920
1531,1531000.000us,3360,5760
1532,1532000.000us,3440,5920
1533,1533000.000us,3440,5840
1534,1534000.000us,3440,5920
1535,1535000.000us,3360,5760
1536,1536000.000us,3440,5840
1537,1537000.000us,3440,5840
1538,1538000.000us,3520,5840
1539,1539000.000us,3360,5760
1540,1540000.000us,3440,5840
1541,1541000.000us,3440,5840
1542,1542000.000us,3520,5920
1543,1543000.000us,3440,5760
1544,1544000.000us,3440,5760
1545,1545000.000us,3440,5840
1546,1546000.000us,3520,5920
1547,1547000.000us,3440,5760
1548,1548000.000us,3440,5920
1549,1549000.000us,3440,5840
1550,1550000.000us,3520,5920
1551,1551000.000us,3440,5760
1552,1552000.000us,3440,5920
1553,1553000.000us,3440,5760
1554,1554000.000us,3440,5840
1555,1555000.000us,3360,5760
1556,1556000.000us,3440,5840
1557,1557000.000us,3520,5840
1558,1558000.000us,3520,5920
1559,1559000.000us,3440,5760
1560,1560000.000us,3440,5840
1561,1561000.000us,3440,5840
1562,1562000.000us,3520,5920
1563,1563000.000us,3440,5760
1564,1564000.000us,3440,5840
1565,1565000.000us,3440,5760
1566,1566000.000us,3440,5840
1567,1567000.000us,3360,5760
1568,1568000.000us,3440,5760
1569,1569000.000us,3440,5840
1570,1570000.000us,3520,5840
1571,1571000.000us,3360,5760
1572,1572000.000us,3520,5840
1573,1573000.000us,3520,5760
1574,1574000.000us,3520,5840
1575,1575000.000us,3440,5760
1576,1576000.000us,3520,5840
1577,1577000.000us,3440,5840
1578,1578000.000us,3440,5840
1579,1579000.000us,3440,5760
1580,1580000.000us,3440,5840
1581,1581000.000us,3440,5840
1582,1582000.000us,3520,5840
1583,1583000.000us,3360,5760
1584,1584000.000us,3440,5760
1585,1585000.000us,3440,5760
1586,1586000.000us,3520,5840
1587,1587000.000us,3360,5760
1588,1588000.000us,3360,5840
1589,1589000.000us,3440,5840
1590,1590000.000us,3520,5840
1591,1591000.000us,3360,5760
1592,1592000.000us,3440,5760
1593,1593000.000us,3440,5840
1594,1594000.000us,3520,5840
1595,1595000.000us,3440,5840
1596,1596000.000us,3520,5840
1597,1597000.000us,3360,5840
1598,1598000.000us,3520,5920
1599,1599000.000us,3360,5760
1600,1600000.000us,3440,5840
1601,1601000.000us,3440,5760
1602,1602000.000us,3520,5840
1603,1603000.000us,3440,5760
1604,1604000.000us,3440,5840
1605,1605000.000us,3520,5760
1606,1606000.000us,3520,5920
1607,1607000.000us,3440,5760
1608,1608000.000us,3440,5760
1609,1609000.000us,3440,5840
1610,1610000.000us,3520,5840
1611,1611000.000us,3360,5760
1612,1612000.000us,3440,5840
1613,1613000.000us,3520,5840
1614,1614000.000us,3520,5840
1615,1615000.000us,3360,5760
1616,1616000.000us,3440,5840
1617,1617000.000us,3440,5840
1618,1618000.000us,3520,5840
1619,1619000.000us,3360,5760
1620,1620000.000us,3440,5760
1621,1621000.000us,3360,5840
1622,1622000.000us,3520,5920
1623,1623000.000us,3360,5760
1624,1624000.000us,3440,5760
1625,1625000.000us,3440,5840
1626,1626000.000us,3520,5840
1627,1627000.000us,3440,5760
1628,1628000.000us,3440,5840
1629,1629000.000us,3440,5840
1630,1630000.000us,3520,5920
1631,1631000.000us,3440,5760
1632,1632000.000us,3440,5840
1633,1633000.000us,3440,5840
1634,1634000.000us,3440,5840
1635,1635000.000us,3440,5760
1636,1636000.000us,3440,5760
1637,1637000.000us,3520,5760
1638,1638000.000us,3520,5840
1639,1639000.000us,3440,5760
1640,1640000.000us,3440,5840
1641,1641000.000us,3360,5840
1642,1642000.000us,3520,5920
1643,1643000.000us,3360,5760
1644,1644000.000us,3440,5920
1645,1645000.000us,3360,5760
1646,1646000.000us,3520,5840
1647,1647000.000us,3360,5760
1648,1648000.000us,3440,5840
1649,1649000.000us,3520,5840
1650,1650000.000us,3520,5840
1651,1651000.000us,3440,5760
1652,1652000.000us,3440,5840
1653,1653000.000us,3440,5760
1654,1654000.000us,3520,5840
1655,1655000.000us,3360,5760
1656,1656000.000us,3440,5840
1657,1657000.000us,3440,5840
1658,1658000.000us,3520,5840
1659,1659000.000us,3360,5760
1660,1660000.000us,3440,5840
1661,1661000.000us,3520,5840
1662,1662000.000us,3520,5840
1663,1663000.000us,3360,5760
1664,1664000.000us,3360,5760
1665,1665000.000us,3440,5840
1666,1666000.000us,3520,5840
1667,1667000.000us,3440,5760
1668,1668000.000us,3440,5840
1669,1669000.000us,3440,5840
1670,1670000.000us,3520,5920
1671,1671000.000us,3360,5760
1672,1672000.000us,3360,5760
1673,1673000.000us,3440,5760
1674,1674000.000us,3520,5920
1675,1675000.000us,3360,5760
1676,1676000.000us,3440,5840
1677,1677000.000us,3440,5840
1678,1678000.000us,3520,5840
1679,1679000.000us,3360,5760
1680,1680000.000us,3440,5840
1681,1681000.000us,3360,5840
1682,1682000.000us,3440,5840
1683,1683000.000us,3360,5760
1684,1684000.000us,3440,5760
1685,1685000.000us,3440,5760
1686,1686000.000us,3520,5840
1687,1687000.000us,3440,5760
1688,1688000.000us,3520,5840
1689,1689000.000us,3440,5840
1690,1690000.000us,3520,5840
1691,1691000.000us,3360,5760
1692,1692000.000us,3440,5840
1693,1693000.000us,3440,5840
1694,1694000.000us,3440,5840
1695,1695000.000us,3360,5760
1696,1696000.000us,3440,5840
1697,1697000.000us,3440,5760
1698,1698000.000us,3520,5840
1699,1699000.000us,3440,5760
1700,1700000.000us,3440,5760
1701,1701000.000us,3360,5840
1702,1702000.000us,3520,5840
1703,1703000.000us,3360,5760
1704,1704000.000us,3360,5840
1705,1705000.000us,3440,5840
1706,1706000.000us,3520,5840
1707,1707000.000us,3360,5760
1708,1708000.000us,3440,5760
1709,1709000.000us,3440,5840
1710,1710000.000us,3520,5840
1711,1711000.000us,3360,5680
1712,1712000.000us,3360,5840
1713,1713000.000us,3360,5760
1714,1714000.000us,3520,5840
1715,1715000.000us,3360,5760
1716,1716000.000us,3440,5840
1717,1717000.000us,3440,5760
1718,1718000.000us,3520,5840
1719,1719000.000us,3440,5760
1720,1720000.000us,3440,5840
1721,1721000.000us,3520,5840
1722,1722000.000us,3520,5840
1723,1723000.000us,3440,5760
1724,1724000.000us,3440,5840
1725,1725000.000us,3440,5760
1726,1726000.000us,3520,5840
1727,1727000.000us,80,5760
1728,1728000.000us,80,5840
1729,1729000.000us,80,5840
1730,1730000.000us,80,5840
1731,1731000.000us,80,5760
1732,1732000.000us,80,5760
1733,1733000.000us,80,5840
1734,1734000.000us,160,5840
1735,1735000.000us,0,5760
1736,1736000.000us,80,5760
1737,1737000.000us,80,5840
1738,1738000.000us,160,5840
1739,1739000.000us,80,5760
1740,1740000.000us,160,5840
1741,1741000.000us,80,5760
1742,1742000.000us,160,5840
1743,1743000.000us,80,5760
1744,1744000.000us,160,5840
1745,1745000.000us,80,5840
1746,1746000.000us,160,5920
1747,1747000.000us,0,5760
1748,1748000.000us,160,5920
1749,1749000.000us,80,5840
1750,1750000.000us,160,5920
1751,1751000.000us,0,5760
1752,1752000.000us,0,5760
1753,1753000.000us,80,5840
1754,1754000.000us,160,5840
1755,1755000.000us,0,5760
1756,1756000.000us,0,5760
1757,1757000.000us,80,5840
1758,1758000.000us,80,5840
1759,1759000.000us,0,5760
1760,1760000.000us,0,5760
1761,1761000.000us,80,5840
1762,1762000.000us,160,5840
1763,1763000.000us,0,5760
1764,1764000.000us,160,5760
1765,1765000.000us,80,5840
1766,1766000.000us,160,5840
1767,1767000.000us,80,5760
1768,1768000.000us,80,5760
1769,1769000.000us,80,5840
1770,1770000.000us,160,5920
1771,1771000.000us,80,5760
1772,1772000.000us,80,5840
1773,1773000.000us,80,5840
1774,1774000.000us,80,5840
1775,1775000.000us,0,5760
1776,1776000.000us,80,5840
1777,1777000.000us,80,5920
1778,1778000.000us,3440,5920
1779,1779000.000us,0,5840
1780,1780000.000us,3440,5920
1781,1781000.000us,3360,5920
1782,1782000.000us,3520,5920
1783,1783000.000us,3360,5840
1784,1784000.000us,3440,5840
1785,1785000.000us,3440,5760
1786,1786000.000us,3520,5840
1787,1787000.000us,3440,5760
1788,1788000.000us,3440,5840
1789,1789000.000us,3440,5760
1790,1790000.000us,3440,5920
1791,1791000.000us,3440,5760
1792,1792000.000us,3440,5840
1793,1793000.000us,3440,5840
1794,1794000.000us,3520,5920
1795,1795000.000us,3440,5760
1796,1796000.000us,3520,5840
1797,1797000.000us,3520,5840
1798,1798000.000us,3520,5920
1799,1799000.000us,3360,5840
1800,1800000.000us,3440,5840
1801,1801000.000us,3440,5840
1802,1802000.000us,3520,5840
1803,1803000.000us,3360,5840
1804,1804000.000us,3440,5840
1805,1805000.000us,3440,5840
1806,1806000.000us,3520,5920
1807,1807000.000us,3360,5760
1808,1808000.000us,3520,5840
1809,1809000.000us,3440,5920
1810,1810000.000us,3520,5920
1811,1811000.000us,3440,5840
1812,1812000.000us,3440,5840
1813,1813000.000us,3440,5840
1814,1814000.000us,3520,5840
1815,1815000.000us,3440,5760
1816,1816000.000us,3440,5840
1817,1817000.000us,3440,5840
1818,1818000.000us,3520,5920
1819,1819000.000us,3360,5840
1820,1820000.000us,3440,5840
1821,1821000.000us,3440,5840
1822,1822000.000us,3440,5920
1823,1823000.000us,80,5840
1824,1824000.000us,80,5840
1825,1825000.000us,80,5760
1826,1826000.000us,80,5840
1827,1827000.000us,0,5760
1828,1828000.000us,80,5840
1829,1829000.000us,80,5760
1830,1830000.000us,160,6240
1831,1831000.000us,0,5760
1832,1832000.000us,80,6160
1833,1833000.000us,80,6160
1834,1834000.000us,80,6240
1835,1835000.000us,0,6160
1836,1836000.000us,0,6160
1837,1837000.000us,160,6160
1838,1838000.000us,160,6240
1839,1839000.000us,0,6160
1840,1840000.000us,80,6160
1841,1841000.000us,80,6160
1842,1842000.000us,160,6240
1843,1843000.000us,0,6160
1844,1844000.000us,160,6160
1845,1845000.000us,0,6160
1846,1846000.000us,80,6240
1847,1847000.000us,0,6160
1848,1848000.000us,80,6160
1849,1849000.000us,80,6160
1850,1850000.000us,80,6240
1851,1851000.000us,0,6080
1852,1852000.000us,0,6240
1853,1853000.000us,80,6160
1854,1854000.000us,80,6240
1855,1855000.000us,80,6160
1856,1856000.000us,80,6160
1857,1857000.000us,80,6160
1858,1858000.000us,160,6240
1859,1859000.000us,0,6160
1860,1860000.000us,0,6160
1861,1861000.000us,80,6240
1862,1862000.000us,160,6240
1863,1863000.000us,0,6160
1864,1864000.000us,0,6160
1865,1865000.000us,160,6160
1866,1866000.000us,160,6240
1867,1867000.000us,80,6160
1868,1868000.000us,80,6160
1869,1869000.000us,80,6160
1870,1870000.000us,80,6240
1871,1871000.000us,0,6160
1872,1872000.000us,80,6160
1873,1873000.000us,80,6160
1874,1874000.000us,160,6240
1875,1875000.000us,0,6160
1876,1876000.000us,80,6160
1877,1877000.000us,80,6160
1878,1878000.000us,80,6240
1879,1879000.000us,80,6160
1880,1880000.000us,80,6160
1881,1881000.000us,80,6160
1882,1882000.000us,160,6240
1883,1883000.000us,0,6160
1884,1884000.000us,160,6160
1885,1885000.000us,80,6160
1886,1886000.000us,80,6160
1887,1887000.000us,80,6160
1888,1888000.000us,80,6160
1889,1889000.000us,80,6160
1890,1890000.000us,160,6240
1891,1891000.000us,80,6160
1892,1892000.000us,80,6160
1893,1893000.000us,0,6240
1894,1894000.000us,160,6240
1895,1895000.000us,0,6160
1896,1896000.000us,80,6160
1897,1897000.000us,80,6160
1898,1898000.000us,80,6240
1899,1899000.000us,0,6160
1900,1900000.000us,80,6240
1901,1901000.000us,80,6160
1902,1902000.000us,80,6240
1903,1903000.000us,0,6160
1904,1904000.000us,80,6160
1905,1905000.000us,80,6160
1906,1906000.000us,80,6240
1907,1907000.000us,0,6160
1908,1908000.000us,80,6160
1909,1909000.000us,80,6160
1910,1910000.000us,80,6240
1911,1911000.000us,0,6160
1912,1912000.000us,80,6240
1913,1913000.000us,80,6160
1914,1914000.000us,80,6240
1915,1915000.000us,0,6160
1916,1916000.000us,80,6240
1917,1917000.000us,80,6160
1918,1918000.000us,80,6320
1919,1919000.000us,0,6160
1920,1920000.000us,80,6240
1921,1921000.000us,80,6160
1922,1922000.000us,80,6240
1923,1923000.000us,0,6160
1924,1924000.000us,80,6240
1925,1925000.000us,80,6160
1926,1926000.000us,80,6240
1927,1927000.000us,0,6160
1928,1928000.000us,80,6240
1929,1929000.000us,80,6160
1930,1930000.000us,80,6240
1931,1931000.000us,0,6160
1932,1932000.000us,0,6160
1933,1933000.000us,80,6160
1934,1934000.000us,80,6240
1935,1935000.000us,80,6160
1936,1936000.000us,80,6240
1937,1937000.000us,80,6240
1938,1938000.000us,160,6240
1939,1939000.000us,0,6160
1940,1940000.000us,80,6240
1941,1941000.000us,80,6240
1942,1942000.000us,80,6240
1943,1943000.000us,0,6080
1944,1944000.000us,80,6160
1945,1945000.000us,80,6240
1946,1946000.000us,80,6240
1947,1947000.000us,80,6160
1948,1948000.000us,80,6160
1949,1949000.000us,0,6160
1950,1950000.000us,160,6240
1951,1951000.000us,0,6160
1952,1952000.000us,80,6240
1953,1953000.000us,80,6160
1954,1954000.000us,160,6240
1955,1955000.000us,0,6080
1956,1956000.000us,0,6240
1957,1957000.000us,0,6160
1958,1958000.000us,80,6240
1959,1959000.000us,0,6160
1960,1960000.000us,80,6160
1961,1961000.000us,80,6240
1962,1962000.000us,160,6240
1963,1963000.000us,0,6160
1964,1964000.000us,0,6160
1965,1965000.000us,80,6160
1966,1966000.000us,160,6240
1967,1967000.000us,0,6160
1968,1968000.000us,0,6160
1969,1969000.000us,80,6160
1970,1970000.000us,80,6240
1971,1971000.000us,80,6160
1972,1972000.000us,80,6160
1973,1973000.000us,80,6160
1974,1974000.000us,160,6160
1975,1975000.000us,0,6160
1976,1976000.000us,0,6160
1977,1977000.000us,80,6240
1978,1978000.000us,80,6240
1979,1979000.000us,0,6160
1980,1980000.000us,80,6160
1981,1981000.000us,80,6160
1982,1982000.000us,160,6240
1983,1983000.000us,0,6160
1984,1984000.000us,160,6160
1985,1985000.000us,160,6160
1986,1986000.000us,160,6240
1987,1987000.000us,0,6160
1988,1988000.000us,80,6240
1989,1989000.000us,80,6160
1990,1990000.000us,80,6240
1991,1991000.000us,80,6080
1992,1992000.000us,80,6240
1993,1993000.000us,80,6160
1994,1994000.000us,80,6240
1995,1995000.000us,0,6160
1996,1996000.000us,0,6240
1997,1997000.000us,80,6160
1998,1998000.000us,80,6240
1999,1999000.000us,80,6160
2000,2000000.000us,80,6160
2001,2001000.000us,80,6240
2002,2002000.000us,80,6240
2003,2003000.000us,0,6160
2004,2004000.000us,80,6160
2005,2005000.000us,80,6160
2006,2006000.000us,80,6240
2007,2007000.000us,0,6160
2008,2008000.000us,80,6160
2009,2009000.000us,0,6160
2010,2010000.000us,160,6240
2011,2011000.000us,0,6160
2012,2012000.000us,0,6160
2013,2013000.000us,80,6160
2014,2014000.000us,160,6240
2015,2015000.000us,0,6160
2016,2016000.000us,80,6160
2017,2017000.000us,80,6160
2018,2018000.000us,80,6240
2019,2019000.000us,80,6160
2020,2020000.000us,80,6160
2021,2021000.000us,80,6240
2022,2022000.000us,80,6240
2023,2023000.000us,0,6160
2024,2024000.000us,80,6160
2025,2025000.000us,80,6160
2026,2026000.000us,80,6240
2027,2027000.000us,0,6160
2028,2028000.000us,80,6160
2029,2029000.000us,80,6240
2030,2030000.000us,160,6240
2031,2031000.000us,80,6160
2032,2032000.000us,160,6160
2033,2033000.000us,0,6160
2034,2034000.000us,80,6240
2035,2035000.000us,0,6160
2036,2036000.000us,0,6160
2037,2037000.000us,80,6160
2038,2038000.000us,80,6240
2039,2039000.000us,80,6160
2040,2040000.000us,80,6160
2041,2041000.000us,80,6160
2042,2042000.000us,160,6240
2043,2043000.000us,0,6160
2044,2044000.000us,80,6160
2045,2045000.000us,160,6240
2046,2046000.000us,160,6240
2047,2047000.000us,0,6160
2048,2048000.000us,80,6160
2049,2049000.000us,80,6160
2050,2050000.000us,80,6240
2051,2051000.000us,0,6160
2052,2052000.000us,80,6240
2053,2053000.000us,80,6240
2054,2054000.000us,80,6240
2055,2055000.000us,0,6160
2056,2056000.000us,80,6160
2057,2057000.000us,80,6160
2058,2058000.000us,160,6240
2059,2059000.000us,0,6160
2060,2060000.000us,160,6160
2061,2061000.000us,80,6240
2062,2062000.000us,80,6240
2063,2063000.000us,0,6160
2064,2064000.000us,80,6240
2065,2065000.000us,0,6240
2066,2066000.000us,80,6240
2067,2067000.000us,0,6160
2068,2068000.000us,80,6240
2069,2069000.000us,80,6160
2070,2070000.000us,80,6240
2071,2071000.000us,0,6160
2072,2072000.000us,0,6160
2073,2073000.000us,80,6160
2074,2074000.000us,80,6240
2075,2075000.000us,0,6160
2076,2076000.000us,0,6240
2077,2077000.000us,80,6240
2078,2078000.000us,160,6240
2079,2079000.000us,0,6160
2080,2080000.000us,160,6240
2081,2081000.000us,80,6160
2082,2082000.000us,80,6160
2083,2083000.000us,80,6160
2084,2084000.000us,80,6160
2085,2085000.000us,80,6160
2086,2086000.000us,80,6240
2087,2087000.000us,0,6160
2088,2088000.000us,80,6160
2089,2089000.000us,80,6160
2090,2090000.000us,160,6240
2091,2091000.000us,80,6160
2092,2092000.000us,80,6160
2093,2093000.000us,80,6240
2094,2094000.000us,160,6240
2095,2095000.000us,0,6160
2096,2096000.000us,80,6160
2097,2097000.000us,80,6240
2098,2098000.000us,80,6240
2099,2099000.000us,0,6160
2100,2100000.000us,80,6160
2101,2101000.000us,80,6240
2102,2102000.000us,80,6240
2103,2103000.000us,80,6160
2104,2104000.000us,80,6160
2105,2105000.000us,0,6160
2106,2106000.000us,160,6240
2107,2107000.000us,0,6160
2108,2108000.000us,0,6240
2109,2109000.000us,0,6240
2110,2110000.000us,160,6240
2111,2111000.000us,0,6160
2112,2112000.000us,80,6160
2113,2113000.000us,80,6160
2114,2114000.000us,160,6240
2115,2115000.000us,0,6160
2116,2116000.000us,80,6160
2117,2117000.000us,80,6160
2118,2118000.000us,160,6160
2119,2119000.000us,0,6160
2120,2120000.000us,0,6160
2121,2121000.000us,80,6160
2122,2122000.000us,80,6240
2123,2123000.000us,0,6160
2124,2124000.000us,0,6160
2125,2125000.000us,0,6160
2126,2126000.000us,160,6160
2127,2127000.000us,0,5760
2128,2128000.000us,80,5840
2129,2129000.000us,80,5840
2130,2130000.000us,160,5920
2131,2131000.000us,80,5760
2132,2132000.000us,80,5840
2133,2133000.000us,80,5840
2134,2134000.000us,80,5840
2135,2135000.000us,80,5760
2136,2136000.000us,80,5840
2137,2137000.000us,80,5840
2138,2138000.000us,80,5840
2139,2139000.000us,0,5760
2140,2140000.000us,80,5840
2141,2141000.000us,80,5840
2142,2142000.000us,80,5920
2143,2143000.000us,0,5760
2144,2144000.000us,80,5840
2145,2145000.000us,80,5760
2146,2146000.000us,160,5840
2147,2147000.000us,80,5760
2148,2148000.000us,80,5840
2149,2149000.000us,80,5760
2150,2150000.000us,160,5840
2151,2151000.000us,80,5760
2152,2152000.000us,160,5840
2153,2153000.000us,80,5920
2154,2154000.000us,160,5920
2155,2155000.000us,80,5760
2156,2156000.000us,160,5840
2157,2157000.000us,80,5920
2158,2158000.000us,80,5920
2159,2159000.000us,80,5760
2160,2160000.000us,80,5920
2161,2161000.000us,80,5840
2162,2162000.000us,80,5840
2163,2163000.000us,0,5760
2164,2164000.000us,80,5840
2165,2165000.000us,80,5840
2166,2166000.000us,160,5840
2167,2167000.000us,0,5760
2168,2168000.000us,160,5840
2169,2169000.000us,80,5840
2170,2170000.000us,3440,5840
2171,2171000.000us,80,5760
2172,2172000.000us,3440,5840
2173,2173000.000us,3440,5840
2174,2174000.000us,3520,5920
2175,2175000.000us,3360,5760
2176,2176000.000us,3520,5920
2177,2177000.000us,3440,5840
2178,2178000.000us,3520,5840
2179,2179000.000us,3360,5760
2180,2180000.000us,3440,5840
2181,2181000.000us,3440,5840
2182,2182000.000us,3520,5840
2183,2183000.000us,3360,5760
2184,2184000.000us,3440,5840
2185,2185000.000us,3440,5840
2186,2186000.000us,3520,5840
2187,2187000.000us,3440,5760
2188,2188000.000us,3440,5840
2189,2189000.000us,3440,5840
2190,2190000.000us,3520,5840
2191,2191000.000us,3360,5760
2192,2192000.000us,3440,5840
2193,2193000.000us,3440,5840
2194,2194000.000us,3520,5840
2195,2195000.000us,3440,5760
2196,2196000.000us,3440,5760
2197,2197000.000us,3440,5760
2198,2198000.000us,3520,5920
2199,2199000.000us,3440,5760
2200,2200000.000us,3440,5840
2201,2201000.000us,3440,5840
2202,2202000.000us,3520,5840
2203,2203000.000us,3360,5760
2204,2204000.000us,3520,5840
2205,2205000.000us,3440,5840
2206,2206000.000us,3520,5840
2207,2207000.000us,3360,5760
2208,2208000.000us,3520,5840
2209,2209000.000us,3440,5840
2210,2210000.000us,3520,5840
2211,2211000.000us,3440,5760
2212,2212000.000us,3440,5760
2213,2213000.000us,3440,5840
2214,2214000.000us,3520,5840
2215,2215000.000us,3440,5840
2216,2216000.000us,3440,5840
2217,2217000.000us,3440,5760
2218,2218000.000us,3520,5840
2219,2219000.000us,3360,5760
2220,2220000.000us,3520,5840
2221,2221000.000us,3440,5840
2222,2222000.000us,3520,5840
2223,2223000.000us,3360,5760
2224,2224000.000us,3520,5760
2225,2225000.000us,3440,5840
2226,2226000.000us,3520,5840
2227,2227000.000us,3440,5760
2228,2228000.000us,3440,5840
2229,2229000.000us,3440,5840
2230,2230000.000us,3440,5840
2231,2231000.000us,3440,5760
2232,2232000.000us,3440,5840
2233,2233000.000us,3440,5840
2234,2234000.000us,3520,5920
2235,2235000.000us,3360,5760
2236,2236000.000us,3440,5840
2237,2237000.000us,3440,5760
2238,2238000.000us,3520,5840
2239,2239000.000us,3360,5760
2240,2240000.000us,3360,5840
2241,2241000.000us,3440,5760
2242,2242000.000us,3520,5840
2243,2243000.000us,3440,5760
2244,2244000.000us,3440,5840
2245,2245000.000us,3360,5840
2246,2246000.000us,3520,5840
2247,2247000.000us,3360,5760
2248,2248000.000us,3440,5760
2249,2249000.000us,3440,5840
2250,2250000.000us,3520,5840
2251,2251000.000us,3440,5760
2252,2252000.000us,3520,5840
2253,2253000.000us,3360,5840
2254,2254000.000us,3440,5840
2255,2255000.000us,3360,5760
2256,2256000.000us,3440,5760
2257,2257000.000us,3440,5840
2258,2258000.000us,3520,5840
2259,2259000.000us,3440,5760
2260,2260000.000us,3440,5760
2261,2261000.000us,3440,5840
2262,2262000.000us,3520,5840
2263,2263000.000us,3440,5760
2264,2264000.000us,3440,5840
2265,2265000.000us,3440,5840
2266,2266000.000us,3520,5920
2267,2267000.000us,3360,5760
2268,2268000.000us,3440,5920
2269,2269000.000us,3520,5840
2270,2270000.000us,3520,5840
2271,2271000.000us,3360,5760
2272,2272000.000us,3440,5840
2273,2273000.000us,3440,5760
2274,2274000.000us,3520,5840
2275,2275000.000us,3360,5760
2276,2276000.000us,3520,5840
2277,2277000.000us,3440,5840
2278,2278000.000us,3440,5840
2279,2279000.000us,3440,5760
2280,2280000.000us,3440,5760
2281,2281000.000us,3440,5840
2282,2282000.000us,3520,5840
2283,2283000.000us,3440,5760
2284,2284000.000us,3520,5760
2285,2285000.000us,3440,5840
2286,2286000.000us,3440,5920
2287,2287000.000us,3360,5840
2288,2288000.000us,3440,5840
2289,2289000.000us,3440,5840
2290,2290000.000us,3520,5840
2291,2291000.000us,3440,5760
2292,2292000.000us,3520,5840
2293,2293000.000us,3440,5760
2294,2294000.000us,3520,5840
2295,2295000.000us,3440,5760
2296,2296000.000us,3440,5840
2297,2297000.000us,3440,5840
2298,2298000.000us,3440,5840
2299,2299000.000us,3440,5840
2300,2300000.000us,3440,5840
2301,2301000.000us,3440,5920
2302,2302000.000us,3520,5920
2303,2303000.000us,3360,5760
2304,2304000.000us,3520,5760
2305,2305000.000us,3440,5840
2306,2306000.000us,3520,5840
2307,2307000.000us,3440,5760
2308,2308000.000us,3520,5840
2309,2309000.000us,3440,5840
2310,2310000.000us,3440,5920
2311,2311000.000us,3360,5760
2312,2312000.000us,3360,5840
2313,2313000.000us,3440,5840
2314,2314000.000us,3520,5840
2315,2315000.000us,3360,5760
2316,2316000.000us,3440,5760
2317,2317000.000us,3520,5840
2318,2318000.000us,3520,5840
2319,2319000.000us,3440,5760
2320,2320000.000us,3440,5840
2321,2321000.000us,3440,5840
2322,2322000.000us,3520,5840
2323,2323000.000us,3360,5760
2324,2324000.000us,3440,5840
2325,2325000.000us,3360,5840
2326,2326000.000us,3520,5840
2327,2327000.000us,3360,5760
2328,2328000.000us,3520,5840
2329,2329000.000us,3440,5840
2330,2330000.000us,3440,5840
2331,2331000.000us,3440,5760
2332,2332000.000us,3440,5840
2333,2333000.000us,3440,5760
2334,2334000.000us,3520,5840
2335,2335000.000us,3360,5760
2336,2336000.000us,3440,5760
2337,2337000.000us,3440,5840
2338,2338000.000us,3520,5920
2339,2339000.000us,3360,5760
2340,2340000.000us,3440,5840
2341,2341000.000us,3360,5760
2342,2342000.000us,3440,5840
2343,2343000.000us,3360,5760
2344,2344000.000us,3440,5760
2345,2345000.000us,3440,5680
2346,2346000.000us,3520,5840
2347,2347000.000us,3360,5680
2348,2348000.000us,3520,5760
2349,2349000.000us,3440,5760
2350,2350000.000us,3440,5840
2351,2351000.000us,3360,5760
2352,2352000.000us,3360,5840
2353,2353000.000us,3440,5840
2354,2354000.000us,3520,5840
2355,2355000.000us,3360,5760
2356,2356000.000us,3440,5760
2357,2357000.000us,3520,5840
2358,2358000.000us,3520,5840
2359,2359000.000us,3360,5760
2360,2360000.000us,3440,5840
2361,2361000.000us,3520,5760
2362,2362000.000us,3520,5840
2363,2363000.000us,3360,5760
2364,2364000.000us,3440,5760
2365,2365000.000us,3440,5760
2366,2366000.000us,3520,5840
2367,2367000.000us,3360,5760
2368,2368000.000us,3440,5840
2369,2369000.000us,3440,5840
2370,2370000.000us,3520,5840
2371,2371000.000us,3360,5760
2372,2372000.000us,3440,5760
2373,2373000.000us,3440,5840
2374,2374000.000us,3520,5840
2375,2375000.000us,3360,5760
2376,2376000.000us,3440,5760
2377,2377000.000us,3440,5840
2378,2378000.000us,3440,5840
2379,2379000.000us,3360,5760
2380,2380000.000us,3440,5760
2381,2381000.000us,3440,5760
2382,2382000.000us,3520,5920
2383,2383000.000us,3440,5760
2384,2384000.000us,3440,5840
2385,2385000.000us,3440,5760
2386,2386000.000us,3520,5840
2387,2387000.000us,3440,5760
2388,2388000.000us,3440,5840
2389,2389000.000us,3520,5840
2390,2390000.000us,3520,5840
2391,2391000.000us,3440,5760
2392,2392000.000us,3440,5840
2393,2393000.000us,3440,5760
2394,2394000.000us,3520,5920
2395,2395000.000us,3360,5760
2396,2396000.000us,3440,5760
2397,2397000.000us,3440,5840
2398,2398000.000us,3440,5840
2399,2399000.000us,3360,5760
2400,2400000.000us,3440,5840
2401,2401000.000us,3440,5840
2402,2402000.000us,3520,5840
2403,2403000.000us,3360,5760
2404,2404000.000us,3520,5840
2405,2405000.000us,3440,5760
2406,2406000.000us,3520,5840
2407,2407000.000us,3360,5760
2408,2408000.000us,3440,5760
2409,2409000.000us,3440,5840
2410,2410000.000us,3440,5840
2411,2411000.000us,3440,5760
2412,2412000.000us,3440,5840
2413,2413000.000us,3440,5840
2414,2414000.000us,3520,5840
2415,2415000.000us,3440,5760
2416,2416000.000us,3440,5840
2417,2417000.000us,3520,5840
2418,2418000.000us,3520,5840
2419,2419000.000us,3440,5760
2420,2420000.000us,3440,5840
2421,2421000.000us,3440,5840
2422,2422000.000us,3520,5840
2423,2423000.000us,3360,5760
2424,2424000.000us,3440,5760
2425,2425000.000us,3440,5840
2426,2426000.000us,3520,5840
2427,2427000.000us,3440,5760
2428,2428000.000us,3440,5840
2429,2429000.000us,3440,5840
2430,2430000.000us,3520,5840
2431,2431000.000us,80,5760
2432,2432000.000us,80,5840
2433,2433000.000us,80,5840
2434,2434000.000us,80,5840
2435,2435000.000us,0,5760
2436,2436000.000us,80,5840
2437,2437000.000us,80,5760
2438,2438000.000us,160,5840
2439,2439000.000us,0,5760
2440,2440000.000us,80,5840
2441,2441000.000us,0,5840
2442,2442000.000us,80,5920
2443,2443000.000us,0,5840
2444,2444000.000us,80,5840
2445,2445000.000us,80,5840
2446,2446000.000us,80,5920
2447,2447000.000us,0,5760
2448,2448000.000us,80,5760
2449,2449000.000us,80,5840
2450,2450000.000us,160,5840
2451,2451000.000us,0,5760
2452,2452000.000us,80,5840
2453,2453000.000us,80,5840
2454,2454000.000us,160,5840
2455,2455000.000us,0,5760
2456,2456000.000us,0,5840
2457,2457000.000us,0,5840
2458,2458000.000us,80,5840
2459,2459000.000us,0,5760
2460,2460000.000us,80,5760
2461,2461000.000us,80,5840
2462,2462000.000us,160,5840
2463,2463000.000us,0,5760
2464,2464000.000us,80,5840
2465,2465000.000us,80,5840
2466,2466000.000us,160,5840
2467,2467000.000us,0,5760
2468,2468000.000us,80,5840
2469,2469000.000us,0,5760
2470,2470000.000us,80,5840
2471,2471000.000us,0,5760
2472,2472000.000us,80,5840
2473,2473000.000us,80,5840
2474,2474000.000us,80,5840
2475,2475000.000us,0,5760
2476,2476000.000us,0,5840
2477,2477000.000us,0,5760
2478,2478000.000us,80,5840
2479,2479000.000us,0,5760
2480,2480000.000us,80,5840
2481,2481000.000us,80,5840
2482,2482000.000us,3520,5840
2483,2483000.000us,0,5760
2484,2484000.000us,3440,5760
2485,2485000.000us,3440,5840
2486,2486000.000us,3520,5920
2487,2487000.000us,3360,5760
2488,2488000.000us,3440,5920
2489,2489000.000us,3440,5840
2490,2490000.000us,3520,5920
2491,2491000.000us,3440,5760
2492,2492000.000us,3440,5840
2493,2493000.000us,3520,5840
2494,2494000.000us,3520,5840
2495,2495000.000us,3360,5760
2496,2496000.000us,3440,5760
2497,2497000.000us,3440,5840
2498,2498000.000us,3520,5840
2499,2499000.000us,3360,5840
2500,2500000.000us,3520,5840
2501,2501000.000us,3360,5840
2502,2502000.000us,3520,5920
2503,2503000.000us,3360,5840
2504,2504000.000us,3440,5840
2505,2505000.000us,3360,5760
2506,2506000.000us,3520,5840
2507,2507000.000us,3360,5760
2508,2508000.000us,3360,5760
2509,2509000.000us,3440,5840
2510,2510000.000us,3520,5840
2511,2511000.000us,3360,5760
2512,2512000.000us,3520,5840
2513,2513000.000us,3520,5840
2514,2514000.000us,3520,5920
2515,2515000.000us,3360,5760
2516,2516000.000us,3440,5760
2517,2517000.000us,3440,5840
2518,2518000.000us,3520,5840
2519,2519000.000us,3360,5760
2520,2520000.000us,3440,5840
2521,2521000.000us,3440,5840
2522,2522000.000us,3520,5920
2523,2523000.000us,80,5760
2524,2524000.000us,80,5920
2525,2525000.000us,80,5840
2526,2526000.000us,160,5840
2527,2527000.000us,0,5840
2528,2528000.000us,80,5840
2529,2529000.000us,80,5840
2530,2530000.000us,160,7520
2531,2531000.000us,0,5760
2532,2532000.000us,0,6160
2533,2533000.000us,80,6160
2534,2534000.000us,160,6240
2535,2535000.000us,0,6160
2536,2536000.000us,160,6240
2537,2537000.000us,0,6160
2538,2538000.000us,80,6240
2539,2539000.000us,0,6160
2540,2540000.000us,80,6160
2541,2541000.000us,80,6160
2542,2542000.000us,80,6240
2543,2543000.000us,0,6160
2544,2544000.000us,80,6160
2545,2545000.000us,0,6160
2546,2546000.000us,160,6240
2547,2547000.000us,0,6160
2548,2548000.000us,0,6160
2549,2549000.000us,80,6160
2550,2550000.000us,80,6240
2551,2551000.000us,0,6160
2552,2552000.000us,80,6160
2553,2553000.000us,80,6160
2554,2554000.000us,160,6240
2555,2555000.000us,0,6160
2556,2556000.000us,80,6160
2557,2557000.000us,80,6160
2558,2558000.000us,160,6160
2559,2559000.000us,0,6160
2560,2560000.000us,80,6160
2561,2561000.000us,80,6240
2562,2562000.000us,160,6240
2563,2563000.000us,0,6160
2564,2564000.000us,160,6160
2565,2565000.000us,80,6240
2566,2566000.000us,160,6240
2567,2567000.000us,80,6160
2568,2568000.000us,160,6160
2569,2569000.000us,80,6240
2570,2570000.000us,80,6240
2571,2571000.000us,0,6160
2572,2572000.000us,80,6160
2573,2573000.000us,80,6160
2574,2574000.000us,160,6240
2575,2575000.000us,0,6160
2576,2576000.000us,80,6240
2577,2577000.000us,80,6160
2578,2578000.000us,80,6240
2579,2579000.000us,0,6160
2580,2580000.000us,80,6240
2581,2581000.000us,80,6240
2582,2582000.000us,80,6240
2583,2583000.000us,80,6160
2584,2584000.000us,80,6160
2585,2585000.000us,80,6160
2586,2586000.000us,80,6240
2587,2587000.000us,0,6160
2588,2588000.000us,80,6240
2589,2589000.000us,80,6160
2590,2590000.000us,160,6240
2591,2591000.000us,0,6160
2592,2592000.000us,80,6240
2593,2593000.000us,80,6240
2594,2594000.000us,160,6240
2595,2595000.000us,0,6160
2596,2596000.000us,80,6160
2597,2597000.000us,0,6160
2598,2598000.000us,160,6240
2599,2599000.000us,0,6160
2600,2600000.000us,80,6240
2601,2601000.000us,80,6240
2602,2602000.000us,80,6240
2603,2603000.000us,0,6080
2604,2604000.000us,0,6160
2605,2605000.000us,0,6080
2606,2606000.000us,160,6240
2607,2607000.000us,0,6080
2608,2608000.000us,80,6240
2609,2609000.000us,80,6160
2610,2610000.000us,160,6160
2611,2611000.000us,80,6160
2612,2612000.000us,80,6160
2613,2613000.000us,80,6160
2614,2614000.000us,160,6240
2615,2615000.000us,80,6160
2616,2616000.000us,80,6160
2617,2617000.000us,80,6160
2618,2618000.000us,80,6240
2619,2619000.000us,0,6160
2620,2620000.000us,0,6240
2621,2621000.000us,80,6240
2622,2622000.000us,80,6240
2623,2623000.000us,0,6080
2624,2624000.000us,0,6160
2625,2625000.000us,80,6160
2626,2626000.000us,160,6240
2627,2627000.000us,80,6160
2628,2628000.000us,80,6160
2629,2629000.000us,80,6160
2630,2630000.000us,160,6240
2631,2631000.000us,80,6160
2632,2632000.000us,80,6160
2633,2633000.000us,80,6160
2634,2634000.000us,160,6240
2635,2635000.000us,0,6080
2636,2636000.000us,0,6160
2637,2637000.000us,80,6160
2638,2638000.000us,80,6240
2639,2639000.000us,80,6160
2640,2640000.000us,80,6160
2641,2641000.000us,80,6160
2642,2642000.000us,80,6240
2643,2643000.000us,0,6160
2644,2644000.000us,80,6160
2645,2645000.000us,80,6160
2646,2646000.000us,160,6240
2647,2647000.000us,0,6160
2648,2648000.000us,0,6160
2649,2649000.000us,80,6080
2650,2650000.000us,80,6160
2651,2651000.000us,80,6080
2652,2652000.000us,80,6160
2653,2653000.000us,80,6240
2654,2654000.000us,160,6240
2655,2655000.000us,80,6160
2656,2656000.000us,80,6160
2657,2657000.000us,80,6160
2658,2658000.000us,160,6240
2659,2659000.000us,80,6160
2660,2660000.000us,80,6160
2661,2661000.000us,80,6160
2662,2662000.000us,80,6240
2663,2663000.000us,80,6160
2664,2664000.000us,80,6160
2665,2665000.000us,80,6160
2666,2666000.000us,80,6240
2667,2667000.000us,80,6160
2668,2668000.000us,80,6160
2669,2669000.000us,80,6160
2670,2670000.000us,80,6240
2671,2671000.000us,0,6160
2672,2672000.000us,80,6160
2673,2673000.000us,80,6160
2674,2674000.000us,80,6240
2675,2675000.000us,0,6080
2676,2676000.000us,80,6240
2677,2677000.000us,80,6160
2678,2678000.000us,80,6240
2679,2679000.000us,0,6160
2680,2680000.000us,80,6160
2681,2681000.000us,80,6240
2682,2682000.000us,160,6240
2683,2683000.000us,80,6080
2684,2684000.000us,80,6160
2685,2685000.000us,80,6160
2686,2686000.000us,160,6240
2687,2687000.000us,0,6160
2688,2688000.000us,80,6160
2689,2689000.000us,80,6160
2690,2690000.000us,160,6240
2691,2691000.000us,80,6160
2692,2692000.000us,160,6240
2693,2693000.000us,0,6160
2694,2694000.000us,160,6240
2695,2695000.000us,0,6160
2696,2696000.000us,80,6240
2697,2697000.000us,80,6160
2698,2698000.000us,160,6240
2699,2699000.000us,80,6160
2700,2700000.000us,160,6160
2701,2701000.000us,80,6160
2702,2702000.000us,80,6240
2703,2703000.000us,0,6160
2704,2704000.000us,0,6160
2705,2705000.000us,80,6320
2706,2706000.000us,160,6320
2707,2707000.000us,0,6160
2708,2708000.000us,160,6240
2709,2709000.000us,80,6240
2710,2710000.000us,80,6240
2711,2711000.000us,0,6160
2712,2712000.000us,80,6240
2713,2713000.000us,80,6160
2714,2714000.000us,160,6240
2715,2715000.000us,0,6160
2716,2716000.000us,80,6240
2717,2717000.000us,80,6160
2718,2718000.000us,160,6240
2719,2719000.000us,0,6160
2720,2720000.000us,80,6240
2721,2721000.000us,160,6160
2722,2722000.000us,160,6240
2723,2723000.000us,0,6160
2724,2724000.000us,80,6160
2725,2725000.000us,0,6160
2726,2726000.000us,80,6240
2727,2727000.000us,0,6160
2728,2728000.000us,80,6160
2729,2729000.000us,80,6240
2730,2730000.000us,80,6240
2731,2731000.000us,80,6160
2732,2732000.000us,80,6240
2733,2733000.000us,80,6160
2734,2734000.000us,80,6240
2735,2735000.000us,0,6160
2736,2736000.000us,80,6160
2737,2737000.000us,80,6240
2738,2738000.000us,80,6240
2739,2739000.000us,80,6160
2740,2740000.000us,80,6160
2741,2741000.000us,80,6160
2742,2742000.000us,160,6240
2743,2743000.000us,80,6160
2744,2744000.000us,80,6160
2745,2745000.000us,0,6160
2746,2746000.000us,160,6240
2747,2747000.000us,0,6160
2748,2748000.000us,80,6160
2749,2749000.000us,80,6160
2750,2750000.000us,80,6240
2751,2751000.000us,0,6160
2752,2752000.000us,0,6160
2753,2753000.000us,160,6240
2754,2754000.000us,160,6240
2755,2755000.000us,80,6160
2756,2756000.000us,80,6160
2757,2757000.000us,80,6160
2758,2758000.000us,160,6240
2759,2759000.000us,0,6160
2760,2760000.000us,80,6160
2761,2761000.000us,80,6080
2762,2762000.000us,160,6240
2763,2763000.000us,80,6080
2764,2764000.000us,80,6160
2765,2765000.000us,80,6160
2766,2766000.000us,80,6240
2767,2767000.000us,0,6160
2768,2768000.000us,0,6160
2769,2769000.000us,0,6160
2770,2770000.000us,80,6240
2771,2771000.000us,0,6160
2772,2772000.000us,80,6240
2773,2773000.000us,80,6240
2774,2774000.000us,160,6240
2775,2775000.000us,0,6160
2776,2776000.000us,80,6160
2777,2777000.000us,0,6240
2778,2778000.000us,80,6240
2779,2779000.000us,0,6160
2780,2780000.000us,80,6160
2781,2781000.000us,80,6160
2782,2782000.000us,160,6240
2783,2783000.000us,0,6160
2784,2784000.000us,0,6160
2785,2785000.000us,80,6160
2786,2786000.000us,80,6240
2787,2787000.000us,80,6160
2788,2788000.000us,80,6160
2789,2789000.000us,80,6240
2790,2790000.000us,80,6240
2791,2791000.000us,0,6160
2792,2792000.000us,80,6160
2793,2793000.000us,80,6160
2794,2794000.000us,160,6240
2795,2795000.000us,0,6160
2796,2796000.000us,80,6160
2797,2797000.000us,80,6160
2798,2798000.000us,160,6240
2799,2799000.000us,80,6160
2800,2800000.000us,80,6160
2801,2801000.000us,80,6160
2802,2802000.000us,160,6240
2803,2803000.000us,80,6080
2804,2804000.000us,160,6160
2805,2805000.000us,80,6160
2806,2806000.000us,80,6240
2807,2807000.000us,0,6160
2808,2808000.000us,80,6160
2809,2809000.000us,160,6160
2810,2810000.000us,160,6240
2811,2811000.000us,80,6160
2812,2812000.000us,80,6240
2813,2813000.000us,80,6080
2814,2814000.000us,160,6320
2815,2815000.000us,0,6080
2816,2816000.000us,80,6160
2817,2817000.000us,80,6160
2818,2818000.000us,80,6240
2819,2819000.000us,0,6160
2820,2820000.000us,0,6160
2821,2821000.000us,80,6160
2822,2822000.000us,80,6240
2823,2823000.000us,0,6160
2824,2824000.000us,0,6160
2825,2825000.000us,80,6160
2826,2826000.000us,80,6160
2827,2827000.000us,-80,-80
2828,2828000.000us,-80,-80
